text,intent
why does my recent transactions list stop at last thursday when i definitely paid for textbooks on monday,latest_transactions
Cancel my Harbourline Insurance direct debit.,direct_debit
"Got a notice from Southgate Energy saying $214.60 is due by Friday, how do I settle that from my everyday account?",pay_bill
hi um so I'm heading to Bali for a semester exchange in February and I just want to make sure my card will still work over there please,abroad
My new card hasnt arived yet.,card_issues
need to update my address please,address
okay so ive got about four hundred dollars cash from selling my old bike and i want to put it into my checking account,cash_deposit
"I need to transfer $38,500 to the car dealersip today for our new family wagon, is there a cap on how much I can send in one go?",high_value_payment
hi there um i run a little cafe in fremantle and i just wanted to check the balance on the business account please ive got a supplier coming this arvo and i want to make sure theres enough in there,balance
My husband and I have both just retired and we'd like to combine our savings into one account we can both access. Could you tell me what we need to bring in to open a joint account together? We're both existing customers.,joint_account
"Look, I'm literally stood at a cash machine in Prague and it keeps declining my card even though I told you I was going abroad.",abroad
"Where on earth do I go to pay my Kestrel Mobile phone bill, I've been searching the app for ages.",pay_bill
"Okay so uh I've been trying to wire twenty-two thousand dollars to my contractor for the kitchen remodel and it keeps getting held, why is that?",high_value_payment
"Yes hello, I'd just like to go through the last few payments that came out of my acount this week if thats alright.",latest_transactions
mate i need to see what came out of the business account over the last fortnight cos somethings not adding up,latest_transactions
"So we're putting down a deposit on a unit in Noosa, about ninety-five thousand dollars, and I need to know how to transfer that much safely.",high_value_payment
"Right, I've been waiting two weeks for my business partner to be added to the joint acount and nobodys got back to me.",joint_account
"Er yeah, just wondering what the daily withdrawl limit is on my debit card for cash machines.",atm_limit
Why's my old address still showing?!,address
my debit card snapped in half in my wallet so ill need a replacement sent out,card_issues
um the app wont open,app_error
i need to cancel the uh autopay for my storage unit before it hits tomorrow cause i already moved everything out,direct_debit
Would you mind helping me find my recent card purchases? I'm trying to budget for the semester and want to see everything I spent at the uni bookshop and cafes last week. Thanks heaps!,latest_transactions
how much cash am i allowed to withdraw from an atm each day with my card,atm_limit
Please put a temporary freeze on my debit card while I figure out whether I just misplaced it at home.,freeze
need a business loan asap,business_loan
went to the machine at the shops to get out 1500 for the grandkids birthday presents and it only let me take 1000 is there a way to get that raised just for this week,atm_limit
"Uh, what's my ATM limit?",atm_limit
I got an email saying a payment went through on my card yesterday but I don't remember buying anything. Can I see a list of the last ten transactions on my account? I want to check before I panic.,latest_transactions
"Looking to borrow around $25k to buy new camera gear for my photogrphy business, what are my optoins?",business_loan
"The cash machine stopped me at $800 today even tho I had plenty in the acount, can I bump that up?",atm_limit
"Now listen, my son says there's money coming out that I never spent. I want somebody to read me back everything that's gone out since the first of the month, one by one.",latest_transactions
the kids have been saving their pocket money in a jar all year and its come to about 140 quid in coins and notes how do i get that into their savings account do i have to bring it into a branch,cash_deposit
I asked for my card to be blocked yesterdy after my wallet got swiped at the airport and its STILL active??,freeze
Im opening a small bakery next month and need a business loan aproved before the lease signing on the 15th.,business_loan
hey there im a uni student and ive started a small online clothing label with a mate were doing ok but need around 15000 to order more stock could you let me know if you offer business loans to people my age and what the requirements are,business_loan
"G'day, sorry, I'm after the last week of transactions on the business account so I can reconcile everything for my bookkeeper.",latest_transactions
okay so I really need my wife added as a joint owner on my checking acount today cuz daycare is due tomorow,joint_account
"Travel notice for Itlay please, thanks.",abroad
"Why does it take three days for my bill payment to Pinecrest Water to process, I need it paid by Wednsday.",pay_bill
my social security check came in on the 3rd and im trying to work out where it all went this month can you show me what has come out of my account since then,latest_transactions
"Card's expired, need a new one.",card_issues
"Hi yes, so I just moved from Denver to a new apartment over in Boise and um I want to make sure my statments and any new cards get sent to the right place. Could we sort that out?",address
My partner and I are going to be backpacking around South America for six months and um we want to set up a joint account so we can both pull from the same pot of money. What do we need to do to get that started over the phone?,joint_account
"Three weeks now and the replacement you promised to post still hasn't come through my letterbox, I can't pay for anything in the shops.",card_issues
im on a work trip in perth and ive been trying all morning to transfer 60000 for the settlement on our new house and it keeps getting rejected for being over the daily amount this has to happen by thursday or we lose it,high_value_payment
"Um hi, sorry, my card keeps getting declined at the campus store and I don't know why, could someone take a look?",card_issues
"Depositing takings, which branch accepts coins?",cash_deposit
"Good afternoon. My late sister left me some money in an envelope, around £600 in notes, and I'd like it to go into my savings acount. Is it alright to bring it to the branch on the hight street?",cash_deposit
We're expecting our first baby in April and my husband and I want to merge our finances. Could you walk me through opening a joint acount and whether we both need to come in? Thnaks!,joint_account
"how much have I actually got sitting in my savings right now, sorry, just roughly",balance
Balance on my checking pls,balance
how much have i got left in my everyday account till payday,balance
Could you tell me my current acount balance? Payday's not till the 28th and I'm a bit worried.,balance
okay I'm literally at the register right now I need to know what's in my account before I swipe like right now,balance
"I've been on hold twenty minutes just to find out my balance, can somebody please just read me the number",balance
"Oh good morning, I'm ringing to find out the balance on my pension account, I've not had a letter from you in a while.",balance
What's the available balance on the business account as of this morning? Running payroll at noon.,balance
available balance savings acct?,balance
Your app has logged me out four times today and now it says 'Error 503' when I try to sign back in. Sort it out please.,app_error
so the website keeps telling me my session's expired every time I click on anything and I literally just logged in,app_error
app crashes the second i open it since the update,app_error
"keep getting ""somthing went wrong"" when I try to log in on my phone, already tried reinstalling",app_error
um I'm not very good with these things but the banking program on my tablet just shows a white screen and won't let me in,app_error
locked out of online banking and I've got a payment due in like an hour please help,app_error
Face ID login broken again,app_error
the apps just stuck on the uh loading circle forever doesnt matter if im on wifi or data,app_error
"Every time I tap Transfer on my phone the screen freezes and I have to force close it, is there a known problem at the moment?",app_error
freeze my card right now I just saw a nine hundred dollar charge from some website I've never even heard of,freeze
right so good news i found my card in my coat pocket can we unlock it again,freeze
"Pls block my debit card temporarly, think I left it in a taxi last night",freeze
My son's been using my card without asking. Stop it working until I've sorted this out with him.,freeze
I unblocked my card in the app like three hours ago and it's still getting declined what is going on,freeze
Unfreeze card please,freeze
Would it be possible to put a hold on my savings account while I'm in hospital for the next month? I don't want anything going in or out.,freeze
I think somebody rang pretending to be from the bank and I gave them some numbers so I want everything locked down straight away,freeze
right I need to set up a direct debit for my council tax it's £142 a month starting from the 1st,direct_debit
how do i turn on autopay for my car payment so it comes out on the 15th every month,direct_debit
the gym's still taking money every month even though I cancelled my membership back in June so I want that direct debit stopped today,direct_debit
Bluegum Power want to pull what I owe straight from my account each quarter. How do I authorise that?,direct_debit
Change the date my rent direct debit comes out to the 3rd insted of the 28th?,direct_debit
so basically I've opened a new account and I'd like the monthly payment for my health insurance to come out of that one instead,direct_debit
Cancel Tidewater Gas direct debit,direct_debit
Every month I forget the daycare fee. Is there a way to have it just go out on its own on the 1st?,direct_debit
"so I need to pay off my Clearline credit card bill before Tuesday, it's twelve hundred and forty dollars",pay_bill
i want to pay my electric bill uh its like eighty seven bucks and its due today,pay_bill
How do I pay my water bil? Riverside Water gave me reference RW-4471-8820.,pay_bill
"The council rates notice came in the post, $612. How do I get that money to them through you?",pay_bill
pay phone bill $64,pay_bill
"right so I've got an invoice from the accountant for £850 that needs paying today, can I do that from the business account",pay_bill
"Late fee AGAIN on my internet bill. I want to pay the $79.99 right now, where do I do it?",pay_bill
"Off to Japan 3-17 March, please note it on my account so my card doesn't get blocked.",abroad
hang on I'm in Cancun and every single restaurant is declining my card like this is ridiculous,abroad
Why was I charged a £2.99 foriegn transaction fee on a coffee in Paris?,abroad
Will I get stung with extra charges if I use my debit card in Bangkok?,abroad
"Good morning, my wife and I are going on a cruise round the Greek islands next month and I wanted to let you know so nothing gets stopped.",abroad
can i use my card at cash machines in canada or do i need to tell you first,abroad
Travelling to Fiji Friday,abroad
"Chip on my card's worn out, it only works if I tap now.",card_issues
i think my card got nicked at the footy last night um my wallets gone the whole thing,card_issues
My card says expired 09/26 but I never got the new one in the mial,card_issues
The machine outside the post office kept my bank card and never gave it back.,card_issues
card demagnetised again ugh,card_issues
"Changed my mobile number last week, how do I get it updated on my account?",address
basically ive moved house so i need the address changed on all my accounts,address
updated my email adress but you're still sending stuff to the old one?,address
I'm moving in with my daughter in Tucson next month. How do I make sure your letters come to her place instead?,address
change email on file,address
so we've relocated the shop to new premises on Grafton Street and I need the business account details pointing there now,address
please I need my phone number updated asap the old one's disconnected and I can't get the security codes,address
"so uh where's the nearest ATM I can feed cash into, I've got like three hundred forty bucks from a garage sale",cash_deposit
um so I've got about two grand in notes from the market stall and I need to pay it in today before you shut,cash_deposit
Can I put cash in at the post office or do i have to go to a brnach?,cash_deposit
is there a max on how much cash i can deposit over the counter in one go,cash_deposit
"Tips from my bartending shifts are piling up in a shoebox, about $1,100. What's the easiest way to get them into my checking?",cash_deposit
uh depositing some cash today,cash_deposit
I need to send £45k to my solicitor for completion on Friday. What's the safest way?,high_value_payment
so we're buying a used truck off a private seller it's thirty one thousand and he wants a bank transfer today how do I do that,high_value_payment
Is there a maximum on transfers? Need to pay $120k to the bilder for stage two.,high_value_payment
"My daughter's wedding venue wants the full £18,500 in one go by Monday, will that go through from my savings without a problem?",high_value_payment
need to move 75000 to my conveyancer today for the house,high_value_payment
honestly this is the third time I've called I just need the fifty thousand to go to the escrow company before closing tomorrow,high_value_payment
Can my brother be added to my savings so we can both manage Mum's care costs?,joint_account
how do we close our joint account now that weve separated,joint_account
me and my flatmate want um one account in both our names for rent and groceries is that something you do,joint_account
Who needs to sign if I want to remove my ex from our joint checking accnt?,joint_account
Open joint account with partner,joint_account
What's the most I can pull out of a cashpoint per day?,atm_limit
i need like two thousand cash for my contractor today can you bump up my withdrawal limit just for today,atm_limit
"Lower my daily ATM withdrwal limit to $200 please, I keep overspending.",atm_limit
Is the $500 daily cash withdrawal cap per card or per account?,atm_limit
"Hiya, um, I'm off to a car boot sale Saturday and I'll want about £600 in cash, is that more than the machine will let me take out?",atm_limit
"What interest rate would I get on a $50,000 loan to expand my food truck business?",business_loan
i run a landscaping business and uh im looking at a loan for a new ute and some mowers,business_loan
We've outgrown our workshop in Leeds and need about £80k of funding to fit out a bigger unit. What can you offer?,business_loan
How long does a buisness loan aplication usually take?,business_loan
small business loan rates?,business_loan
look I've sent every document you asked for on my business loan three times and I still don't have a decision,business_loan
last 5 transactions pls,latest_transactions
"um I just want to know what's gone out of my account since Monday, I think Brightmart might've charged me twice",latest_transactions
"Heading to Portugal on the 14th for two weeks, do I need to tell you anything before I go?",abroad
my card got declined at a petrol station in france this morning and i have no other way to pay,abroad
Is there a fee for using my debit card overseas or is it free?,abroad
Going to visit family in Manila over Christmas. Will my Visa work there without me calling first?,abroad
"uh so I'm in Rome right now and the cash machine just said transaction not permitted, um, what do I do",abroad
How much do you charge when I take cash out of an ATM in Mexico?,abroad
Just landed in Auckland and none of my tap payments are going through.,abroad
"Please add a travel note: Spain and Morocco, 2 June to 19 June.",abroad
what exchange rate do you use when i pay in euros on my card,abroad
"sorry, quick one, if I'm working in Dubai for three months can I still use this account normally",abroad
"I was charged three separate foreign fees for one hotel booking in Vienna, can someone explain?",abroad
card not working in Thailand HELP,abroad
"Studying in Berlin from September, will my US debit card work there or should I open something local?",abroad
"right so I'm at the airport in Singapore and my card got rejected buying a sandwich, it worked fine yesterday at home",abroad
Do I need to notify you if I'm only going to Canada for a weekend?,abroad
"Merchant in Bali charged me in AUD instead of rupiah and the rate was awful, is that on your end?",abroad
"Got a text saying suspicious activity in Croatia but that's me, I'm on holiday here. Can you let my card work again?",abroad
Whats the cheapest way to get cash out while im in Vietnam for a month?,abroad
um hi I'm going on a school trip with my daughter to Iceland and I wanted to check her card will be okay over there,abroad
Are the overseas ATM fees refunded on my account type?,abroad
"hang on, so if I pay in pounds instead of euros at this restaurant is that going to cost me more",abroad
Booked flights to Peru for March. Anything I need to set up with my card?,abroad
i moved to london from sydney last month can i keep using my australian account here,abroad
Every purchase I make in Tokyo gets declined after the first one of the day. What's going on?,abroad
"Business trip to Frankfurt next week, need my company card active for Germany.",abroad
"My chip and PIN card doesn't work at the self-serve kiosks in New York, they want a signature or something.",abroad
so basically I'm a pensioner going to spend the winter in Spain and I want to make sure my pension money is easy to get at over there,abroad
Why is there a 3% charge on my coffee from Amsterdam?,abroad
Do you have a card with no foreign transaction fees?,abroad
"we're in Fiji and the resort's card machine keeps saying declined, um, we've got money in there",abroad
"Travelling to India for a wedding, 10 days, need my card to work there.",abroad
ok so i just got charged $5 for an atm withdrawal in tokyo plus another fee from you is that normal,abroad
How do I set up a travel notification in the app before I fly out Friday?,abroad
"Card won't work anywhere in Bali, been trying for two days.",abroad
Is it safe to use my debit card in Turkey or should I bring cash?,abroad
"sorry to bother you, I'm in Edinburgh visiting from Boston and my card keeps flagging for fraud on every purchase",abroad
"My son is on exchange in Seoul and his card stopped working. He's 17, can I sort it from here?",abroad
pls tell me if my card works in egypt im flying tonight,abroad
Can I withdraw Canadian dollars directly or will it convert from my USD account?,abroad
The bureau de change rate vs your card rate in Prague - which is better for me?,abroad
"uh I'm calling from Lisbon, the hotel tried to put a deposit hold on my card and it was refused",abroad
Which countries is my card not accepted in? Off to Cuba soon.,abroad
"Honeymoon in the Maldives next month, just want everything to work smoothly with my card.",abroad
"Charged in USD on an American website even though I'm in the UK, why is there an extra fee on top?",abroad
im an aussie living in bali for six months do i need to do anything with my account,abroad
My card PIN works at home but every ATM in Greece says incorrect PIN.,abroad
Do you have any partner banks in Ireland where I won't get charged for withdrawals?,abroad
"so the thing is i'm in mexico city and my card just got eaten by the atm, um, what now",abroad
"Going to the US for a conference, do I tell you or is that automatic now?",abroad
"Card keeps being declined on a French website, is it because it's a foreign shop?",abroad
Is my travel notice for Norway actually active? Leaving Thursday.,abroad
we flew across to new zealand and um the card's not working at the car hire place at all,abroad
Fees on my statement from my holiday in Malta - €2.50 each time. Is that right?,abroad
What's the daily spend limit on my card when I'm overseas?,abroad
"hi um so my mum's travelling to Italy next week and she's asked me to ring and let you know, she's on the account with me",abroad
I'm in South Africa and my card stopped working after one purchase at a supermarket in Cape Town.,abroad
Does my card charge a fee in New Zealand dollars?,abroad
heading to the states for uni for a year what happens with my uk account,abroad
Charged a cross-border fee by you AND the ATM in Dublin. Can I get one of them back?,abroad
"My card doesn't tap in Japan, only works if I insert it. Is that normal?",abroad
sorry is this the right number to tell you I'm going to Kenya on safari,abroad
Will my card work at the Christmas markets in Germany?,abroad
"The cash point in Lyon kept my card and the branch is closed till Monday, I fly home Sunday.",abroad
"I'm on a gap year in South America, how do I avoid getting charged every time I use an ATM?",abroad
right okay so I'm at a petrol station in Ontario and it wants a zip code and my postcode won't work,abroad
do i need a different card for china,abroad
"Paying for things in Bali is costing me heaps in fees, any way around it?",abroad
Can my travel dates be extended? I'm staying in Portugal another two weeks.,abroad
Is there a limit on how many foreign purchases I can make before you block the card?,abroad
"Got declined at a restaurant in Hong Kong, how do I fix it fast, they're waiting at the table",abroad
"okay so um I travel for work like every other week to Europe, can I just set it so I don't have to tell you each time",abroad
I want to know the foreign exchange fee before I book a hotel in Switzerland.,abroad
"My elderly father is in Poland visiting relatives and his card isn't working, he called me worried.",abroad
currency conversion fee on my statement is way higher than what the website says,abroad
In Tenerife and the card machine at the villa asked if I want to pay in pounds or euros. Which one?,abroad
The card worked in Paris but now in Brussels it's being declined. Same trip.,abroad
my card wont let me withdraw anything in jamaica,abroad
Do I need to tell the bank if I'm crossing into Mexico for a day trip from San Diego?,abroad
um basically I'm moving to Melbourne from Manchester and I want to know if I can still use my UK card there for a few months,abroad
"Hey, I'm doing a stopover in Doha. Will my card be blocked if I use it there?",abroad
Does Apple Pay work with my card in Japan or only the physical card?,abroad
Why did a 40 baht street snack come with a fee bigger than the snack itself?,abroad
"I have an online order from a shop in Italy and you added a fee, can that be waived?",abroad
I'm in Lima and I need to take out cash for the trek but the ATMs keep rejecting my card.,abroad
"sorry I'm a bit flustered, I'm in Athens and my card was declined at the pharmacy, I need my medication",abroad
Any tips to avoid fees using my card in Europe this summer?,abroad
Need to let you know I'll be in Toronto from the 2nd to the 9th of next month.,abroad
"The airport ATM in Bangkok charged me 220 baht, will you charge me on top as well?",abroad
card not working overseas,abroad
"Studying in Japan for a semester, do I pay a fee on every purchase?",abroad
"hi um I'm a flight attendant so I'm in a different country basically every week, is there a way to stop my card getting blocked all the time",abroad
My debit card got declined at the ski resort in Whistler.,abroad
"I'll be in Bali for 3 weeks, can I still use my card for everything?",abroad
"Card rejected in Marrakech, nothing works.",abroad
Do I need a PIN for every purchase in France or will tap work?,abroad
"We're going to Rarotonga next month and I'm not sure if the island even takes cards, will mine work?",abroad
I've been in Germany a week and only today my card started failing. Why now?,abroad
"okay so we're on a cruise and the ship charges everything in US dollars, will I get hit with a conversion fee",abroad
"Notify travel: Chile, Argentina, Uruguay, 1-28 Feb.",abroad
right um so I'm at the border in Calais and none of the toll machines accept my card,abroad
uh hi I'm calling cause I'm in Spain and my card just stopped working at the supermarket here,abroad
so basically I'm going to Thailand on Saturday and I want to make sure I don't get stuck without money,abroad
"sorry, I'm in Florence and I tried to take out cash and it said card not supported",abroad
okay um I'm off to Canada for my sister's wedding and I wanted to tell you before I go,abroad
hang on let me just find the um I'm in Amsterdam and the tram ticket machine won't take my card,abroad
right I'm phoning because I've been charged a fee every time I used my card in Greece and nobody told me about that,abroad
uh I'm travelling to Japan next week and I want to know if my card works over there,abroad
hi um I just wanted to let you know I'll be in Mexico from the fifth to the nineteenth,abroad
so I'm a student and I'm doing a year in Paris and um my card keeps getting declined in shops,abroad
okay so I got back from Bali and there's all these little fees for every single purchase I made there,abroad
hi I'm going to be travelling around Europe for a month by train and I want to make sure my card's gonna work in all the countries,abroad
um sorry I'm actually at the ATM right now in Dubrovnik and it's asking if I want to accept the conversion rate what should I press,abroad
so my husband and I are in Hawaii and um we're going on to Tahiti next and I want to check the card works there,abroad
right so the card worked in Singapore but um now in Malaysia it's just being refused,abroad
"hi um I run a small business and I'm going to a trade fair in Milan, I need my business card to work there",abroad
okay I've been in Chicago two days and I've been charged foreign fees on everything is there a card that doesn't do that,abroad
so basically I'm an au pair in Germany and I'm wondering if I'll pay fees every time I take money out,abroad
uh this is a bit urgent I'm in Bangkok and I can't pay my hotel and they're saying my card's being declined,abroad
"hi um my grandson's going to Australia and he's got a card with you, does he need to tell you",abroad
i'm um i'm in vancouver right now and my card isn't working at any of the shops,abroad
so uh how does the travel notice work do I have to do it for every country,abroad
right I've been charged a non-sterling transaction fee and I'd like to know what it actually is,abroad
um hello I'm heading to Kenya and Tanzania on safari and I just wanted to check my card will be accepted,abroad
okay so like I'm in Seoul and every time I tap it says card error but at home it's totally fine,abroad
hi sorry I'm ringing from the hotel phone in Lisbon because my card's not working and my mobile's dead,abroad
so I've just moved to Dubai for work and um I'd like to know if I can keep using my account from here,abroad
i'm um i'm calling because i got charged twelve dollars in fees from a week in fiji,abroad
right so I'm at a car rental desk in Orlando and they won't accept my card,abroad
uh hi I'm retired and I spend half the year in Spain I just want to know the cheapest way to access my money there,abroad
hang on I'm just reading the receipt um it says declined do not honour I'm in Prague,abroad
okay so I'm going on a school exchange to France and my mum said I should tell the bank,abroad
hi um can I use my card in Cuba or is that a problem with it being an American bank,abroad
so the restaurant in Paris is saying my card has no chip or something and it won't go through,abroad
um I just got a message saying my card was used in Italy but that was me I'm here on holiday so please let it through,abroad
right I'm in Japan and only the convenience store ATMs seem to work and even they are rejecting me now,abroad
so basically we're backpacking around Asia for six months what's the best way to use our cards without paying loads,abroad
hi I'm in Ireland and um I was charged in euros and then a fee as well is that normal,abroad
uh sorry I'm a bit confused is there an extra charge if I use the card in New Zealand,abroad
okay so I'm going to the US for three months on a work visa and I need to know what happens with my card,abroad
hi um I'm at a hospital in Spain and they need a card payment and mine's being declined,abroad
im in phuket and my card got declined at the hotel checkout wtf,abroad
"travelling to Thialand next wek, will my card work?",abroad
why is there a forign fee on my streaming subscription,abroad
"Card not workng in Bali, plz help",abroad
"I'll be travling in Europe 1-20 August, please update my account.",abroad
got charged $3 just for taking out cash in canada is that you or the atm,abroad
my card got blocked as soon as i used it in turkey i told you i was going,abroad
Is there a fee for paying in USD on holiday in Florida? I'm from Sydney.,abroad
heading to bali tmrw need my card working,abroad
My card wont work in Itlay at all.,abroad
how do i turn off the overseas block on my card im in mexico now,abroad
Do you chrage foreign fees on purchases from Japenese websites?,abroad
sitting in a cafe in vienna and my card just got declined for a 4 euro coffee,abroad
"Visting my sister in Toronto, do I need to let you know?",abroad
are there fees for using my card in singapore,abroad
"I'm in NYC this week and every single purchase is being flagged, can that stop?",abroad
honeymoon in santorini pls dont block my card,abroad
"Card declined at Heathrow, I'm visiting from Melbourne.",abroad
what is the exchange rate you use for us dollars,abroad
Is my card ok to use in Switzerland?,abroad
Off to Fiji tomorow for a week.,abroad
i keep getting charged international transaction fees on stuff i buy online from the uk,abroad
Why does my card only work in some shops in Germany?,abroad
"Going to the US in October for my daughters graduation, card needs to work there.",abroad
currency conversion fee??,abroad
Card blocked in Spain,abroad
travel notice needed,abroad
Fees for using card in Japan?,abroad
Card not accepted in Paris,abroad
ATM fees overseas?,abroad
The machines in Madrid keep spitting my card back out with an error.,abroad
"I'm in Reykjavik and the hotel says payment refused, but it worked fine at home last week.",abroad
Spending a month in Lisbon from the 3rd. Is there anything I should do so my card isn't stopped?,abroad
Every time I buy something in Kyoto there's an extra little charge on top. What is that?,abroad
Flying to Cape Town tonight. Will the card just work when I land?,abroad
"Got charged in pesos and then something extra called a conversion fee, can someone explain?",abroad
"Our family will be in Orlando for the school holidays, will my Australian card be fine at the theme parks?",abroad
why did my card stop working the minute i got to bali,abroad
I'll be in Seoul for work from Monday. Do I need to do anything so purchases go through?,abroad
Shops in Barcelona keep rejecting my card but my husband's works fine.,abroad
The ATM in Krakow gave me zloty but charged me way more than I expected.,abroad
My daughter is on exchange in Lyon and says her card gets refused at the canteen.,abroad
Just arrived in Bangkok and can't get any cash out.,abroad
"Landing in Dubai at 6am, I need to pay for a taxi - is my card going to work?",abroad
Spent a week in Tuscany and every purchase has an extra 2.75% added. Why?,abroad
"I'm in Queenstown and the card machine at the bungy place refused it, I'm from Brisbane.",abroad
Why was I charged extra for buying a train ticket in Paris online?,abroad
"retiring to the Algarve next year, can I keep this account and use my card there?",abroad
The hostel in Hanoi says my payment didn't go through twice now.,abroad
i'm in toronto for a conference and none of my contactless payments work,abroad
Pay in euros or pounds at the card machine in Nice? Which is cheaper for me?,abroad
My card was fine in Italy and then stopped when we crossed into Austria.,abroad
I'm moving to Singapore for two years. What happens to my debit card?,abroad
Is there a charge every time I tap my card in Tokyo?,abroad
what do i need to do so my card works in kenya next month,abroad
"Dinner in Lisbon came to €60 but I was charged £56 plus a fee, why?",abroad
"Car hire desk in Malaga is saying my debit card isn't accepted, I need to collect the car now!",abroad
I'm in Phnom Penh and every ATM refuses my card.,abroad
"Booked a week in Rome for my 70th birthday, will my card be okay?",abroad
Card working in shops in Mexico but not at any ATMs.,abroad
Is it cheaper to take cash out in Thailand or pay by card?,abroad
"On a work assignment in Oslo, my card got declined at the hotel, they want payment now.",abroad
hi um so I'm in Canada and the pharmacy machine just says not supported every time,abroad
sorry the line's bad I'm in Bali um my card isn't working anywhere and I need it sorted,abroad
uh I'm flying out to Singapore tonight and I just wanted to say so you don't block the card,abroad
"I've moved from Brisbane to Cairns, how do I change my address online?",address
"new mobile number, where do i update it",address
so uh I've just moved into a new place and I need to give you the new address,address
"Please change the email on my account, I can't access my old work email anymore.",address
"My address on file has a typo, it says Flat 3B instead of 38. Can it be corrected?",address
"right um I'm ringing to update my phone number, I've changed provider",address
How do I change my postal address without going into a branch?,address
"moving to a care home next month, my son will handle things, what do we need to do so the post goes there",address
Is it possible to have statements sent to a different address from my home one?,address
i got a new phone number how do i put it on my account,address
"We've relocated the business to Parramatta, please update our registered address.",address
hi um so I'm a student and I'm moving halls in September so my address will change,address
"Need to change my email address asap, I think my old one got hacked",address
"My landline's been disconnected, please take it off my account and use my mobile instead.",address
uh hang on I've got the new postcode here somewhere um it's for my new address can it be changed today,address
What documents do I need to prove my new address?,address
Update contact details please,address
Changed my phone number,address
"New address, same city.",address
"so basically we've just bought a house and moved in last weekend, the bank still has the old rental address",address
How long does it take for an address change to show up on my account?,address
"I tried updating my address in the app but it still shows the old one, could someone do it manually?",address
"okay so my mum's moved in with us and I need her account address changed to ours, I've got power of attorney",address
Can I add a second phone number to my account?,address
"My email is wrong on your system, there's an extra letter in it.",address
sorry um I've moved interstate from Perth to Adelaide and I need to update my details,address
Please send all future post to my PO box instead of my home.,address
im moving back to the uk from spain next month and need my address updated before i go,address
Is there a way to change my phone number without the old number? I don't have that SIM anymore.,address
"right so I'm a freelancer and I've moved my office, the address on my business account needs changing",address
how do i change my address,address
"Changing my contact email to my personal one, the work one is ending when I leave the company.",address
"hi um I'm 82 and I've moved into a retirement village, my daughter said to ring you to change where the letters go",address
"My statements are going to my ex's place, I need that changed straight away.",address
"Switched to a new mobile number on the 1st, please update.",address
"uh the phone number you've got for me is my old work one, I'd like to swap it for my mobile",address
Want to update my residential address but keep my mailing address the same.,address
"I moved three months ago and just realised I never told you, can I do it now online?",address
Please remove my old landline from my account and add my new mobile instead.,address
"so I'm temporarily staying at my parents' house for six months, can my mail go there for now",address
email change please,address
Where in the app do I edit my phone number?,address
"I've got married and moved in with my wife, need my address changed to hers.",address
okay um sorry I just I need to change uh my email address the one you have is old,address
my contact number is wrong on your system,address
"We've moved the café to a new shopfront on Beach Road, please update the business details.",address
Do I need to change my address with you if I'm only moving for the summer?,address
"so uh my phone got stolen and I got a new number, I need that on my account",address
"The address on my account still has my old unit number, I moved upstairs to 12.",address
"Please change the address you send letters to, I've moved to Fitzroy.",address
hi um I changed my number and um I can't remember if I told you,address
Need to update my address before my new card gets sent out.,address
"right I'm calling to update my contact details, new phone and new email",address
Can my business correspondence go to my accountant's office instead?,address
"Moved house last weekend, how do I chnage my adress?",address
i need to updte my phone numbr,address
"My emial address has changed, can you update it pls",address
"We've moved to a new apartmnet in Brooklyn, please change the adress on our account.",address
Cant find where to change my contact detials in the app,address
My postcode is wrong on my acount,address
whats the process for changing my registered address,address
new address is in fremantle now how do i update it,address
i need my email changed to my uni one,address
please update my number the old one doesnt work anymore,address
moving out of my parents place next week can i change my address now or wait,address
do i have to come into a branch to change my phone number,address
my address is spelt wrong on my statements,address
change my mobile number please,address
how do i update my details i moved,address
we sold our house and are renting now so the address needs updating,address
so I'm calling because I've moved and I don't think the bank has my new address yet,address
um hello I need to update my telephone number please it's changed,address
okay so the email you've got for me is like from ten years ago can I change it,address
right I'm moving to Glasgow at the end of the month and I want my details sorted before I go,address
hi um I'm calling for my dad he's moved into a nursing home and he wants his post sent there,address
so uh I put the wrong address in when I opened the account can that be fixed,address
sorry I just moved um and I need to update where my statements go,address
okay I've got a new mobile number and I want to make sure the security texts go to it,address
hang on um sorry I'm just I'm moving house next Tuesday what do I need to do with the bank,address
so basically I've moved my business from Melbourne to Geelong and the address needs changing,address
uh I just want to change my email please,address
hi so I'm a uni student I've moved out of college into a share house so new address,address
right so we've moved and um both me and my husband need our addresses changed,address
okay um I travel a lot so I want my mail going to my sister's address in Ohio,address
so the phone number on my account is my landline and I've got rid of it,address
um I've moved and I've already done it online but it's still showing the old one,address
right so I'm self-employed and I've changed my business phone number,address
hi um is it possible to change my address over the phone or do I have to come in,address
so I don't live at the address you've got anymore I moved like six weeks ago,address
uh hello I'm ringing because my email's changed and I'm not getting anything from you,address
We've just settled on a new place in Ballarat. Your letters are still going to the old house.,address
"My new flat is on Cowley Road now, the old one's been re-let so please don't send anything there.",address
"Got a new SIM with a different provider, so the old digits are gone. What do I do?",address
The texts you send are going to a phone I don't have anymore.,address
"I don't live in Boston anymore, I'm in Austin now. Can my account reflect that?",address
"My partner's been getting my bank post since I moved out, can that stop?",address
"My old inbox was shut down when I left my job, so I'm not getting anything from you.",address
"so I'm in a new place now, um, my mail's still going to my old flat in Hackney",address
My son's been living in his own place since June and his bank letters still come to us.,address
um I've moved down the coast to Byron so where do I let you know that,address
"My uni halls contract ended so I'm back home in Leicester for good now, update please.",address
The bank still thinks I live in Denver.,address
Please send everything to my new place in Hobart from now on.,address
"I'm not at that house anymore, we split up and I've moved out.",address
hi um so I've got a new mobile and the codes are still going to the old one,address
How do I tell you I've moved?,address
the house we were renting got sold so we're in a new place in Croydon now,address
"My bank letters are being returned to sender, I moved last month.",address
so uh the post office says you're sending stuff to my old flat,address
Retired and moved to the coast. Where do I give you the new details?,address
"Change my address today please, my new card is about to be posted.",address
"My ex still gets my mail, I need the address changed NOW.",address
"Need my phone number updated before 5pm, I'm waiting on a code for a payment.",address
I've updated my address three times and it keeps reverting to the old one.,address
Why do I have to visit a branch just to change my phone number? That's ridiculous.,address
Still getting letters at my old place even though I told you in March.,address
I changed my email weeks ago and you're still emailing my old address,address
so I've rung twice about my address and um it's still wrong on the statements,address
Would you be able to update my postal address? I've moved to a new flat in Bristol. Thank you.,address
"Good morning, I'd be grateful if the contact number on file could be changed.",address
Could I please update the email address associated with my account?,address
"Sorry to trouble you, but I've moved and would like my address updated.",address
"Hello there, my husband and I have moved to Bendigo. Could both our accounts be updated?",address
Do I need to update my address separately for my savings and checking?,address
Is my address change automatically applied to my credit card as well?,address
How do I update the business phone number on my merchant account?,address
Can I change my address if I'm moving overseas?,address
I'm moving next month. Should I update my address now or after I move?,address
What's the quickest way to change my email on the account?,address
"My contact details are out of date, can I change them on the website?",address
"I moved from Manchester to Cardiff in the summer and completely forgot to tell the bank. Can I update my address online, or do I need proof of the new place?",address
My phone number changed when I switched carriers. The app asks for a code sent to the old number which I no longer have. How do I get it changed?,address
We just moved into our first home in Denver! Need to update our address on both our accounts. Do we each need to do it separately?,address
I'm retired and I've moved into a smaller unit in the same village. The street name is different though. Please make sure my letters go to the new one.,address
I run a small bakery and we've moved premises. The old shop address is still on our business account. What do you need from me to change it?,address
I'm travelling for most of the year and don't really have a fixed address at the moment. Can I use my parents' house as my mailing address?,address
My email address has changed because my old provider shut down. I want to make sure I still get my e-statements. How do I switch it over?,address
I've just moved to a new flat. I'd like my address updated and I want to know if you'll send me a letter to confirm it.,address
My mum is elderly and has moved in with me. I have her permission to update her address with you. What's the process?,address
I've changed my mobile number and also moved house. Can I update both at the same time?,address
update my address,address
new phone number,address
changed email,address
"moved house, update please",address
address change,address
wrong address on file,address
change contact number,address
new mobile number please,address
update postal address,address
need new email added,address
um right I just need to change the address on my account please,address
so I've moved to a new flat um it's in Brighton and I need you to have the new address,address
okay my phone number's changed can I give you the new one,address
hi um sorry I'm calling because I've got a new email address,address
so like I moved out of my parents place and uh I need my own address on the account now,address
right I'm just calling to update my contact details nothing urgent,address
uh hi I've changed my mobile number and I'm not sure how to update it,address
so basically we've moved house and um I need the address changed on my savings,address
hi there um I'm 76 and I've moved to my daughter's place and I want my letters going there,address
okay so the address on my business account is the old warehouse we moved out of that,address
um I think I gave you the wrong phone number when I signed up can I fix it,address
right um so my email I want to change it to a new one,address
so I'm moving house tomorrow and I just want my address sorted,address
uh yes hello I've moved and I wanted to update my address please,address
hi um I just got a new phone and a new number so I need to update it,address
okay so um sorry I've moved to a new place in Sydney and I need the address changed,address
so I'm calling because my contact details are all wrong,address
right I want to change where the bank sends my post,address
um hello the address you have is my old one I moved in January,address
hi so I'm a freelancer and I've changed my email for work stuff can I update it,address
uh so I need to change my phone number on the account it's a new mobile,address
okay hi um is this where I change my address,address
so my daughter's moved out and she wants her address changed on her account she's here with me,address
right so I've moved but um I'm not sure if I need to tell you or if it updates automatically,address
hi um I want to update my email and my phone number please both have changed,address
my address changed can u update it,address
how do i change the phone number linked to my account,address
i moved to a new apartment in queens update my address please,address
need to change my email on the account asap,address
is there a form to change my address,address
"i movde to Perth, pls update my adress",address
Hwo do I change my email addres?,address
"My phne number has changed, can it be updated?",address
new adress for my busines account please,address
"I've moved, need my detials changed",address
Please chnage my mobile numbr on file,address
"Updating my adress after the move, where do I do that?",address
My contact info is out of dat,address
"Moving to Leeds next wek, how do I change my address?",address
wrong emial on my account,address
Do you send a confirmation letter to the new address after I change it?,address
"I only want to change my mailing address, not my home address.",address
Need to switch the email on my account from my work one to my personal one.,address
Is there a fee to change my address?,address
"Updating my number for two-factor, where do I do that?",address
"Moved into student housing at UCLA, need my address changed.",address
"We relocated our office to Docklands, please change the business address.",address
Can I change my address for just one account and not the others?,address
Change my phone number from landline to mobile please.,address
I gave you my old email by mistake when opening the account.,address
"My address shows the wrong suburb, it should be Carlton not Carlton North.",address
Could my letters be posted to my office instead of home?,address
How do I update my email if I'm locked out of the old one?,address
"Retiring to the Gold Coast, need my contact details updated with the new address and number.",address
"Just wanted to give you my new phone number, the old one is cancelled.",address
The app keeps crashing every time I try to open my savings account.,app_error
"cant log into online banking, says my password is wrong but i just reset it",app_error
uh hi so the website's been down all morning is that just me or is it everyone,app_error
Getting error code E-2041 when I try to make a transfer in the app. What does that mean?,app_error
Website won't load past the login screen on Chrome.,app_error
"right so I've downloaded the app on my new phone and it won't let me register, it just says something went wrong",app_error
Is online banking down? Nothing's loading.,app_error
the verification code never arrives when i try to log in on the website,app_error
My fingerprint login stopped working after the latest update.,app_error
"okay um the app opens and then just closes itself straight away, I've restarted my phone twice",app_error
Why does the app keep saying service unavailable?,app_error
"I've been locked out of online banking after one wrong password attempt, that seems excessive.",app_error
sorry I'm not great with technology but when I press log in nothing happens at all,app_error
The pay someone button in the app is greyed out and I can't tap it.,app_error
app froze halfway through a payment and now i dont know if it went through,app_error
hi um I'm getting a message saying my browser isn't supported but I'm using the latest Safari,app_error
Every time I try to download a statement PDF from the website I get a blank page.,app_error
The app is stuck on 'updating' and won't open at all.,app_error
so basically the reset password link you emailed me says it's expired as soon as I click it,app_error
Your website keeps logging me out after about thirty seconds.,app_error
"Can't see any of my accounts in the app, just a spinning wheel.",app_error
um I keep getting this error that says unable to connect please try again later and it's been hours,app_error
Online banking won't accept my security answers even though I know they're right.,app_error
the app on my ipad just shows a white screen,app_error
Login page keeps refreshing in a loop on Firefox.,app_error
hang on so I put my passcode in and it says too many attempts but this is literally my first try,app_error
Is there a known issue with the Android app today? It won't open.,app_error
Since the update the app won't recognise my face anymore.,app_error
right I'm trying to set up online banking for the first time and the activation code isn't working,app_error
"The captcha on your login page never accepts my answer, I've tried twenty times.",app_error
My business online banking portal shows error 500 every time I try to log in.,app_error
app wont update from the play store keeps failing,app_error
uh hi the website says my account is temporarily unavailable what does that mean,app_error
Why does the app keep asking me to log in again every time I switch screens?,app_error
Mobile banking crashed while I was setting up a new payee.,app_error
"so the app won't let me past the terms and conditions screen, the accept button doesn't do anything",app_error
I keep getting 'session timed out' on the website the moment I log in.,app_error
the text message code comes through but the app says its invalid every time,app_error
"Your app doesn't work on my older iPhone anymore, it just shuts down.",app_error
sorry um I'm a pensioner and my grandson set up the app for me but now it's asking for a code and nothing comes,app_error
"Website is extremely slow and keeps timing out, can't do anything.",app_error
Notifications in the app have stopped working completely.,app_error
"okay so the app shows my balance as zero but I know that's wrong, I think it's glitching",app_error
"The online banking page is all jumbled up, buttons overlapping text everywhere.",app_error
I can't get past the two-step verification screen on the website.,app_error
hi um the app keeps saying there's a problem with your device and to contact the bank,app_error
Transfers page in the app just shows an error and a sad face icon.,app_error
forgot password link on the website goes to a page not found,app_error
The app logged me out and now says my username doesn't exist.,app_error
"right so my online banking says account locked contact us, I haven't done anything",app_error
Why can't I log into the app on my new Samsung?,app_error
App crashed,app_error
Website down?,app_error
Can't log in,app_error
app not loading,app_error
login error again,app_error
password reset not working,app_error
online banking broken,app_error
app keeps freezing,app_error
error message on login,app_error
site wont load,app_error
The app crashes evry time I try to view my transactons.,app_error
"I cant login to the webiste, it just says error.",app_error
Your app keeps saying my pasword is incorect but I know its right,app_error
The mobile app wont open since this mornig,app_error
Getting a weird eror code 403 on online banking,app_error
Online bankng keeps timing out befor I can do anything,app_error
My finger print login dosnt work anymore,app_error
"The app is so slow its unusable, takes ages to load anyting",app_error
"Website keeps loging me out, really anoying",app_error
"The app wont let me sign in on my new phone, keeps saying device not recognisd",app_error
why does the website crash every time i try to pay someone new,app_error
app says maintenance but its been like that since yesterday,app_error
i keep getting kicked out of the app after a few seconds,app_error
the login button on your site does nothing,app_error
online banking says my session expired every five minutes,app_error
my security code isnt being accepted on the app,app_error
cant get the app to work on my tablet,app_error
the website just shows a grey screen after i log in,app_error
the app wont let me reset my pin it just errors out,app_error
is the app broken today or is it my phone,app_error
okay so every time I open the app it says update required but there's no update in the app store,app_error
um hi I can't seem to log in to my online banking at all it keeps saying details not recognised,app_error
right so the website's been showing an error page since about nine this morning,app_error
so uh my banking app just keeps crashing on the home screen I've reinstalled it twice,app_error
hi um I'm trying to log in and it's asking me for a code but I never get the text,app_error
so basically I'm a small business owner and the business banking site won't let me in and I've got payroll to run,app_error
okay um the app's stuck on a screen that says please wait and it's been like ten minutes,app_error
hang on I'll read it out um it says error code nine nine two please contact support,app_error
hi I'm calling because the website keeps telling me my password's expired but it won't let me make a new one,app_error
so the thing is the app worked fine yesterday and today it just won't open,app_error
uh I'm on the website and when I click on my account it just takes me back to the login,app_error
right I've tried logging in on my laptop and my phone and neither of them work,app_error
um sorry I'm not sure if this is the right line but the app's saying something about a security certificate,app_error
okay so I'm locked out of the app after I put my PIN in wrong once and now it says to call you,app_error
hi so uh the face recognition thing in the app doesn't work anymore it just fails every time,app_error
so I'm trying to download my statement from the website and it just keeps saying error,app_error
right um the app shows all my accounts as blank no names nothing,app_error
hi um my online banking keeps asking me to accept cookies over and over and I can't get past it,app_error
so basically the app crashes when I try to add a new payee every single time,app_error
uh yes I'm phoning because I can't get into internet banking it says my account's suspended,app_error
okay so I'm a student and the app keeps saying no internet connection but my wifi's working fine,app_error
right so I've had the reset password email three times now and none of the links work,app_error
hi um the website just goes to a white page with some code on it when I try to log in,app_error
so like I tap on payments and the whole app just closes,app_error
"um hello the app keeps telling me my device is rooted and it's not, it's a normal phone",app_error
okay hi I've been trying to log in for an hour and I keep getting an error about too many requests,app_error
so uh when I try to transfer money the app says something unexpected happened,app_error
right so I've cleared the cache and everything and the app still won't load anything past the login,app_error
hi so I updated my phone and now the banking app isn't compatible apparently,app_error
um so I keep getting logged out of the website every time I open a new tab,app_error
okay so the security key thing for my business account isn't being accepted on the site,app_error
Every time I open you guys on my phone it kicks me straight back to the home screen.,app_error
"I type my password, press enter, and the page just spins forever.",app_error
The thing on my phone where I check my money just shuts itself whenever I tap payments.,app_error
Your internet page shows nothing but a blank white box since Tuesday.,app_error
"I put in my details on the computer and it keeps telling me they're not recognised, but they're right.",app_error
The code you text me is rejected every single time I try to get in.,app_error
I can't get into my account from my laptop since yesterday afternoon.,app_error
the banks phone program wont even start since my phone updated,app_error
"Whenever I try to move money on my phone, it shows a message saying something unexpected happened.",app_error
Pressing the sign-in button does absolutely nothing on my computer.,app_error
My phone keeps telling me your program has stopped.,app_error
I can't get past the screen that asks for my fingerprint.,app_error
The page where I usually check my accounts just says try again later.,app_error
so the thing on my phone where I do my banking just shows a spinning circle forever,app_error
um I can't get into my account on the computer it keeps sending me back to the start,app_error
every time I tap anything on your phone thing it closes,app_error
"I'm stuck on the screen that says verifying your identity, it's been twenty minutes.",app_error
Since I got my new phone I can't get into my banking at all.,app_error
"Your digital banking has been unusable all week, pages half load and then stop.",app_error
It keeps saying my device isn't trusted when I try to get into my account.,app_error
hi um I'm trying to get into my account on the computer and it just says something went wrong try again,app_error
right so the screen goes black every time I open the bank thing on my phone,app_error
Is something wrong on your end? Nothing loads when I try to get into my account on my phone.,app_error
my phone banking keeps shutting down mid-transfer,app_error
The little bank icon on my phone opens and closes instantly.,app_error
okay so I've typed my password in like five times and it just keeps saying try again it definitely is right,app_error
Nothing happens when I tap 'Continue' on the payment screen.,app_error
The screen with my accounts on it won't show anything since last night.,app_error
I'm being asked for a one-time passcode that never shows up on my phone.,app_error
Every time I try to look at my accounts on the computer I get kicked out.,app_error
uh my phone keeps saying the bank thing isn't responding wait or close,app_error
My password manager fills it in correctly but your sign-in page still rejects it.,app_error
The page I use for paying people won't load past the first step.,app_error
"Please fix whatever is happening with your phone banking, I've been trying since 7am.",app_error
so I tried getting into my business banking on the computer and it's just blank,app_error
The digital wallet setup screen keeps failing at the last step.,app_error
"I'm 80 and the bank thing on my tablet has stopped letting me in, my daughter can't work it out either.",app_error
Haven't been able to get into my account online since the weekend.,app_error
It says my password must be changed but then rejects every new one I try.,app_error
the bank thing on my phone has gone all white and wont do anything,app_error
"Good afternoon, I've been unable to access online banking since yesterday. Could someone look into it, please? Thank you.",app_error
"Sorry to bother you, but the app seems to be crashing whenever I try to view my statements. Is there a fix?",app_error
Would you mind checking if there's an outage? The website won't load for me on any device.,app_error
"I'd appreciate some help, the app tells me my account is locked but I haven't tried to log in for weeks.",app_error
"Hello, I'm having trouble signing into the website. It says my user ID is invalid. Could you help me please?",app_error
I updated the app last night and now it won't open at all. I've tried deleting and reinstalling it. I need to transfer my rent tomorrow so please sort this out.,app_error
I'm a freelancer and I rely on the app to see invoices coming in. Since Monday it just shows an error when I log in. This is costing me time.,app_error
My elderly mother can't log in to her online banking anymore. It keeps saying her password is wrong even though I watched her type it carefully.,app_error
The app keeps showing my transactions from last week only and won't refresh. I've pulled down to refresh a dozen times. Is there a problem with syncing?,app_error
I'm trying to set up a new payee on the website but the confirm button doesn't work. I've tried Chrome and Edge. Is the site having issues?,app_error
"I just got a new laptop and the website won't let me log in, it says unrecognised device. I can't find any way to register it.",app_error
"Your app has been crashing for three days now. I've cleared the cache, reinstalled, everything. When will it be fixed?",app_error
"The website loads, but none of the menus work when I click on them. It's like the page is frozen. I'm using a Mac.",app_error
I keep getting an error saying 'Unable to process your request' whenever I try to log in. It's been happening since the weekend. Could someone check my account?,app_error
My business account's online portal won't let my bookkeeper log in. She gets an access denied message. We haven't changed anything.,app_error
"The app's down and I need to send money in the next 30 minutes, what do I do?",app_error
"Locked out of the app right before a deadline, need access now!",app_error
"Website crashed mid-payment, need to know if it's working again ASAP",app_error
cant log in and I have a transfer due in an hour please help fast,app_error
This is the fourth time this month the app has stopped working. Seriously?,app_error
Why is your website ALWAYS down on a Friday?,app_error
I've reset my password five times today and it still won't let me in. Ridiculous.,app_error
honestly your app is useless it crashes more than it works,app_error
so I've been on the phone for ages and nobody can tell me why my login doesn't work,app_error
app glitching,app_error
website error 404,app_error
login loop again,app_error
banking app crashes,app_error
verification code not arriving,app_error
blank screen after login,app_error
um the website's broken,app_error
uh app won't let me in,app_error
so the app keeps showing an error when I try to change my PIN in there,app_error
right um the business app stopped syncing with my accounting software and now shows an error,app_error
The apps login screen jsut keeps reloding,app_error
"Website says my acount is locked, I didnt do anything",app_error
App crashs when I open it on wifi,app_error
Getting an eror when I try to transfer money in the app,app_error
the app says something went wrong every time i open the cards tab,app_error
website keeps asking me to log in again and again,app_error
the app shows my accounts in the wrong currency since the update,app_error
my login code expires before it even arrives,app_error
"App asks me to update, then the store says it's already up to date. Stuck.",app_error
"Dark mode in the app makes the text invisible, can't read anything.",app_error
Is the iOS app having issues? Mine just shows a loading bar.,app_error
Website says my browser has cookies disabled but they're enabled.,app_error
The app's search for transactions doesn't return anything anymore.,app_error
Why can't I log in from my work computer?,app_error
"Online banking won't let me change my password, it just says error 12.",app_error
App keeps telling me there's no network even on 5G.,app_error
The QR code login on the website never scans.,app_error
hi um I work in an office and I can't get on the website from my work computer it just times out,app_error
okay so I just keep getting an error when I try to open my credit card in the app,app_error
What's the daily ATM withdrawal limit on a standard debit card?,atm_limit
need to raise my atm limit to 2000 for tomorrow only,atm_limit
"uh hi so I'm buying a car off a guy on Saturday and he wants cash, can my withdrawal limit go up for the day",atm_limit
Can I lower my cash withdrawal limit? My son has my card for emergencies and I don't want him taking out too much.,atm_limit
How much can I take out of an ATM in one go?,atm_limit
"Why can I only withdraw $400 a day? I thought it was $1,000.",atm_limit
right so is the cash machine limit per day or does it reset after twenty four hours,atm_limit
Is there a separate limit for withdrawing at another bank's ATM?,atm_limit
"Please increase my daily cash withdrawal to £1,000 permanently.",atm_limit
"um sorry what time does the ATM limit reset each day, is it midnight",atm_limit
My card got declined at the ATM after taking out $300. Is that my max?,atm_limit
i want to set a lower atm limit on my daughters card shes 15,atm_limit
Is the withdrawal limit the same for my savings and my everyday account?,atm_limit
"okay so I run a market stall and I need about three grand in change and notes on Friday mornings, can the ATM limit be raised for that",atm_limit
Can I change my ATM limit in the app myself or do I have to call?,atm_limit
What's the maximum I can withdraw over the counter versus at the machine?,atm_limit
"Hit my withdrawal limit, need more cash today, how do I get it raised?",atm_limit
hi um I'm retired and I'd feel safer if my card could only take out a hundred pounds a day at the cash point,atm_limit
Is there a weekly ATM limit as well as a daily one?,atm_limit
How do I temporarily increase my cash withdrawal limit for a wedding next weekend?,atm_limit
"ATM limit on my business debit card is too low, we need at least $2,500 a day.",atm_limit
"so basically I tried to get out six hundred and the machine said exceeds limit, I didn't know there was a limit",atm_limit
Does the ATM limit include cash out at the supermarket checkout?,atm_limit
"My new card has a lower withdrawal limit than my old one, why?",atm_limit
Can I set my ATM limit to zero? I never use cash.,atm_limit
right um I need to know how much cash I can take out because I'm paying a builder in cash this week,atm_limit
how long does it take for an atm limit increase to kick in,atm_limit
"Is the $1,000 withdrawal limit across all my cards or per card?",atm_limit
"Need to take out $3,000 cash today, is that possible with my card?",atm_limit
uh what's the most I can get out of a cash machine with a student account,atm_limit
Why did the ATM let me take £250 yesterday but only £200 today?,atm_limit
Could you increase my withdrawal limit for the next three days please?,atm_limit
i keep hitting the cash limit at the atm can it be higher,atm_limit
Can I change my daily withdrawal amount online banking? Want it at $800.,atm_limit
hang on so if I take two hundred out now and another two hundred tonight is that over my daily limit,atm_limit
Does my withdrawal limit go up if I have a premium account?,atm_limit
What happens if I try to withdraw more than my ATM limit?,atm_limit
"okay so my grandmother's card should only allow small withdrawals, we're worried about scammers, can we lower it",atm_limit
Do I need to call each time I want a bigger cash withdrawal or can it be permanent?,atm_limit
what is my current atm withdrawal limit,atm_limit
increase atm limit please,atm_limit
lower my cash limit,atm_limit
ATM limit?,atm_limit
daily withdrawal max?,atm_limit
raise cash withdrawal limit,atm_limit
atm limit too low,atm_limit
change withdrawal limit,atm_limit
How much cash per day?,atm_limit
temporary ATM limit increase,atm_limit
Whats the most I can withdrw from the ATM in a day?,atm_limit
Can I incrase my cash limit for this weekend?,atm_limit
"My withdrawl limit is to low, please raise it",atm_limit
Is ther a limit on ATM withdrawls per transaction?,atm_limit
Need my daily cash limit lowerd to $100,atm_limit
How do I chnage my ATM limit on the app?,atm_limit
the atm wouldnt let me take more then 500,atm_limit
Can my atm limt be put back to normal now?,atm_limit
Waht's the cash machine limit for a basic account?,atm_limit
"Plz bump up my withdrawal limt, need cash for rent",atm_limit
so uh I need to get out about two thousand dollars cash for a used bike I'm buying is that going to be okay at the ATM,atm_limit
hi um I'm just calling to check what my daily cash withdrawal limit is,atm_limit
"right so the machine only gave me three hundred and I asked for five, I want my limit raised",atm_limit
okay um I'd like to lower the amount I can take out each day I keep spending too much cash at the pub,atm_limit
so basically I'm self-employed and I pay my workers cash on Fridays I need a higher limit on the ATM,atm_limit
um hello can my withdrawal limit be raised just for today I've got a house deposit... no sorry a bond for a rental to pay in cash,atm_limit
hi there um I'm 79 and I don't really understand how much I'm allowed to take out at the hole in the wall,atm_limit
okay so I hit the limit at the ATM last night and I need cash first thing this morning,atm_limit
so like is there any way to get more than a thousand out of the cash machine in one day,atm_limit
uh yes I'm phoning about changing my ATM limit,atm_limit
right so my teenage son has his own card and I want his daily cash limit set to fifty dollars,atm_limit
um I tried to take out four hundred and it said limit exceeded but I haven't taken anything out today,atm_limit
hi so I'm getting married next week and I need lots of cash for the vendors can the machine limit go up,atm_limit
so I'm a student and I just want to know how much I can take out at once,atm_limit
okay hi um what's the maximum withdrawal on my card at the machine,atm_limit
right I'd like to reduce my daily ATM limit to two hundred pounds for security,atm_limit
hang on um does the limit apply if I use a different bank's machine,atm_limit
so uh the ATM keeps telling me I've reached my limit and I've only taken out like a hundred,atm_limit
hi um I'd like to know if I can take out five thousand in cash over a few days,atm_limit
okay so I'm a parent and my daughter's going to uni and I want a limit on her card for cash,atm_limit
The cash machine only gave me $500 when I asked for $800. Can that be changed?,atm_limit
Why won't the hole in the wall give me more than £300?,atm_limit
I need to pull out more notes today than the machine usually lets me.,atm_limit
Every time I try to get more than 250 out it refuses. Can you sort that so I can get 600?,atm_limit
Is there any way the machine can let me have more cash tomorrow? I'm paying a tradie.,atm_limit
"my son only needs pocket money from the machine, can we stop his card giving out more than $40 a day",atm_limit
The machine said I'd taken out too much for today. How much is too much?,atm_limit
Can my card let me get more out at the cash point this week only?,atm_limit
so the machine keeps saying amount not allowed when I try for a thousand,atm_limit
What's the most cash I can get from the machine before it stops me?,atm_limit
I'd rather my card couldn't give out more than £100 cash per day.,atm_limit
Got refused at the cashpoint for £700 but £300 worked. What's going on with the amount?,atm_limit
Can the amount I'm allowed to withdraw each day be changed? Moving flats and paying cash.,atm_limit
um the machine won't let me take out what I need to pay the movers,atm_limit
How much paper money can I get out each day?,atm_limit
is there a way to take out more money from the machine than usual for one day,atm_limit
"My mother's card gives out too much cash, she's being taken advantage of. Can it be reduced?",atm_limit
"I need the notes for my staff wages but the machine stops at $1,000.",atm_limit
Why does the machine keep refusing anything over $500 when I've got plenty in my account?,atm_limit
How much can my teenager withdraw from a cash machine per day with his card?,atm_limit
Could my card allow bigger withdrawals from the machine permanently?,atm_limit
Do I get more from the machine if I use it inside the branch?,atm_limit
the cash machine said exceeded amount what does that mean,atm_limit
hi so um I want to make it so my card can only take out a little bit of cash each day,atm_limit
right so I need two and a half thousand in cash by tomorrow and the machine won't give me that,atm_limit
Is it possible to set how much cash my card can withdraw each day?,atm_limit
When does the amount I can take out from the machine reset?,atm_limit
"I want to stop myself withdrawing more than $60 a day, gambling problem, please help.",atm_limit
The machine gave me half of what I asked and said I'd reached the amount for today.,atm_limit
okay um how much money can I actually get out of the machine on a Sunday,atm_limit
so the hole in the wall keeps saying I can't have more today and I've only had two hundred,atm_limit
"Can I withdraw £1,500 in cash from the machine tomorrow?",atm_limit
i need more cash out than my card allows today,atm_limit
Who decides how much cash I can take out each day and can it be changed?,atm_limit
"Going to an auction this weekend and need lots of cash, will the machine let me get it?",atm_limit
My card refuses anything above 300 at the machine. Is that normal for a student account?,atm_limit
How much cash can I get from the machine with my pension card?,atm_limit
hi um is it possible to get more out of the cash machine for my daughter's wedding,atm_limit
so basically I'm paying the plumber cash and need fifteen hundred can the machine do that,atm_limit
Could the cash I can take out each day be reduced to $150?,atm_limit
Will the machine let me take out more if I do it in two goes?,atm_limit
The cash machine at the station only gave me £100 and said that was all I could have.,atm_limit
Can the amount my card can withdraw be increased just for Christmas week?,atm_limit
um my card keeps stopping at two hundred dollars at the machine why is that,atm_limit
Please make it so my card can only take out $200 cash a day.,atm_limit
"Good morning. I'd like to request a temporary increase to my ATM withdrawal limit. I need around £1,200 in cash for a private car purchase on Thursday.",atm_limit
Would it be possible to raise my daily cash limit? I'm self-employed and often need to pay suppliers in cash. Thanks in advance.,atm_limit
"My 16-year-old just got her first debit card. I'd like her ATM limit set to something small, maybe $50. How do I do that?",atm_limit
"My father has early dementia and keeps taking out large amounts of cash. As his carer with power of attorney, can I lower the withdrawal limit on his card?",atm_limit
"I tried taking out $700 at the ATM this morning and it was declined. I've got over $5,000 in the account. Is there a daily withdrawal limit I didn't know about?",atm_limit
"Hello, could you tell me what the daily ATM limit is on my account? I'm planning to withdraw cash for a family event.",atm_limit
"I run a small café and we deal in a lot of cash. The current $1,000 ATM limit isn't enough on busy weekends. Can it be raised permanently?",atm_limit
Please could you lower my ATM limit? I've been overspending on nights out and want to control it. £100 a day would be ideal.,atm_limit
"I'm buying a second-hand motorbike from a private seller who only takes cash. I need about $4,000. Can my ATM limit be raised for two days?",atm_limit
"Thanks for your help earlier. Just one more thing, what's the withdrawal limit on my new card?",atm_limit
I'd be grateful if you could explain the difference between my ATM limit and my daily spending limit.,atm_limit
"Kindly increase my cash withdrawal limit to $1,500 per day from this Friday.",atm_limit
Could you confirm whether my ATM limit has been changed? I requested it yesterday.,atm_limit
I requested a higher ATM limit two days ago and it still won't let me take out more than $500. What's going on?,atm_limit
Why is my withdrawal limit so low? It's my money!,atm_limit
I've been to three ATMs and each one says limit reached. I need cash now.,atm_limit
"I asked for my limit to go back down last week and it's still at £1,000.",atm_limit
so annoying that I can only take out 300 a day whats the point,atm_limit
"Need my ATM limit raised in the next hour, the seller is waiting!",atm_limit
please lift my cash limit today I have to pay the movers in cash at 2pm,atm_limit
atm limit increase needed right now,atm_limit
what is the daily cash limit on a credit card at the atm,atm_limit
can i withdraw 2000 at the atm today,atm_limit
how do i increase my atm limit in the app,atm_limit
whats the atm limit on a kids account,atm_limit
can my withdrawal limit go back to what it was before,atm_limit
does the limit reset at midnight or 24 hours after,atm_limit
atm keeps saying limit exceeded,atm_limit
i want a higher daily withdrawal limit please,atm_limit
please set my atm limit to 300,atm_limit
is there a limit on how many atm withdrawals i can do in a day,atm_limit
um hi I'd like to check what my cash withdrawal limit is please,atm_limit
so I've got to pay my mechanic in cash and um it's about twelve hundred is that over my limit,atm_limit
okay right I want my ATM limit put up to a thousand,atm_limit
hi so is the limit different if I use the machine inside the bank,atm_limit
uh I'm calling because I want to change my daily limit for withdrawals,atm_limit
hang on so what's my limit right now,atm_limit
um can you uh can the limit be raised just for tomorrow please,atm_limit
right I want a lower limit on my card please I'm trying to save,atm_limit
so the limit on my business card at the ATM is too low and I need it raised,atm_limit
okay sorry I just need to know if eight hundred is over my daily withdrawal limit,atm_limit
hi um my husband wants his withdrawal limit reduced he's asked me to call he's here,atm_limit
so uh I'm a freelancer and some weeks I need loads of cash can I get a higher limit,atm_limit
um is it possible to have no limit at all on the ATM,atm_limit
right so I'm at the ATM now and it's saying I can't take out any more today,atm_limit
hi there um what's the most cash I can take out in one transaction at the machine,atm_limit
okay so is my ATM limit per card because I've got two cards,atm_limit
um I've just opened a student account what's the withdrawal limit on that,atm_limit
so basically I'd like the ATM limit dropped to one hundred dollars please,atm_limit
uh hi can my withdrawal limit be raised permanently,atm_limit
okay so it's my mum's eightieth and I'm paying the caterer cash so I need a bigger ATM limit,atm_limit
hi um my card won't let me take out more than fifty at a time is that a limit on my account,atm_limit
right so I want to know if the limit is daily or weekly,atm_limit
um sorry is there a limit on cash withdrawals at the post office as well,atm_limit
"so like I'm paying for a car in cash and need about five grand, how do I get the ATM limit up",atm_limit
What's the ATM limit on the Platinum card?,atm_limit
Can I set different ATM limits for weekdays and weekends?,atm_limit
"My ATM limit was changed without me asking. Please put it back to $1,000.",atm_limit
Does the ATM limit apply to cash back at the supermarket too?,atm_limit
How often can I request an ATM limit increase?,atm_limit
How high can my ATM limit go?,atm_limit
Is there a fee to increase my withdrawal limit?,atm_limit
I'd like my ATM limit raised from £300 to £500.,atm_limit
Can my daily ATM limit be different from my partner's?,atm_limit
"Increase my withdrawal limit to $1,200 for the next week please.",atm_limit
"Withdrawal limit on my card is $500? Need it at $1,000.",atm_limit
Do ATM limits apply to withdrawals from my credit card too?,atm_limit
Is the ATM limit different on weekends?,atm_limit
Just want to confirm my new ATM limit is $750 now.,atm_limit
What's the minimum I can set my ATM limit to?,atm_limit
"I need to withdraw $2,500 for a used car, will my limit allow it?",atm_limit
If I raise my ATM limit does my spending limit change too?,atm_limit
Can I raise my ATM limit for just one transaction?,atm_limit
"The ATM limit on my savings card seems lower than my checking card, why?",atm_limit
"Request: daily withdrawal limit to £400, effective today.",atm_limit
Is my ATM limt the same at all bank branches?,atm_limit
Cna I get my withdrawal limit raised for one day only?,atm_limit
"My daily cash limt keeps blocking me, can it be rasied?",atm_limit
Waht is the withdrawal limit on a seniors account?,atm_limit
"I want my ATM limt lowered, I keep wasting money",atm_limit
How much can I take out at once at the ATM with my business card?,atm_limit
What's my current balance on the checking account ending 4471?,balance
how much money is in my savings,balance
uh hi I just want to know my balance please,balance
"Could you tell me the balance on my savings... sorry, on my current account?",balance
How much do I have available to spend right now?,balance
right so I need to know if there's enough in my account to cover my rent of nine hundred pounds,balance
Is my balance including the pending payments or not?,balance
What's the total across all my accounts?,balance
okay um can I get my balance by text message somehow,balance
Need to know my savings balance before I transfer anything.,balance
how much is left in my account,balance
"sorry, quick question, what's the available balance versus the current balance on mine? They're different.",balance
Balance please,balance
so basically I'm a student and I just want to know how much money I've got left until my loan comes in,balance
Can I check my balance at any ATM or only yours?,balance
What's the balance on my daughter's savings account? I'm the parent on it.,balance
"hi um I'm 84 and I don't use computers, could someone tell me how much is in my account",balance
I need my business account balance for my accountant by the end of today.,balance
how much do i have in checking right now,balance
What will my balance be after today's pending card payments go through?,balance
Am I overdrawn at the moment?,balance
right um how much is in my ISA at the moment,balance
What's in my everyday account? Payday is Thursday.,balance
so I'm about to book flights and I want to make sure I've got enough in the account first,balance
"Is there a way to see my balance without logging in, like on the lock screen?",balance
uh how much have I got in my savings and my current account together,balance
"Current balance on my credit union... no, my main account here, please.",balance
can you tell me if my wages have pushed my balance over two grand yet,balance
How much money is in my term deposit account at the moment?,balance
"My balance looks wrong, can you confirm what it actually is?",balance
hi I'm just ringing to check how much is in my account before I go shopping,balance
Balance on my business account?,balance
What's the closing balance from yesterday?,balance
i need to know my balance asap,balance
okay so how much is left in my overdraft,balance
How much am I able to spend on my debit card today without going overdrawn?,balance
Can I get a quick balance check on all three accounts?,balance
um sorry I just need the balance on my pension account please,balance
Do I have at least $500 in my checking account?,balance
What's my available balance after the hold from the hotel?,balance
so right I've got a few bills coming out and I need to know if there's enough money in there,balance
Current balance pls,balance
how much in savings,balance
balance check,balance
whats my balance,balance
Account balance?,balance
funds available?,balance
how much money do i have,balance
checking balance please,balance
Savings balance?,balance
total balance all accounts,balance
How much monney is in my acount?,balance
Can I get my balence please,balance
Need to check my saveings balance,balance
Whats the availble balance on my card?,balance
How much do I hav left this month?,balance
Is my balence positive or negative right now?,balance
Waht's in my busines account?,balance
Balnace on my everyday account pls,balance
I need to no my balance before I pay rent,balance
what is my balance on my main account,balance
how much do i have till payday,balance
is there any money in my account,balance
tell me my savings balance,balance
how much is in my kids account,balance
whats the balance on my business account today,balance
i want to check my balance,balance
how much have i got in total,balance
am i in the negative,balance
how much is in my holiday savings pot,balance
um I'd like to know how much money's in my account please,balance
right so I'm at the supermarket and I need to know if I've got enough for the shopping,balance
hi there um I just want to check my balance on my savings account,balance
okay so uh is my account in credit or am I overdrawn,balance
so I'm self-employed and I need the balance on my business account to send to the tax people,balance
hi um sorry could you tell me how much is in my current account and my savings,balance
uh yes hello I'd like the balance on my account please,balance
so like how much do I have left after my rent went out,balance
right I'm calling to find out how much is in my account I can't get on the computer,balance
um so basically I just need my balance before I pay for something,balance
okay hi I'm a pensioner and I want to know how much is in my account this month,balance
hang on let me get my card um okay I'd like my balance please,balance
hi so my son's got an account with you and I want to know his balance I'm on the account,balance
so uh what's the available balance on my checking,balance
right so I need to know exactly how much is in there to the cent please,balance
um what's my balance after the two pending transactions,balance
so I'm buying a car and I want to know how much I have in savings first,balance
okay so is my wage in yet like what's my balance looking like,balance
hi um I've been away and I just want to know how much money I've got in the bank,balance
so basically I need my business balance before I pay my staff on Friday,balance
uh I just want to make sure I'm not overdrawn what's my balance,balance
right um how much is in my Christmas savings account,balance
okay could you uh tell me the balance on the account ending six two,balance
hi so I'm a uni student what's my balance I think I spent too much this week,balance
sorry to ring about something small but I just need to know my balance,balance
"Before I hit buy on these concert tickets, how much have I actually got to play with?",balance
What's sitting in my savings at the moment?,balance
"Do I have enough to cover a $1,200 payment today?",balance
How much money is left in my account after the weekend?,balance
What figure is showing in my current account right now?,balance
I need to know if my account has gone into the red.,balance
How much is in there? Just paid the mechanic and I'm nervous.,balance
Could someone read me out what I've got in each account?,balance
Is there £80 in my account? I need to top up my gas meter.,balance
"Payday's not till Friday, how much have I got to last me?",balance
What's my account sitting at?,balance
How much cash have I got in the bank right now?,balance
What's the total in my account now that my pay has come in?,balance
"I want to know exactly how much money I have, down to the penny.",balance
How much is in the business account? Supplier wants $3k today.,balance
what have i got left to spend this week,balance
is my account empty or is there still something in it,balance
how much is in my savings jar thing in the app,balance
do i have enough money for a $45 grocery shop,balance
What's the figure in my everyday account?,balance
so um how much money is actually in my account right now,balance
uh I need to know how much I've got before I go to the shops,balance
right so is there enough in my account for my car registration it's like eight hundred dollars,balance
okay what's my account at right now,balance
hi um how much is in my savings please,balance
so basically I need to know what I've got in the bank,balance
um I just want to know how much I've got in my account,balance
hang on um how much money have I got right now,balance
so like do I have any money left at all,balance
right I want to know how much is in the business account today,balance
okay so how much is there in my everyday account,balance
hi there um can I find out how much is in my account over the phone,balance
uh how much is left on my account this month,balance
so I'm 81 and I just want to know what money I have in the bank,balance
right um is there enough in there for me to pay my rent tomorrow,balance
How much is in my account? I'm about to buy a new laptop.,balance
What's the total I hold across savings and checking with you?,balance
Please tell me how much money I have in my everyday and savings combined.,balance
"My salary should've landed, so what am I sitting on now?",balance
How much is still in the account we use for groceries?,balance
Can I see the total amount in my term deposit including interest?,balance
How much spending money do I have before I dip into my overdraft?,balance
Is there enough money in my account for the $230 car service tomorrow?,balance
What's left in my account now that rent has gone out?,balance
Am I in credit at the moment?,balance
"Good morning, could you please let me know the current balance of my savings account? Thank you.",balance
"Hello, I'd like to check the balance on my checking account. I'm about to make a large purchase and want to be sure.",balance
Would you mind telling me my account balance? I can't seem to get it on my phone.,balance
I'd be grateful if someone could confirm my balance. I'm worried I might have gone overdrawn.,balance
"Sorry to bother you, could I have the balance of all my accounts please?",balance
I'm retired and on a fixed income and I like to check my balance before the pension comes in. Could you tell me what it is today?,balance
"The balance in the app says $0 but I'm sure that's not right. What's the actual balance? I had over $2,000 yesterday.",balance
I need the current balance of my business account. I have to pay three suppliers this afternoon. Please let me know as soon as possible.,balance
I've just been paid and I want to know my balance. I'm trying to work out how much I can put into savings this month.,balance
My daughter is at university and I top up her account. Could you tell me her current balance so I know whether she needs more?,balance
I'm trying to keep track of my spending while I'm on the road. Could you tell me what the balance is on my main account?,balance
I'm planning a holiday and need to know how much I have in savings. Could I get the exact figure?,balance
My partner said our rent came out today. I just want to know what's left in my account now.,balance
Why can't I ever just get my balance without waiting on hold for ages?,balance
"I've asked three times now, what is my balance?",balance
"The balance shown at the ATM doesn't match the one online, which one is right?",balance
"I just want to know how much money I have, why is this so hard?",balance
"Your text balance service hasn't worked in weeks, just tell me my balance.",balance
"Need my balance right now, I'm at the car dealer.",balance
"Quick, how much is in my checking? Card's about to be run.",balance
please tell me my balance I'm at the till,balance
"I need to know if I have $2,000 available in the next five minutes.",balance
whats my balance I need to know before the auction starts,balance
Could I have my balence on savngs?,balance
Hw much do I have in my account,balance
What is my avialable balance today?,balance
Need my acount balance before 3pm,balance
whats the balanse on my everyday acc,balance
Plese tell me how much money is in my checkng,balance
I want to check my ballance,balance
How much is in my busness account right now?,balance
what is the current balance on my savings account,balance
can i get my balance over the phone,balance
hows my balance looking after the weekend,balance
i need my balance for a rental application,balance
whats my available balance not the current one,balance
is my balance updated in real time,balance
Does my balance show money that hasn't cleared yet?,balance
What was my balance at the end of last month?,balance
Can I set up an alert that texts me my balance every morning?,balance
Is the balance on the ATM screen up to date?,balance
What's my balance in pounds and how much is in the euro account?,balance
How do I check my balance by phone banking?,balance
What's my balance after the $50 transfer to my son?,balance
Does my balance include the interest paid this month?,balance
"My balance seems lower than I expected, what is it exactly?",balance
"Checking my balance before rent day, what is it?",balance
"Hey, what's left in savings?",balance
Show me my balance please,balance
um I'm calling to check my balance on my student account,balance
hi so I just got paid and I want to know my balance now,balance
okay sorry what's my current balance and what's my available balance,balance
uh hello I'd like to know the balance of my savings account please,balance
right so I'm a parent and I want to check the balance on my son's account,balance
so uh I need my balance for a mortgage form I'm filling out,balance
"hi um I've just come back from holiday and I'm scared to look, what's my balance",balance
okay so basically I'm checking my balance because I think a payment might've bounced,balance
um right can I just get the balance on all my accounts,balance
hello yes um what's the balance on the account in my name only,balance
so I'm a freelancer and I'm waiting on a client to pay me what's my balance at right now,balance
hang on um can I just get my balance before I transfer anything,balance
uh hi I'm 72 can someone just tell me what's in my savings,balance
right okay my balance please I'm in a bit of a rush,balance
so um is my balance the same as yesterday or has anything changed,balance
What do I need to apply for a business loan as a sole trader?,business_loan
interested in a loan to open a second location for my hair salon,business_loan
uh hi I own a small plumbing company and I'm looking to borrow about forty thousand for a new van and tools,business_loan
What are your current rates on small business loans?,business_loan
How much could my company borrow? We turn over about £300k a year.,business_loan
"right so I applied for a business loan last Tuesday and I've heard nothing, can someone check the status",business_loan
Do you offer start-up loans for new businesses with no trading history?,business_loan
"I want to buy the commercial unit my shop is in, can I get a loan for that?",business_loan
"so basically my café needs a new coffee machine and fit-out, about thirty grand, what kind of finance do you do for that",business_loan
Is there an early repayment fee on my business loan?,business_loan
Can I increase the amount on my existing business loan?,business_loan
"um sorry I'm new to this, I've started a dog grooming business and I need some money to get going, do you lend to people like me",business_loan
"Need working capital to get through the quiet season, around $20k. What can you do?",business_loan
What documents do you need for a business loan application? Tax returns? Bank statements?,business_loan
My business loan was declined and I'd like to understand why.,business_loan
how long is the term on a business loan with you,business_loan
"okay so we're a family farm and we need finance for a new tractor, is that a business loan or something else",business_loan
"Is a personal guarantee required for a business loan under £50,000?",business_loan
Can I get a government-backed loan for my small business through you?,business_loan
I'd like to refinance my business loan from another bank to you.,business_loan
hi um I'm a freelance graphic designer and I want to borrow for a proper studio space,business_loan
What's the maximum you'd lend for buying into a franchise?,business_loan
Could my business loan repayments be paused for three months? Trade's been slow.,business_loan
do you need collateral for a business loan,business_loan
so uh my partner and I want to buy an existing bakery and we'd need a loan to cover most of it,business_loan
Is the interest on a business loan fixed or variable?,business_loan
How quickly can a business loan be approved? I have a contract starting next month.,business_loan
Do you lend to limited companies that are less than a year old?,business_loan
right so I need to hire two more staff and I need a loan to cover wages until the new contract pays,business_loan
Can I apply for a business loan online or do I need a meeting?,business_loan
What's the smallest business loan you offer?,business_loan
"I want to expand my online shop into a warehouse, looking at around $120k. Who do I speak to?",business_loan
"um is there someone I can talk to about a loan for my restaurant, we need to redo the kitchen",business_loan
How much would monthly repayments be on a £25k business loan over five years?,business_loan
Can I use a business loan to pay off my company's credit card debt?,business_loan
Do I need a business plan to get a loan from you?,business_loan
"Our business loan is due for renewal, what are the options?",business_loan
hi I'm retired but I'm starting a small B&B and I want to know about borrowing for the renovations,business_loan
Do you do equipment finance for medical practices?,business_loan
okay so my food truck needs a new generator and fridge and I'm hoping to borrow about fifteen thousand,business_loan
business loan application,business_loan
loan for my shop,business_loan
business loan rates,business_loan
apply for business loan,business_loan
startup loan?,business_loan
business loan status,business_loan
equipment loan for business,business_loan
need business funding,business_loan
loan for company van,business_loan
business finance options?,business_loan
How do I aply for a buisness loan?,business_loan
Whats the intrest rate on a small busness loan?,business_loan
"I need a loan for my compnay, about $60k",business_loan
Can my small buisness get a loan with bad credit?,business_loan
Wat documents do I need for a business lone?,business_loan
Hows my business loan aplication going?,business_loan
Looking for a loan to by a new delivery van for the shop,business_loan
Do you do loans for new busineses?,business_loan
Need to borow money to expand my salon,business_loan
"Business loan repaymnets are too high, can I change them?",business_loan
im a sole trader can i get a business loan,business_loan
how much can a small business borrow from you,business_loan
whats the process for a business loan,business_loan
do you offer loans for farms,business_loan
i need a loan to buy stock for my shop before christmas,business_loan
can i get a loan to start a cleaning business,business_loan
how long does business loan approval take,business_loan
my business loan payment date needs changing,business_loan
is there a business loan calculator somewhere,business_loan
we want a loan to buy a second truck for the company,business_loan
um hi I'd like some information about business loans please,business_loan
so I've got a small landscaping firm and um I'm thinking about borrowing to buy a bobcat,business_loan
right so I need to speak to someone about a loan for my business we're expanding,business_loan
uh hi I applied for a business loan and I want to know where it's at,business_loan
okay so basically I'm opening a gym and I need about two hundred thousand to fit it out,business_loan
hi um I'm a student and I've got a small online business and I want to know if I can get a loan for it,business_loan
so like what interest would I be paying on a business loan of about fifty thousand,business_loan
"hang on um I'm just looking at my business plan here, um, I need around eighty thousand to buy the equipment",business_loan
right I'd like to apply for a loan for my company we need new computers and software,business_loan
um yes I'm calling about getting finance for my building business,business_loan
so I'm a florist and I want to open a second shop how do I go about borrowing for that,business_loan
hi there um what security would you need for a business loan,business_loan
okay so I've had my business loan with you for two years can I pay it off early,business_loan
so uh my business partner and I want to borrow some money to buy out a competitor,business_loan
right um the bank manager said to ring about a business loan for my vet practice,business_loan
hi so I'm a freelancer and I need a loan for a new camera setup for my business,business_loan
um I'm 68 and I'm still running my shop and I'd like a small loan to refurbish it,business_loan
so basically I need cash flow help for my business until a big client pays in sixty days,business_loan
okay hi I want to know if you do business loans for tradies,business_loan
so the thing is I need to borrow for a commercial kitchen fit-out and I don't know where to start,business_loan
uh hello I've got a question about the repayments on my business loan,business_loan
right so we need about thirty grand to launch a new product line can we borrow that,business_loan
hi um can I get a business loan if I've only been trading six months,business_loan
so like do you need my personal tax returns too for a business loan,business_loan
okay so I run a mobile coffee van and I need finance for a second van,business_loan
um sorry I'm a bit nervous I've never borrowed for a business before what's the first step,business_loan
right I want to talk to someone about restructuring my business loan,business_loan
so uh my vineyard needs new irrigation and I'm looking at about ninety thousand,business_loan
"hi so I'm a dentist and I'm looking to buy into a practice, do you lend for that",business_loan
"Our bakery needs about $35,000 to replace the ovens. Can you help us fund that?",business_loan
I want to borrow money to grow my landscaping company. What are the options?,business_loan
"My shop needs extra capital before the Christmas rush, around £15k.",business_loan
What kind of financing do you offer for small companies buying machinery?,business_loan
We're a two-person startup and need funding to build our first product. Do you help businesses like ours?,business_loan
How much could my café borrow to renovate the kitchen?,business_loan
Do you provide finance for buying a commercial property for my practice?,business_loan
I need to borrow to cover payroll for a couple of months while a big invoice clears.,business_loan
Can my company get credit to purchase a fleet of three utes?,business_loan
"What would it cost my business to borrow $100,000 over seven years?",business_loan
I'm a sole trader and need money for new tools. Do you lend to people like me?,business_loan
Could I get funding to open a pop-up shop for the summer?,business_loan
Is it possible to borrow against my business's invoices?,business_loan
"We need finance to take on a big contract, materials up front, about £40k.",business_loan
Our salon needs new chairs and dryers. Do you offer financing for equipment?,business_loan
How do I get money from the bank to start a food business?,business_loan
I'd like to borrow for a new website and marketing push for my shop.,business_loan
What credit options are there for a business that's been trading 18 months?,business_loan
Would you finance the purchase of a franchise?,business_loan
I need capital to buy out my business partner's share.,business_loan
so um I need to borrow some money for my company to buy new stock,business_loan
right so we're expanding the workshop and we need finance for it,business_loan
uh hi what can you lend a small cleaning company,business_loan
okay so I want to fund a second food truck how would I do that,business_loan
hi um my farm needs money for a new shearing shed,business_loan
so basically we need funding for a new warehouse,business_loan
um what are my options for borrowing money for my shop,business_loan
right I need around twenty thousand to keep the business going over winter,business_loan
so like can a startup borrow from you with no track record,business_loan
hang on um what would you need from me to fund new equipment for the bakery,business_loan
hi so I'm a builder and I need finance for a new excavator,business_loan
okay um can my company borrow against our building,business_loan
so uh I want to open a coffee shop and need help with the start-up costs,business_loan
right um my practice needs new dental chairs and I need to borrow for them,business_loan
hi there I've got a small IT company and we need money to hire developers,business_loan
Our brewery needs about $250k to scale up production. What can you offer us?,business_loan
I need to fund a fit-out for my new boutique. How do I apply?,business_loan
What's the best way to finance new tractors for the farm?,business_loan
Is there funding for women-owned small businesses?,business_loan
Can my company borrow to cover a cash shortfall this quarter?,business_loan
"I'm buying an existing newsagent, how do I fund that through you?",business_loan
"Seasonal business here, can I get credit to cover the off-season?",business_loan
We need a cash injection to grow our online store.,business_loan
How do I finance commercial ovens for my pizzeria?,business_loan
Can I borrow for my business using my house as security?,business_loan
"Good afternoon, I'm looking for information on business loans for a new veterinary clinic. Could someone contact me?",business_loan
I'd be grateful for an appointment to discuss a business loan for my architecture firm.,business_loan
Would you be able to tell me the eligibility criteria for a small business loan?,business_loan
Could you please send me details of your business loan products? Thank you.,business_loan
"Hello, I run a small accountancy practice and I'm interested in a loan to purchase new premises.",business_loan
"I've been running my bakery for five years and business is steady. I'd like to borrow around £60,000 to open a second shop. What would I need to bring to an appointment?",business_loan
I'm a freelancer turning my work into a limited company. I'd need about $20k for equipment and software. Is that something you'd lend for?,business_loan
My business loan application was rejected last month. I've since improved my cash flow. Can I reapply now?,business_loan
"We're a family-run hardware store and we need to update our point of sale and shelving. It's around $45,000 all up. Do you offer loans for that kind of thing?",business_loan
I'm thinking about borrowing to buy a delivery van for my florist business. What would the interest rate be over five years? Is there a deposit needed?,business_loan
My son and I want to start a landscaping company together. We need about $70k for a truck and gear. How do we apply for a business loan together?,business_loan
Our restaurant had a rough year and we're struggling with the business loan repayments. Is there any way to extend the term? We don't want to fall behind.,business_loan
I own a small hotel and need to renovate ten rooms. I'm looking at around £150k. Who should I speak to?,business_loan
I'm retired and investing in a small vineyard. I need finance to buy the land and equipment. Is a business loan the right product?,business_loan
I'm 22 and run an online sneaker resale business. I want to borrow $10k to buy more inventory. Would you even consider someone my age?,business_loan
My business loan has been 'under review' for six weeks. This is unacceptable.,business_loan
Why was my business loan rejected when my turnover is solid?,business_loan
I've been passed around four departments trying to ask about a business loan. Who actually handles them?,business_loan
"honestly the rates on your business loans are way higher than other banks, can you do better",business_loan
So I was promised a decision on my business loan by Friday and it's now Wednesday.,business_loan
Need a business loan decision by tomorrow or I lose the lease!,business_loan
urgent - need short-term finance for my business this week,business_loan
"Supplier needs paying today, can I get an emergency business loan?",business_loan
please call me back about my business loan application asap,business_loan
so I need to know today whether my business loan is approved because the equipment sale ends tonight,business_loan
how much deposit do i need for a business vehicle loan,business_loan
can i get a business loan without a credit history,business_loan
what happens if i miss a business loan repayment,business_loan
is there a fee to apply for a business loan,business_loan
can i add my partner as a guarantor on my business loan,business_loan
do you do unsecured business loans,business_loan
i want to pay off my business loan early how much would that cost,business_loan
need finance for a new coffee machine for the cafe,business_loan
Can I get a busness loan for a franchise?,business_loan
My company needs a loan for new equipmnet,business_loan
Waht's the max business loan amont?,business_loan
Looking for a startup lone for my bakery,business_loan
Is my busines loan aproved yet?,business_loan
How long are buisness loan terms?,business_loan
"Need a loan for my tradie busines, about 30k",business_loan
Are business loan rates lower if I bank with you already?,business_loan
Can I get a business loan for a home-based business?,business_loan
What's the difference between a business loan and a business overdraft?,business_loan
Do business loans require a minimum annual turnover?,business_loan
Can I use a business loan to buy property for my company?,business_loan
Are there any fees for paying off a business loan early?,business_loan
Is there a grace period on business loan repayments?,business_loan
Can a charity apply for a business loan?,business_loan
"I'm a contractor, can I get a business loan to buy a van?",business_loan
Do you offer green loans for businesses installing solar panels?,business_loan
Can I switch my business loan to a fixed rate?,business_loan
um so I'm calling about my business loan I want to borrow a bit more,business_loan
hi um how much does it cost to set up a business loan,business_loan
right so I run a pet shop and I want to borrow money for a new fit-out,business_loan
okay um I've got a meeting with my accountant tomorrow and I need the rates for a business loan,business_loan
uh hi I want to borrow about a hundred thousand for my construction company,business_loan
so basically we want a loan to buy the building our business is in,business_loan
hi um is it possible to get a business loan with a low credit score,business_loan
so I'm a hairdresser and I'm going out on my own and I need a loan for the chairs and stuff,business_loan
right um what's the longest term you do for a business loan,business_loan
okay so my business loan repayment went up and I want to know why,business_loan
"I've lost my debit card somewhere in town, how do I get a replacement?",card_issues
my card was stolen from my bag at the gym this morning,card_issues
uh hi so my card's cracked right across the chip and the machines won't read it,card_issues
Ordered a new card two weeks ago and it still hasn't arrived.,card_issues
"The contactless on my card has stopped working, I have to put my PIN in every time now.",card_issues
right so my card expires at the end of the month and I haven't got the new one yet,card_issues
My card got put through the washing machine and now it's all bent.,card_issues
Why does my card keep getting declined at the petrol station? Works fine elsewhere.,card_issues
um I never received the PIN for my new card,card_issues
The ATM at the supermarket swallowed my card this afternoon. What happens now?,card_issues
my dog chewed my card lol need a new one,card_issues
The numbers on the front of my card have worn off and I can't use it online anymore.,card_issues
"so basically someone took my purse at the market and my card was in it, I need a new card sent",card_issues
"My name is spelt wrong on my new card, can I get it reissued?",card_issues
The magnetic strip on my card isn't working.,card_issues
"okay um my replacement card came but it won't activate, the phone line says invalid card",card_issues
Card keeps getting rejected for online purchases even though the details are right.,card_issues
I think I left my card in a taxi last night. Can you send me another one?,card_issues
"hi um my card got snapped in the car door, how long does a new one take",card_issues
"My card was sent to my old address and never came, can you send another?",card_issues
why is my card declining everywhere today,card_issues
The chip came out of my card completely.,card_issues
so I'm a student and my card just stopped working at the uni canteen and the library,card_issues
Can I get a new card sent express? Mine's broken and I need it for work.,card_issues
My card was stolen along with my phone on the bus.,card_issues
um hello my card's expired and the new one hasn't come in the post,card_issues
Got a new card in the post but it says the wrong expiry date on it.,card_issues
right so the card reader at the chemist keeps saying card error with my card,card_issues
"My card has a crack along the side, will it still work or should I get a new one?",card_issues
"lost my card at a concert, what do I do now",card_issues
The ATM kept my card after I typed in the wrong PIN once.,card_issues
My card won't tap anymore since I dropped my wallet in the pool.,card_issues
"I'm 80 and I can't find my card anywhere in the house, could you post me a new one?",card_issues
Card declined at three different shops today and I have money in my account.,card_issues
okay so my card melted a bit cause I left it on the dashboard in the sun,card_issues
How long does a replacement card usually take to arrive?,card_issues
I think my card has been cloned. There are charges I didn't make.,card_issues
My card has expired and I want to know when the new one will come.,card_issues
hang on um my new card arrived but it's for my husband's name not mine,card_issues
The card you sent doesn't have contactless.,card_issues
lost card,card_issues
card stolen,card_issues
card not working,card_issues
new card not arrived,card_issues
replacement card please,card_issues
card damaged,card_issues
chip not working,card_issues
card expired,card_issues
card declined again,card_issues
PIN never came,card_issues
My card wont work at any shop todya,card_issues
I lost my debit crad yesterday,card_issues
"New card hasnt come in the post yet, its been 2 weeks",card_issues
My card got stollen at the train station,card_issues
The chip on my card is damged,card_issues
"My card is expird, need a new one sent",card_issues
"Card keeps gettin declined, whats wrong with it?",card_issues
I cant find my card anywere,card_issues
Replacment card hasnt arrived,card_issues
My contactless isnt working on my card,card_issues
my card got stolen out of my car,card_issues
my card wont scan at the self checkout,card_issues
the new card you sent doesnt work,card_issues
i dropped my card down a drain,card_issues
my card keeps saying invalid when i shop online,card_issues
lost my card at the beach yesterday,card_issues
my card is peeling and the chip is loose,card_issues
never got my replacement card,card_issues
my card expired last week and i have nothing to pay with,card_issues
my card got eaten by the atm at the shopping centre,card_issues
um I'm calling because I've lost my bank card and I need a new one,card_issues
so I think my card's been stolen my wallet's gone from my bag,card_issues
right my card isn't working at all it just says declined everywhere,card_issues
uh hi I've been waiting for my new card for like three weeks now,card_issues
okay so the chip on my card is all scratched and it doesn't go in the machine properly,card_issues
hi um my card got stuck in the cash machine at the station and it didn't come back out,card_issues
so my card expired yesterday and I haven't got a new one what do I do,card_issues
um sorry I'm a bit stressed I've lost my card and I've got no other way to pay,card_issues
right so the tap thing on my card doesn't work anymore,card_issues
hi there my card snapped and I need a new one before the weekend,card_issues
so basically my card keeps getting declined at the supermarket but I've got money,card_issues
uh hello my new card came but there's no PIN letter with it,card_issues
okay so my daughter lost her card at school can I order her a new one,card_issues
hang on I'm just checking my wallet um no it's definitely gone my card's lost,card_issues
so I'm a pensioner and the machine at the post office says my card is unreadable,card_issues
right um I dropped my card and it cracked down the middle,card_issues
hi um the card you sent me has the wrong name on it it's missing my middle initial,card_issues
so uh my card keeps failing at the petrol pump but works inside the shop,card_issues
okay um I think somebody pinched my card at the pub last night,card_issues
um yes hello I need a replacement card mine's falling apart,card_issues
so I ordered a new card because mine was damaged and it still hasn't come,card_issues
right so my card doesn't work online it keeps saying card number invalid,card_issues
hi um my card got declined paying for petrol and I was so embarrassed,card_issues
so like my card just got stolen I literally just noticed,card_issues
okay hi my business card isn't working at our supplier's terminal,card_issues
My Visa has a crack right through the chip now.,card_issues
The plastic you sent me last month still hasn't shown up.,card_issues
"Lost my wallet with my debit in it, need another one sent out.",card_issues
Someone swiped my purse at the train station and my debit was in it.,card_issues
My Mastercard expired on the 30th and nothing new has arrived.,card_issues
"The self-checkout keeps rejecting my debit, but there's money in the account.",card_issues
The machine at the bus depot kept my debit and never gave it back.,card_issues
My debit's chip is hanging off.,card_issues
"Can't tap to pay anymore, it just beeps and fails.",card_issues
"I'm still waiting on my replacement Visa, it's been 3 weeks.",card_issues
My debit got bent in my back pocket and terminals won't read it.,card_issues
I put my wallet down at the café and when I came back my debit was gone. What now?,card_issues
My Mastercard won't go through on any website.,card_issues
The thing I pay with keeps getting refused at the servo.,card_issues
New debit arrived but the PIN letter never did.,card_issues
"My Visa says valid thru 10/26, I've had nothing new sent.",card_issues
The shop assistant says my debit is unreadable.,card_issues
"My purse was stolen with my bank stuff in it, I need replacements.",card_issues
The strip on the back of my Visa is scratched to bits.,card_issues
My replacement debit came with someone else's name on it.,card_issues
so um my debit just got declined at the chemist and I know I've got money,card_issues
right so my Visa's snapped in two,card_issues
uh hi I left my wallet on the train and my debit was in it,card_issues
okay so the new Mastercard you sent hasn't turned up yet,card_issues
hi um the terminal at the shop keeps saying chip error,card_issues
so basically my purse got nicked and I need to sort out my debit,card_issues
um the payment machine keeps rejecting my Visa,card_issues
right so the machine at the bank swallowed it and I need it back or a new one,card_issues
hang on um I think I left my debit at the restaurant last night,card_issues
hi there my Visa expired and I never got the new one,card_issues
so my son lost his debit at the skate park,card_issues
okay um nothing's come in the post and my old one runs out this week,card_issues
so uh my Mastercard got put in the dryer and now it's warped,card_issues
right I keep getting declined but there's plenty of money in there,card_issues
um hello I think someone took my debit from my locker at work,card_issues
My grandson says my debit has gone all faded and the shops can't read it.,card_issues
"Visa won't work for my bus fare anymore, tapping just fails.",card_issues
I've had nothing through the door since you said a replacement was coming.,card_issues
Every terminal says 'insert chip' and then 'chip error' with my debit.,card_issues
Someone broke into my car and took my wallet with my debit inside.,card_issues
The shopkeeper kept my debit because the machine flagged it?? What do I do?,card_issues
My debit has a hole punched through it from my keyring.,card_issues
"Lost my Mastercard on a night out, need a new one ASAP.",card_issues
my debit stopped working on online shopping sites today,card_issues
"the postman says nothing from you has come for me, my new debit should be here by now",card_issues
"Good morning, I'm afraid I've lost my debit card. Could you please arrange a replacement?",card_issues
Would it be possible to send a new card to my home address? Mine has been damaged.,card_issues
"Sorry to bother you, my card was stolen yesterday and I'd like a replacement please.",card_issues
Could you check whether my new card has been dispatched? It hasn't arrived yet.,card_issues
"Hello, my card has expired and I'd be grateful if a new one could be sent.",card_issues
I've been waiting over two weeks for my replacement card. I've checked with my neighbours and it hasn't been delivered there either. Can you send another one?,card_issues
My card was stolen from my coat at a restaurant. I've already reported it to the police. I need a new card as soon as possible.,card_issues
My card keeps getting declined at the supermarket. I've checked and there's plenty of money in the account. Is something wrong with the card itself?,card_issues
"The chip on my card is damaged and I can only use the magnetic strip, which most places don't accept. Please could you send me a replacement? I'd rather not go into the branch.",card_issues
I'm a small business owner and my company card stopped working this morning. Our suppliers are waiting to be paid. What's wrong with it?,card_issues
I lost my card while moving house. It might turn up but I'd rather have a new one. How long will it take?,card_issues
My elderly mother's card was taken by the ATM at her local branch. She's very upset and doesn't drive. Can a replacement be posted to her?,card_issues
I got a new card last week and it works in shops but not online. Every website says the card is invalid. Is it not activated properly?,card_issues
My son's card arrived but the PIN never did. He's at university and needs to get cash out. Can the PIN be resent?,card_issues
My card is due to expire next month. I usually get a new one automatically. Has it been sent yet?,card_issues
This is the second replacement card that hasn't arrived. What is going on?,card_issues
My card has been declined four times today and it's humiliating.,card_issues
Why do your cards keep breaking? This is my third one this year.,card_issues
I reported my card stolen a week ago and still no new one!,card_issues
honestly the new card you sent me doesn't work at all,card_issues
"Card stolen just now, need a new one urgently!",card_issues
My card isn't working and I'm at the checkout with a full trolley!,card_issues
"need replacement card today, I have nothing else to pay with",card_issues
"lost my card and my rent's due, what do I do quickly",card_issues
card got swallowed by the ATM and I need cash now,card_issues
how do i report my card lost,card_issues
my card isnt being accepted anywhere since yesterday,card_issues
can i get a new card sent to my work instead,card_issues
my new card came but its already damaged,card_issues
card expired how do i get a new one,card_issues
my card got stolen at a festival,card_issues
when will my replacement card arrive,card_issues
why wont my new card work in the atm,card_issues
I think I dropepd my card at the park,card_issues
My card chip is bent and wont go in the machien,card_issues
How do I get a new card if mine is brokn?,card_issues
Card got swalowed by the cash machine,card_issues
Still witing for my new debit card,card_issues
My card stoped working this morning,card_issues
"My card is crakced, can I get another?",card_issues
Can I collect a replacement card from a branch instead of waiting for post?,card_issues
My card was stolen. Do I need a police report to get a new one?,card_issues
Is there a fee for a replacement card?,card_issues
My card keeps being declined at contactless terminals only.,card_issues
How do I activate my replacement card?,card_issues
My virtual card isn't working for online purchases.,card_issues
Will my card number change with the replacement?,card_issues
Lost my card but found it again. Is the old one still okay to use?,card_issues
My card was declined at the pharmacy for no reason.,card_issues
My new card's signature strip is missing.,card_issues
"Card expires soon, will I get a new one automatically?",card_issues
um so my card's been declined twice today and I don't know why,card_issues
right so I've lost my card somewhere between work and home,card_issues
uh I need a new card my old one's all scratched and doesn't work,card_issues
hi um my card hasn't come and I'm going to the shops later,card_issues
so basically I've had my wallet stolen with my card in it,card_issues
okay um the card machine at the café says my card is not supported,card_issues
hi so I'm a freelancer and my business debit card keeps failing for online payments,card_issues
right um my card's chip has popped out,card_issues
hi there um my card got caught in the ATM and the bank's closed,card_issues
so uh how do I order a new card mine expired,card_issues
um I'm calling because I can't find my card anywhere,card_issues
okay so my card got wet and now it doesn't work,card_issues
right so my replacement card hasn't arrived and the old one's cancelled,card_issues
hang on sorry um my card just got declined at the bakery what's wrong with it,card_issues
Can I deposit cash at any of your ATMs or only certain ones?,cash_deposit
i want to put 600 dollars cash into my savings,cash_deposit
"uh hi so I've got a bag of coins from my kids' piggy banks, can I deposit them at the branch",cash_deposit
Where's the nearest branch with a cash deposit machine?,cash_deposit
I deposited £400 in cash at the counter yesterday and it's not showing in my account.,cash_deposit
"right so I run a fish and chip shop and I need to bank the takings every night, what's the best way",cash_deposit
Is there a fee for depositing cash into my business account?,cash_deposit
How do I deposit cash into my daughter's account? She's at uni in another city.,cash_deposit
um can I pay cash into someone else's account if I've got their details,cash_deposit
Do you still have a night safe at the Main Street branch?,cash_deposit
"The deposit machine rejected two of my $50 notes, what should I do with them?",cash_deposit
"I'd like to deposit $8,000 in cash. Do I need to fill in any forms?",cash_deposit
so basically I sold my old car for cash and I want to put it in the bank,cash_deposit
Can I deposit coins at the ATM or do they have to go over the counter?,cash_deposit
What time does the branch stop taking cash deposits on Saturdays?,cash_deposit
How long does a cash deposit take to clear?,cash_deposit
okay um I got paid in cash for a cleaning job and I want it in my account today,cash_deposit
Can I deposit cash at the post office into my account with you?,cash_deposit
I deposited cash at the machine but the receipt shows the wrong amount.,cash_deposit
"hi um I've got my grandad's birthday money for my son, about two hundred pounds, can I put it in his savings",cash_deposit
Do I need my card to deposit cash at the ATM?,cash_deposit
Is there a limit to how many coins I can bring in to deposit?,cash_deposit
Can I deposit cash into my business account at a personal banking ATM?,cash_deposit
right so I've got about three grand from a garage clear-out and I want to bank it,cash_deposit
My cash deposit from Friday still hasn't been credited.,cash_deposit
Do I need to bag coins before depositing them?,cash_deposit
"so uh I'm a freelancer and some clients pay me cash, how do I get that into my account",cash_deposit
Which branches near Parramatta take cash deposits?,cash_deposit
How do I deposit cash for my small business after hours?,cash_deposit
"I want to put my holiday cash back into my account, about $350.",cash_deposit
"um hello I'm 77 and I keep some money at home and I'd like to deposit it, where do I go",cash_deposit
Can I deposit cash with just my account number and no card?,cash_deposit
Are there any cash deposit ATMs open 24 hours?,cash_deposit
I tried to deposit cash at the ATM and it kept the money but didn't credit me!,cash_deposit
so like can I put cash into my account through the machine at the shopping centre,cash_deposit
How do I deposit a large amount of cash safely?,cash_deposit
Does a cash deposit at the counter show in my account straight away?,cash_deposit
"hang on um I've got about a hundred and twenty quid in notes here, can I pay it in at the machine",cash_deposit
Can my partner deposit cash into my account for me?,cash_deposit
deposit cash,cash_deposit
cash deposit atm,cash_deposit
where to deposit coins,cash_deposit
paying in cash today,cash_deposit
deposit takings,cash_deposit
cash not credited,cash_deposit
deposit machine nearby?,cash_deposit
coins into savings,cash_deposit
night safe deposit,cash_deposit
cash deposit fee?,cash_deposit
How do I depost cash at the ATM?,cash_deposit
I want to deposite $200 cash today,cash_deposit
Were can I deposit coins?,cash_deposit
Cash deposit hasnt shown up in my acount,cash_deposit
Can I deposit cash at a diffrent branch?,cash_deposit
How much does it cost to deposit cash in my busines account?,cash_deposit
"Need to pay in cash for my son, he's at uni",cash_deposit
Is the deposit machin at the high street branch working?,cash_deposit
Want to deposit some cahs into my savings,cash_deposit
Can I deposit cash on a sunday?,cash_deposit
how do i deposit cash without going into the branch,cash_deposit
can i deposit coins at the atm,cash_deposit
i want to put cash in my kids account,cash_deposit
where can i deposit cash in town,cash_deposit
deposited cash yesterday and its not there,cash_deposit
is there a cash deposit limit at the machine,cash_deposit
do you take rolled coins,cash_deposit
can i deposit cash into a savings account directly,cash_deposit
how long till my cash deposit shows up,cash_deposit
i have 2000 cash from selling my bike where do i deposit it,cash_deposit
um hi I'd like to deposit some cash into my account please,cash_deposit
so I've got a jar full of coins and I want to put them into my account,cash_deposit
right I'm calling to ask where I can deposit cash after work,cash_deposit
uh hi I own a corner shop and I need to deposit the week's takings,cash_deposit
okay so I put cash in at the machine and it's not showing up,cash_deposit
hi um can my son deposit cash into my account for me I'm housebound,cash_deposit
so basically I sold some furniture and got paid in cash and I want it in the bank,cash_deposit
um so the ATM took my cash but only credited half of it,cash_deposit
right so is there a fee for paying in coins,cash_deposit
hi there I've got some cash from my birthday and I want to put it in my savings,cash_deposit
so uh I'm a student and I do some tutoring for cash how do I get it into my account,cash_deposit
okay um what are the hours for cash deposits at the Bondi branch,cash_deposit
hang on um do I need a deposit slip or can I just hand it over,cash_deposit
so like I've got about five hundred bucks in cash can I deposit it at the ATM,cash_deposit
right um I need to pay cash into my business account and I can't get to a branch,cash_deposit
hi um I've got some money from selling stuff online and they paid cash can I deposit it,cash_deposit
"so the machine wouldn't take my old notes, can I deposit them at the counter",cash_deposit
uh yes hello I want to pay in some cash to my granddaughter's account,cash_deposit
okay so basically my cafe takes a lot of cash and I need a better way to bank it,cash_deposit
"hi um I'm a bit worried carrying ten thousand in cash to the branch, what's the safest way to deposit it",cash_deposit
"I've got a tin full of £1 coins, how do I get them into my account?",cash_deposit
My nan gave me $500 in notes for my birthday. Can I put it straight into my savings?,cash_deposit
What's the easiest way to get the shop's weekend takings into the business account?,cash_deposit
I've got a stack of twenties from selling my drum kit. Where do I take them?,cash_deposit
Can I hand over notes at the counter and have them go into my son's account?,cash_deposit
The machine took my money but my account didn't go up.,cash_deposit
How do I get the coins from my swear jar into my account?,cash_deposit
I got paid in notes for babysitting. Can I put that in at an ATM?,cash_deposit
Where do I drop off the day's takings after closing time?,cash_deposit
Can I feed notes into the machine at your Fremantle branch?,cash_deposit
I've got around £900 in notes from the car boot sale. How do I pay that in?,cash_deposit
"Want to bank the money from our school fundraiser, it's all in coins and notes.",cash_deposit
Can I pay in notes at the post office for my account with you?,cash_deposit
"My tips are all paper money, how do I get them into my account quickly?",cash_deposit
"I sold my old bike for $250 in notes, can I put it in at the machine?",cash_deposit
What's the process for paying in a large amount of notes?,cash_deposit
Does the machine accept coins as well as notes?,cash_deposit
"I've got some old £20 notes, can I still pay them into my account?",cash_deposit
Can my mum put money into my account at her local branch? She doesn't do online.,cash_deposit
I'd like to put the money from my garage sale into savings.,cash_deposit
so um I've got a big bag of coins and I want them in my account,cash_deposit
right I want to put some notes into my account at the machine,cash_deposit
uh where can I take the money from my market stall to bank it,cash_deposit
okay so I've got a wad of notes from selling my car how do I get it in the bank,cash_deposit
hi um my granddaughter gave me notes to put in her account how do I do that,cash_deposit
so basically I've got the shop takings and I want them in the bank tonight,cash_deposit
um can I put money in at the machine without my card,cash_deposit
right so the machine ate my notes and my account didn't change,cash_deposit
hang on um I've got coins and notes from the fete can I bank them together,cash_deposit
hi there I want to put my winnings from the races into my account,cash_deposit
so like I've got all this paper money from tips where do I take it,cash_deposit
okay um can I put money in for my husband he's in hospital,cash_deposit
so I've been paid for a gardening job in notes how do I put it in,cash_deposit
uh I'd like to bank about three hundred dollars in coins from my vending machines,cash_deposit
right um the money I put in at the branch on Monday isn't in my account yet,cash_deposit
Can I bring in my takings in a bag without counting it first?,cash_deposit
Do you count coins for me or do I have to roll them?,cash_deposit
"Our church collected $1,400 in the offering, how do we bank it?",cash_deposit
Can I put notes in at the counter for my brother's account with you?,cash_deposit
How do I add the money I got from my stall to my business account?,cash_deposit
Is it possible to put notes into my account at a petrol station?,cash_deposit
"My kids want to put their pocket money in their savings, can they do it themselves at the machine?",cash_deposit
Where's the closest place I can bank notes on a Sunday?,cash_deposit
"The machine said it couldn't accept my notes, why?",cash_deposit
Do I need ID to pay in a large amount of notes?,cash_deposit
"Good afternoon, could you tell me where I can deposit cash near Clapham? Thank you.",cash_deposit
I'd be grateful if you could explain how to deposit coins at my local branch.,cash_deposit
Would it be possible to deposit cash into my business account at any branch?,cash_deposit
"Sorry to trouble you, I deposited cash on Tuesday and I can't see it. Could you check?",cash_deposit
"Hello, I'd like to make a cash deposit of around $1,500. Is there anything I need to bring?",cash_deposit
I run a small bakery and we take quite a lot of cash. Going to the branch every day is hard. Do you have a night safe or some other way to deposit after hours?,cash_deposit
I deposited $700 at the ATM on Saturday and only $500 showed up. I still have the receipt. Could someone look into it?,cash_deposit
My elderly father keeps cash at home and wants to deposit it. He can't use the machines. Is there someone at the branch who can help him?,cash_deposit
I've been saving coins in a big jar for two years. It's probably over a hundred dollars. Can I bring it all in at once?,cash_deposit
"I'm a freelancer and a client paid me £2,000 in cash. I want to deposit it but I'm worried it'll be flagged. What do I need to do?",cash_deposit
We had a garage sale at the weekend and made about $600. I'd like to put it into our savings account. Is the ATM okay for that?,cash_deposit
My teenage son has a part-time job paid in cash. He wants to deposit it into his account. Can he do it himself or does he need me?,cash_deposit
I tried to deposit cash at the machine but it gave the money back saying it couldn't process it. I tried twice. Is the machine broken or is it my account?,cash_deposit
"I'm retired and I'd like to deposit some cash I've had at home. It's around £3,000. Do I need to make an appointment?",cash_deposit
I've just got back from a trip and have about $300 in leftover cash I want to put back into my checking account. Can I do that at the drive-through?,cash_deposit
The deposit machine has been out of order for a week. Where else can I deposit cash?,cash_deposit
I deposited cash three days ago and it STILL isn't in my account.,cash_deposit
Why do you charge me to deposit my own cash?,cash_deposit
"honestly the queue to deposit cash at your branch is ridiculous, is there another way",cash_deposit
"The ATM took my $200 and gave me nothing, not even a receipt.",cash_deposit
Need to deposit cash today before my rent comes out tonight!,cash_deposit
"I have to get this cash into my account in the next hour, where's the closest machine?",cash_deposit
"please, my cash deposit vanished, I need it back today",cash_deposit
need to bank my takings before the branch closes at 4,cash_deposit
"deposited cash and it's gone, urgent",cash_deposit
can i deposit cash at the supermarket,cash_deposit
where do i deposit cash after 5pm,cash_deposit
how do i deposit cash into my business account,cash_deposit
the atm didnt give me a receipt for my cash deposit,cash_deposit
do i need an envelope for the deposit machine,cash_deposit
i deposited the wrong amount can i fix it,cash_deposit
how do i deposit coins for my shop,cash_deposit
can i deposit cash for someone else,cash_deposit
is there a maximum cash deposit at the counter,cash_deposit
Can I depsoit cash at the ATM at Westfield?,cash_deposit
My cash depost isnt showing,cash_deposit
Wher is the nearest deposit machine?,cash_deposit
How do I deposit coisn?,cash_deposit
Want to deposit my busness takings,cash_deposit
Can I deposit cahs on the weekend?,cash_deposit
Do I get a receipt for a cash deposit at the counter?,cash_deposit
Can I deposit cash using the app somehow?,cash_deposit
Does the cash deposit ATM accept $100 notes?,cash_deposit
Do you have a coin counting machine at the branch?,cash_deposit
Can I deposit cash into a fixed-term savings account?,cash_deposit
Will a big cash deposit trigger any checks?,cash_deposit
How many notes can the deposit machine take at once?,cash_deposit
Do I need to fill in a deposit slip?,cash_deposit
Can I deposit cash in my company's name at a branch?,cash_deposit
Is there a business express deposit service?,cash_deposit
Can I deposit cash through a teller without a card?,cash_deposit
um hi where's the closest place I can deposit cash,cash_deposit
so I've got a couple hundred dollars cash I need to deposit,cash_deposit
right so I deposited cash at the branch and I didn't get a receipt,cash_deposit
uh can I deposit coins over the counter or do I need to roll them,cash_deposit
okay so I'm a parent and I want to deposit cash into my kid's account,cash_deposit
hi um I want to make a cash deposit for my business but the branch is closed,cash_deposit
so basically the deposit machine is jammed and has my money,cash_deposit
um hello do I have to come in to deposit cash or is there another way,cash_deposit
right so I've got some cash from a client and I want to deposit it today,cash_deposit
hi there um is the deposit machine at Southport working,cash_deposit
so uh I put cash in the wrong account at the machine can that be fixed,cash_deposit
okay um I've got coins from the vending machines at my laundromat to deposit,cash_deposit
hang on so do I need to count the cash before I deposit it,cash_deposit
um so I'm elderly and I can't use the deposit machines can someone help me,cash_deposit
right I'd like to deposit about two thousand pounds in cash,cash_deposit
hi um I deposited cash this morning and it's not in my account yet,cash_deposit
so like can I just walk in and deposit cash or do I need an appointment,cash_deposit
okay so where do small businesses usually deposit their cash,cash_deposit
um is there any way to deposit cash at night,cash_deposit
uh hi my wife wants to deposit some cash into my account can she do that,cash_deposit
How do I set up a direct debit for my mobile phone contract?,direct_debit
cancel the direct debit to Summit Fitness please,direct_debit
"uh hi I need to change the date my mortgage direct debit comes out, payday's moved to the 25th",direct_debit
Can I move all my direct debits over to my new current account?,direct_debit
"There's a direct debit coming out that I never agreed to, Clearview Media, £9.99 a month.",direct_debit
right so my car insurance direct debit bounced and I want to make sure it goes out next time,direct_debit
Where can I see a list of all my active direct debits?,direct_debit
I want to set up autopay for my credit card so I never miss the minimum.,direct_debit
How do I stop a recurring card payment to a streaming service?,direct_debit
"um the water company increased my direct debit without telling me, can I change it back",direct_debit
Set up a monthly direct debit of $85 to Coastline Broadband from the 1st.,direct_debit
so basically I've switched energy suppliers and I need to cancel the old direct debit and set up the new one,direct_debit
Can I pause a direct debit for a couple of months?,direct_debit
What's the difference between a standing order and a direct debit?,direct_debit
"My direct debit for council tax failed, what happens now?",direct_debit
how do i cancel autopay on my phone bill,direct_debit
I'd like to claim back a direct debit taken in error under the guarantee.,direct_debit
okay um I want my rent to go out automatically every fortnight to my landlord,direct_debit
Can I change which account my direct debits come out of?,direct_debit
"hi um my late husband's direct debits are still coming out, I need them stopped",direct_debit
Why did my gym direct debit come out twice this month?,direct_debit
"Need to update the amount on my childcare direct debit, it's gone up to $420.",direct_debit
so uh how long does it take to set up a direct debit,direct_debit
"I'd like to stop the direct debit to my old insurance company, I've switched.",direct_debit
Can I set up a direct debit online or do I need a form?,direct_debit
right I want to cancel all the direct debits on my old account before I close it,direct_debit
Is there a fee if a direct debit fails?,direct_debit
How do I authorise my landlord's agency to take rent by direct debit?,direct_debit
"I'm a small business owner, how do I set up direct debits for my suppliers?",direct_debit
so I'm a student and I want my phone payment to come out automatically after my loan goes in,direct_debit
Please stop the recurring payment to Brightline Magazines.,direct_debit
"My direct debit went out early, before my pay came in. Can I change the date?",direct_debit
"hang on um I think there's an old direct debit for a magazine still going out, can I cancel it",direct_debit
Can I set up autopay for my student loan repayments?,direct_debit
Do I need to tell you if I cancel a direct debit with the company directly?,direct_debit
um so I set up a direct debit last week and the first payment didn't go out,direct_debit
How can I reinstate a direct debit I cancelled by mistake?,direct_debit
Change the amount on my savings auto-transfer to $200 a month please.,direct_debit
so like can I make my electricity come out automatically every quarter,direct_debit
Why was my direct debit to the council returned unpaid when I had money?,direct_debit
cancel direct debit,direct_debit
set up autopay,direct_debit
new direct debit,direct_debit
stop recurring payment,direct_debit
change direct debit date,direct_debit
direct debit failed,direct_debit
list my direct debits,direct_debit
cancel gym autopay,direct_debit
move direct debits,direct_debit
unknown direct debit,direct_debit
How do I cancle a direct debit?,direct_debit
I want to set up a direct debt for my gas,direct_debit
Can I chnage my direct debit amount?,direct_debit
There's a direct debit I dont recognise on my acount,direct_debit
Need to stop my autopay for my streming plan,direct_debit
How do I move my direct debits to my new acount?,direct_debit
My direct debit didnt go thru this month,direct_debit
Please cancell my gym direct debit asap,direct_debit
Can I set up an auto paymnet for my water?,direct_debit
"Direct debit date is wrong, can you chnage it to the 5th?",direct_debit
i want to cancel a direct debit,direct_debit
how do i set up automatic payments for my rent,direct_debit
can i see all my direct debits in the app,direct_debit
my direct debit amount is wrong,direct_debit
stop the autopay on my car insurance,direct_debit
i need to set up a direct debit for my kids school fees,direct_debit
can a direct debit come out on a weekend,direct_debit
how do i claim back a direct debit,direct_debit
cancel the recurring charge from my old phone company,direct_debit
can i set up a direct debit to my credit card from this account,direct_debit
so I need to set up a direct debit for my new gym membership,direct_debit
right so there's a direct debit going out that I don't know anything about,direct_debit
uh hi I want to change the date on my direct debit for my car loan,direct_debit
okay so I've got a new account and I need all my direct debits moved over,direct_debit
hi um my husband passed away and his direct debits are still being taken from our account,direct_debit
so basically I want my credit card to pay itself off every month automatically,direct_debit
um so my direct debit bounced and now I've got a charge from the company,direct_debit
right I'm a landlord and I want my tenants to pay me by direct debit how does that work,direct_debit
hi there I'd like to cancel the direct debit to my old broadband provider,direct_debit
so uh can I set up autopay for my utilities,direct_debit
okay um the amount on my insurance direct debit has gone up and I didn't agree to it,direct_debit
hang on so if I cancel the direct debit does that cancel my contract too,direct_debit
so like how do I stop a subscription that keeps taking money every month,direct_debit
right um I want my mortgage payment to come out on the first instead of the fifteenth,direct_debit
hi um I'm a freelancer and I want to set up recurring payments for my software subscriptions,direct_debit
so I'm retired and I want to make sure my bills come out automatically every month,direct_debit
uh yes hello I need to stop a direct debit urgently it's coming out tomorrow,direct_debit
okay so the charity I donate to is taking the wrong amount by direct debit,direct_debit
um can I set up a direct debit over the phone,direct_debit
The gym keeps taking £35 every month even though I left. Make it stop.,direct_debit
I want my phone plan to just come out of my account on the 10th each month without me doing anything.,direct_debit
How do I let my insurer take the premium from my account each month?,direct_debit
My energy company wants my bank details so they can collect monthly. How does that work?,direct_debit
A company called Pinnacle Media takes £12.99 from me every month and I don't know who they are.,direct_debit
Can my council rates be taken from my account each quarter on their own?,direct_debit
I'd like the monthly payment to my nursery to move from the 1st to the 15th.,direct_debit
My landlord wants to pull the rent straight from my account every month. How do I agree to that?,direct_debit
Something called Fernway Subscriptions is charging me monthly and I want it ended.,direct_debit
Can the money for my phone come out of my savings instead of my everyday account every month?,direct_debit
How do I give my water company permission to collect payments from my account?,direct_debit
My insurance has been taking the wrong amount each month since March.,direct_debit
Please make sure the yoga studio can't take any more monthly payments from me.,direct_debit
I want the $50 for my son's swimming lessons to come out on its own every fortnight.,direct_debit
Who's taking £4.99 out every month? I want it stopped going forward.,direct_debit
so um I want my car insurance to just come out every month by itself,direct_debit
right so the gym's still charging me monthly and I cancelled ages ago,direct_debit
uh how do I let the broadband company take the money each month,direct_debit
okay so I want to change the day my rent leaves my account each month,direct_debit
hi um the magazine company keeps taking money every month and I didn't sign up,direct_debit
so basically I need the monthly payments to my phone company moved to my new account,direct_debit
um can I stop the money the charity takes every month,direct_debit
right so my energy supplier wants to take payments from my account how do I set that up,direct_debit
hang on um the amount my insurer takes every month has doubled can I change that,direct_debit
hi there I'd like to stop the monthly charge from my old dating app,direct_debit
so like I want my credit card paid off in full on its own each month,direct_debit
okay um can my nursing home fees come out of my account every month without me doing it,direct_debit
so uh there's a monthly payment for a protection plan I don't want anymore,direct_debit
right um can I set it so my mortgage goes out the day after payday,direct_debit
hi um I want my council tax taken from my account in ten instalments,direct_debit
Can the company that does my bins take payment straight from my account each quarter?,direct_debit
"I don't want the streaming service charging me monthly anymore, how do I stop it from my end?",direct_debit
How do I let my daughter's school collect fees from my account each term?,direct_debit
I've been charged monthly by a cloud storage company I never use. Can I stop it?,direct_debit
Can I make my savings transfer happen by itself every payday?,direct_debit
My utility company says the monthly collection was refused. Why?,direct_debit
I'd like the vet insurance to stop coming out of my account each month.,direct_debit
I want my phone company to stop pulling money from my account and I'll pay manually.,direct_debit
How do I give permission for my loan repayments to be taken from my account fortnightly?,direct_debit
Is it possible to cap how much a company can take from my account each month?,direct_debit
My old landlord is still taking rent from my account every month!,direct_debit
"The amount Greenhill Water collects each month is wrong, I agreed to $60 not $90.",direct_debit
Every month on the 3rd something called Novia Services takes money. Stop it please.,direct_debit
The newspaper delivery company keeps charging me monthly after I cancelled.,direct_debit
Is there a way to stop any company taking money from my account so I just pay them myself?,direct_debit
"Good morning, I'd like to set up a direct debit for my home insurance please.",direct_debit
Could you help me cancel a direct debit? It's to a gym I no longer attend.,direct_debit
Would it be possible to change the payment date of my direct debit to the 20th?,direct_debit
I'd be grateful if you could tell me which direct debits are active on my account.,direct_debit
"Sorry to bother you, how do I set up autopay for my electric company?",direct_debit
I've moved my salary to a new account with you. I'd like all my direct debits moved over from the old one. Is there a switching service that does this?,direct_debit
There's a direct debit for £29.99 coming out every month to a company I've never heard of. I've never signed anything with them. Can you stop it and get my money back?,direct_debit
My mortgage direct debit comes out on the 1st but I get paid on the 5th now. Can I change the date? I don't want to go overdrawn.,direct_debit
I'm retired and I'd like to set up direct debits for all my regular bills. I don't trust myself to remember them all. Can someone help me do it?,direct_debit
My gym direct debit was cancelled by mistake and now they're charging me a late fee. Can it be reinstated? I'd like it to come out on the same date as before.,direct_debit
I run a small cleaning business. I'd like my customers to pay me by direct debit each month. What do I need to set that up?,direct_debit
My son is at university and his phone contract is in my name. I want to set up a direct debit for it from my account. How do I do that?,direct_debit
I set up autopay for my credit card but it only paid the minimum. I want it to pay the full statement amount. How do I change that?,direct_debit
I cancelled my TV subscription but the direct debit is still active. They've taken another payment. Can you cancel it on your side?,direct_debit
My elderly mother has several old direct debits for things she doesn't use anymore. I have power of attorney. Can we cancel them together?,direct_debit
I cancelled that direct debit THREE times and it keeps coming back!,direct_debit
Why didn't my direct debit go out? Now I've got a late payment fee.,direct_debit
Your system set up the direct debit for the wrong amount.,direct_debit
honestly I asked for the autopay to be cancelled last month and it took money again,direct_debit
Who authorised this direct debit? Not me!,direct_debit
Stop the direct debit to Kestrel Energy before it comes out tonight!,direct_debit
"Need to cancel an autopay today, it'll overdraw me",direct_debit
"direct debit is about to come out and I don't have the money, can it be delayed?",direct_debit
"please cancel the direct debit now, it's a scam",direct_debit
need my mortgage direct debit date changed before Friday,direct_debit
can i set up a direct debit for my credit card,direct_debit
how do i stop autopay on my gym,direct_debit
whats the earliest date a new direct debit can start,direct_debit
my direct debit went out twice,direct_debit
can i change the amount of a direct debit myself,direct_debit
how do i set up a direct debit for my rates,direct_debit
i want all direct debits on my old account cancelled,direct_debit
can i set up autopay for my car payment,direct_debit
My direct debti went out on the wrong date,direct_debit
Can I set up a direct debit for my morgage?,direct_debit
How long does a direct debit take to cancle?,direct_debit
Need to stop my insurance auto payemnt,direct_debit
Can I chang where my direct debits come out from?,direct_debit
I want to set up an autopay for my utilites,direct_debit
How many days notice do I need to cancel a direct debit?,direct_debit
Can I set a direct debit to come out on the last working day of the month?,direct_debit
Is it possible to have a variable direct debit for my energy?,direct_debit
Will my direct debits still go out if my account is overdrawn?,direct_debit
How do I check when my next direct debit is due?,direct_debit
Can I set up autopay for a minimum payment only?,direct_debit
Can I cancel a direct debit in the app?,direct_debit
"My direct debit reference is wrong, can it be updated?",direct_debit
Do direct debits transfer automatically when I switch accounts?,direct_debit
What happens to my direct debits if I close my account?,direct_debit
I want my phone direct debit to come from my other account instead.,direct_debit
um hi I need to set up a direct debit for my rent please,direct_debit
so I want to cancel the autopay for my credit card I'll pay it myself,direct_debit
right so the direct debit for my car insurance needs to change to the twentieth,direct_debit
uh hi there's a direct debit I want to stop it's for an old phone contract,direct_debit
okay so I'm a parent and I want to set up direct debits for my kids' activities,direct_debit
hi um my direct debit for the water hasn't gone out this month,direct_debit
so basically I'd like all my direct debits on one day of the month,direct_debit
um how do I set up autopay for my mortgage,direct_debit
right um I've got a direct debit that's still going to my old landlord,direct_debit
hi so I need to change the account my direct debits come from,direct_debit
so uh the company says my direct debit was cancelled but I didn't do that,direct_debit
okay um can I set up a direct debit for my pet insurance,direct_debit
hang on I've got the letter here um it says my direct debit is changing to forty two pounds,direct_debit
um so I want to cancel a direct debit for a charity I don't support anymore,direct_debit
right so is it possible to set up a direct debit for my business rates,direct_debit
hi um I'm 70 and I want my gas and electric to come out by direct debit,direct_debit
so like the autopay on my credit card took the full amount and I only wanted the minimum,direct_debit
okay so can I set up a direct debit that starts next month,direct_debit
uh hi I just want to know what direct debits I've got set up,direct_debit
so I'm a small business owner and I want to collect payments from my clients by direct debit,direct_debit
How do I freeze my card in the app? I can't find it.,freeze
"block my credit card now, there's a transaction in a shop I've never been to",freeze
"uh hi so I found my card under the car seat, can you unfreeze it",freeze
Why has my account been frozen? I can't access any of my money.,freeze
"Please lock my debit card temporarily, I think I left it at a friend's place.",freeze
"right so I got a dodgy text and clicked the link, I want my account blocked straight away",freeze
Can I freeze just my credit card and keep the debit card working?,freeze
"Unblock my card please, I've confirmed the transactions were mine.",freeze
"um my account's been blocked after I made a big transfer, how do I get it unblocked",freeze
"I want to freeze my son's card, he's been spending on games without asking.",freeze
Is there a way to freeze my card for online purchases only?,freeze
so basically an employee left the business with a company card and I need it frozen today,freeze
How long does it take to unfreeze an account after a fraud check?,freeze
"my card got temporarily blocked because of suspicious activity, it was me, can it be unblocked",freeze
"Please freeze my account, I think my ex knows my login details.",freeze
hi um I froze my card in the app by mistake and now I can't work out how to undo it,freeze
Can I put a block on gambling transactions on my card?,freeze
"Block my card ASAP, my bag was snatched ten minutes ago.",freeze
How do I unlock my card after three wrong PIN attempts?,freeze
"okay so my bank account says restricted and I can't pay anyone, why is it frozen",freeze
Can my mum's account be frozen? She's being targeted by scammers.,freeze
I'd like to freeze my savings account so nothing can be taken out for a while.,freeze
"so uh I put a freeze on my card yesterday and found it, how do I turn it back on",freeze
Do I lose my direct debits if I freeze my card?,freeze
"I need my business account unfrozen, payroll is due tomorrow.",freeze
"right um I think my card details were stolen online, please block the card",freeze
Is freezing my card the same as cancelling it?,freeze
Can I temporarily block my card while I'm in hospital?,freeze
um sorry I'm in a panic I've been scammed and I need my accounts frozen right now,freeze
Your fraud team froze my card but I don't know why.,freeze
how do i unfreeze my debit card,freeze
"Lock my card please, I can't find it but I don't want a new one yet.",freeze
Can my partner freeze my card for me if I'm unwell?,freeze
"hang on um I'm looking at my app and I can see the card is frozen, I didn't do that",freeze
I'd like to block all contactless payments on my card.,freeze
How do I freeze a lost card if I can't log in?,freeze
"so I'm a student and someone used my card at a bar, can you freeze it",freeze
"Please lift the block on my account, I've provided the ID you asked for.",freeze
can you put a temporary stop on my card,freeze
I want to freeze my card until I find out who's been using it.,freeze
freeze my card,freeze
block my account,freeze
unblock my card,freeze
lock card now,freeze
account frozen why,freeze
temporary card freeze,freeze
unlock my account,freeze
block card please,freeze
freeze credit card,freeze
Pleas freeze my card right now,freeze
How do I unfreze my card?,freeze
"My acount has been frozen, why?",freeze
"Need to blcok my card, it might be stolen",freeze
Can you unblok my debit card?,freeze
"Card locked after wrong pin, how do I unlok it",freeze
Want to freez my credit card for a few days,freeze
"Pls block my acount, been hacked",freeze
How do I lift the frezze on my account?,freeze
"My card is blokced, can you remove it",freeze
i need to freeze my card asap,freeze
how do i unblock my account,freeze
can i freeze my card in the app,freeze
my account is frozen and i need money for food,freeze
block my card i think someone has the details,freeze
unfreeze my card i found it,freeze
why is my card temporarily blocked,freeze
freeze my savings account please,freeze
can i block my kids card from my app,freeze
my business account got frozen out of nowhere,freeze
um hi I need to freeze my card please I can't find it,freeze
so I think someone's got my card details I want it blocked,freeze
right so my account's frozen and nobody's told me why,freeze
uh hi I found my wallet can you unblock my card now,freeze
okay so I need my card frozen just for a couple of days,freeze
hi um my card's been blocked by your fraud team but those payments were me,freeze
so basically I want to freeze my account while I sort out a dispute with my ex,freeze
um so I froze my card and now I want to unfreeze it but the button's not there,freeze
right um can you lock my card I think it fell out at the cinema,freeze
hi there my elderly dad's been scammed and I need his account frozen,freeze
so uh I'd like to put a block on my card for online shopping,freeze
okay um my account's been put on hold and I can't pay my rent,freeze
hang on so if I freeze my card will my standing orders still go out,freeze
so like I need my card unblocked I've got a flight to pay for,freeze
right I want to stop my card working until I get back from hospital,freeze
hi um I'm a small business owner and I need to freeze one of our staff cards,freeze
so I've been getting weird login alerts and I want everything frozen,freeze
uh yes hello my card's locked and I need it unlocked please,freeze
okay so my account was frozen after a large deposit and I need to know how to get it released,freeze
um I'd like to freeze my card please my daughter took it without asking,freeze
"Stop my card from working right now, someone's been spending on it.",freeze
Make my debit unusable until I find it.,freeze
Can my card be switched off for the weekend?,freeze
"Switch my card back on please, it turned up in my jacket.",freeze
Nobody should be able to use my card until I say so.,freeze
"I need to stop all payments going out of my account immediately, I've been scammed.",freeze
My card's been suspended and I don't know why. Can it be reactivated?,freeze
"Turn my credit card off for now, I'm trying not to spend.",freeze
Can I pause my card from the app?,freeze
I want my account put out of action until the police finish investigating.,freeze
"Disable my card please, I think it's in a lost property office somewhere.",freeze
My account was restricted after I logged in from a new phone. Can that be lifted?,freeze
How do I switch my card on again after pausing it?,freeze
"Stop anyone using my account, my phone was stolen with the app logged in.",freeze
"Could my card be deactivated temporarily, not cancelled?",freeze
"My card has been switched off by you guys, I need it working again today.",freeze
"Put a stop on my account, I think someone has my details.",freeze
Can I pause spending on my daughter's card from my phone?,freeze
The bank suspended my account and I need access to my wages.,freeze
Please disable my card for online and in-store use until Monday.,freeze
so um I want my card switched off for now till I find it,freeze
right so can my card be stopped from working just for tonight,freeze
uh hi my card's been paused and I want it turned back on,freeze
okay so I need to stop anyone from using my account right now,freeze
hi um I think I've been scammed can all money leaving my account be stopped,freeze
so basically my account's been restricted and I want it back to normal,freeze
um can I deactivate my card for a week while I sort out my spending,freeze
right so my card's been suspended because of a weird payment that was actually mine,freeze
hang on can I turn my card off from the app or do I need to call,freeze
hi there my husband's got dementia and I want his card stopped from working,freeze
so uh my card's not working because you put a stop on it can you take it off,freeze
okay um I'd like my card disabled until I know where it is,freeze
so like can I pause my credit card so I stop spending on it,freeze
right um someone's logged into my account from another state stop everything now,freeze
hi um I need to stop my card being used my wallet's missing,freeze
Could my account be suspended while I deal with an identity theft issue?,freeze
"I'd like my card paused but not cancelled, I'm fairly sure it's at home somewhere.",freeze
Switch off contactless on my card until further notice.,freeze
Your fraud system deactivated my card. Please reactivate it.,freeze
My account is restricted and I can't even see my money.,freeze
"Turn my card back on, I've found it in the laundry.",freeze
Can I stop my teenager's card working after 10pm?,freeze
Put my account out of use until I can come into the branch.,freeze
Is there a way to pause all my cards at once?,freeze
My card was paused automatically after a large purchase. Can it be resumed?,freeze
"Good evening, I'd like to freeze my debit card please, I've misplaced it.",freeze
Could you please unfreeze my card? I've found it.,freeze
Would it be possible to block my credit card temporarily? Thank you.,freeze
"Sorry to trouble you, my account appears to be frozen. Could you tell me why?",freeze
I'd be grateful if you could lift the block on my card.,freeze
I've just had a call from someone claiming to be your fraud department and I think it was a scam. I didn't give them anything but I'm worried. Please freeze my accounts until I can come in.,freeze
"My card was blocked this morning while I was paying for groceries. The text says suspicious activity, but it was just me at the supermarket. Can it be unblocked?",freeze
One of my employees has resigned without returning their company card. I need that card frozen immediately. The other cards should keep working.,freeze
My account was frozen after I received money from selling my car. I've sent the paperwork. When will it be unfrozen?,freeze
I misplaced my card at the weekend. I froze it in the app but now I've found it in my car. How do I unfreeze it?,freeze
My elderly mother has been sending money to someone she met online. I have power of attorney. I'd like her account blocked for outgoing payments.,freeze
I'd like to freeze my credit card for a few months. I'm trying to pay it off and don't want to be tempted. Will it affect my credit score?,freeze
Someone used my card details to buy things online last night. I still have the physical card. Please block the card right away.,freeze
My account has been blocked for three days now. I've called twice and been told it's under review. I need access to my wages.,freeze
My son is 14 and has a card linked to my account. He spent $200 on games this week. I want his card frozen until we have a talk.,freeze
My account has been frozen for a week and no one will explain why!,freeze
I unfroze my card in the app and it's STILL not working.,freeze
Why did you block my card without asking me first?,freeze
honestly this is the third time my card's been blocked this month for no reason,freeze
"I've sent every document you asked for, unfreeze my account already.",freeze
"Freeze my card NOW, someone's using it!",freeze
"Block my account immediately, I've been hacked.",freeze
"need my card unblocked right now, I'm at the petrol pump with no other way to pay",freeze
"lock everything, I just gave my PIN to a scammer",freeze
"unfreeze my account please, rent is due today",freeze
can i freeze my card without calling,freeze
how long does it take to unblock a card,freeze
will freezing my card stop pending payments,freeze
my card was frozen for fraud but it was me,freeze
can my account be unfrozen today,freeze
i want to block my card from online gambling sites,freeze
how do i freeze my card from a computer,freeze
is my account still frozen,freeze
Can I unfeeze my card in the app?,freeze
"My acount is blocked, plz help",freeze
"Need to frezee my card, cant find it",freeze
Why is my card temporarly locked?,freeze
Pleaes unblock my account,freeze
How do I put a freze on my credit card?,freeze
Will my card still work for subscriptions if I freeze it?,freeze
Does freezing my card affect my credit score?,freeze
How long can I keep my card frozen?,freeze
Can I freeze my card if I'm not the main account holder?,freeze
Is there a fee to unblock my account?,freeze
Can I freeze my old card and keep using the new one?,freeze
Do frozen cards still receive refunds?,freeze
Can my account be unfrozen over the phone?,freeze
Block my card from being used at casinos.,freeze
Card got locked after I entered the wrong PIN at the shop.,freeze
My card shows as blocked in the app but I didn't do it.,freeze
um so I'd like my card frozen please I think it's been stolen,freeze
right so my account's been blocked and I've got payments to make,freeze
uh I need to unfreeze my card I found it in my handbag,freeze
okay so how do I block my card I'm not good with the app,freeze
hi um someone's been taking money from my account can you freeze it,freeze
so basically my card got locked and I need it unlocked,freeze
um I've had a scam call and I'd like everything blocked please,freeze
right so I'm a pensioner and my account's been frozen and I can't get my pension out,freeze
hi so can my card be frozen just until tomorrow,freeze
so uh my business account's been put on hold and I need it released,freeze
okay um I'd like to unblock my card please,freeze
hang on um the app says my card's frozen but I never froze it,freeze
um so my student account's been frozen and I don't know why,freeze
right so I want to freeze my credit card but keep my debit card open,freeze
hi um my phone was stolen and my banking app's on it so please lock my account,freeze
so like can I freeze my card from here or do I need to go into the branch,freeze
okay so I froze my account by mistake can you undo it,freeze
uh hi I need to block my card I left it at the pub,freeze
so I'm calling because my card's been blocked for no reason,freeze
right um can you put a block on my account until I come in on Monday,freeze
"I need to make a large payment of $85,000 for a house deposit, how do I do it?",high_value_payment
how do i send 40k to a car dealer today,high_value_payment
uh hi so I'm buying a boat and the seller wants twenty-eight thousand by bank transfer this week,high_value_payment
What's the maximum I can transfer in a single payment online?,high_value_payment
"I need to send £250,000 to my solicitor for the completion on our house on Friday.",high_value_payment
right so I tried to transfer thirty grand for my daughter's uni fees and it got stopped,high_value_payment
"Can I make a same-day transfer of $150,000 for a property settlement?",high_value_payment
Is a CHAPS payment the best way to send a large amount for my house purchase?,high_value_payment
"um I need to pay the builder sixty thousand for the extension, can I do it in one go",high_value_payment
"How do I get a bank cheque for $42,000 to buy a car?",high_value_payment
"I'm sending my son £20,000 towards his first flat. Will it go through straight away?",high_value_payment
"so basically my large transfer has been held for a security check, how long will that take",high_value_payment
"Can I increase my online transfer limit to send $70,000 tomorrow?",high_value_payment
"I'm buying land and need to transfer $210,000 to the vendor's lawyer.",high_value_payment
How do I wire money for a house closing?,high_value_payment
okay um the hospital needs thirty five thousand upfront for my surgery how do I pay that,high_value_payment
What do I need to bring to the branch to make a big payment of £90k?,high_value_payment
"I'm paying my supplier €... sorry, £55,000 for stock, is there a limit on business transfers?",high_value_payment
hi um I want to move a hundred thousand from my savings to my investment account at another bank,high_value_payment
"Do you need to verify me before I make a payment of $25,000?",high_value_payment
"I need to pay a $48,000 deposit on a new caravan today.",high_value_payment
"so uh I've inherited some money and I need to pass fifty thousand to my brother, how do I do that",high_value_payment
Will a $100k transfer go through instantly or take days?,high_value_payment
How can I send a large sum to my conveyancer safely?,high_value_payment
right I'm buying a tractor at auction and I need to pay thirty eight thousand by Monday,high_value_payment
Can my partner and I split a large payment for the house deposit from two accounts?,high_value_payment
Is there a fee for sending a big payment the same day?,high_value_payment
"I tried to pay $16,000 for a used ute and the app said limit exceeded.",high_value_payment
hang on um before I send the twenty grand to the dealer I want to make sure it's safe,high_value_payment
"How do I pay a deposit of £35,000 on a new build flat?",high_value_payment
"I need to transfer $250k to buy a business, what's the process?",high_value_payment
"um so I'm paying off my parents' nursing home costs, it's eighty thousand in one go",high_value_payment
Can I do a large transfer by phone instead of online?,high_value_payment
"I'm paying the wedding caterer and venue together, around $32,000. Will that be blocked?",high_value_payment
"so I'm a freelancer and I need to send my tax money, about twenty two thousand, to the tax office in one payment",high_value_payment
What's the process for sending more than £50k online?,high_value_payment
"I need to pay a $65,000 deposit on a farm property today.",high_value_payment
How long does it take for a large payment to reach a solicitor's client account?,high_value_payment
okay so I'm buying a horse and the breeder wants fifteen thousand pounds by transfer,high_value_payment
"I'm buying a new car and want to pay the full $52,000 from my account, how?",high_value_payment
large payment,high_value_payment
send 50k today,high_value_payment
house deposit transfer,high_value_payment
pay car dealer 30k,high_value_payment
transfer limit for big payment,high_value_payment
CHAPS payment please,high_value_payment
bank cheque for car,high_value_payment
settlement funds transfer,high_value_payment
large transfer held,high_value_payment
wire for house closing,high_value_payment
I need to send a larg payment for my house,high_value_payment
"How do I tranfer $60,000 to my lawyer?",high_value_payment
"My big transfer got stoped, why?",high_value_payment
Can I pay £40k for a car by bank tranfer?,high_value_payment
Need to make a payemnt of $90k for property,high_value_payment
Is there a limt on how much I can send for a house deposit?,high_value_payment
Want to send my dauther 25k for her wedding,high_value_payment
How long dose a large transfer take?,high_value_payment
"Paying the builder $75,000, any isues?",high_value_payment
"Need a bank cheqe for £18,000",high_value_payment
how do i send a large amount to my solicitor,high_value_payment
can i transfer 100000 online,high_value_payment
i need to pay 35k for a car tomorrow,high_value_payment
my house deposit transfer is pending,high_value_payment
how do i raise my transfer limit for a big payment,high_value_payment
paying 20k to a private seller is it safe,high_value_payment
whats the fee for a same day high amount transfer,high_value_payment
i need to send money for the settlement on friday,high_value_payment
can i pay my uni fees in one big payment,high_value_payment
need to make a 45000 payment to a supplier,high_value_payment
um hi I need to make a big payment for a house and I don't know how,high_value_payment
so I'm buying a car for forty thousand and I want to pay by transfer,high_value_payment
right so the transfer for my house deposit didn't go through,high_value_payment
uh hi I need to send eighty thousand to my solicitor by tomorrow,high_value_payment
okay so my daughter's getting married and I'm paying the venue twenty five thousand,high_value_payment
"hi um I want to transfer my savings, about sixty thousand, to my new bank",high_value_payment
so basically the online banking won't let me send more than ten thousand and I need to pay thirty,high_value_payment
um so I'm paying for a new kitchen and the company wants eighteen thousand upfront,high_value_payment
right um how do I do a CHAPS payment for my house completion,high_value_payment
hi there I need to pay a large deposit on a new car today,high_value_payment
"so uh I'm a retiree and I'm buying a motorhome for seventy thousand, how do I pay for it",high_value_payment
okay um the settlement agent needs the money by two pm can I send it now,high_value_payment
hang on so if I send fifty thousand will it be held for checks,high_value_payment
"so like I need to pay my son's private school fees for the year, it's twenty six thousand",high_value_payment
right so I'm buying a franchise and I need to send a hundred and twenty thousand,high_value_payment
hi um I want to pay off a family member's debt it's about forty grand in one go,high_value_payment
so I've sold my house and I need to send the money to my new conveyancer,high_value_payment
uh yes hello I need to pay a large invoice for my business today about ninety thousand,high_value_payment
okay so the car dealer said to call the bank to authorise the payment it's forty five thousand,high_value_payment
um I'd like to send a large amount to my sister for her house deposit,high_value_payment
"We've found our dream home and the vendor's agent needs $95,000 by Thursday. How do I get it to them?",high_value_payment
"The dealership wants $47,500 for the SUV. Can I send it from my phone?",high_value_payment
"My solicitor gave me account details for the completion funds, £310,000. What happens next?",high_value_payment
"I'm paying my daughter's college tuition for the year, $38,000, straight to the university.",high_value_payment
How do I get £60k to the builder for the roof and extension?,high_value_payment
"Our settlement is on Monday and I need to send the remaining $420,000.",high_value_payment
"The private seller of the campervan wants $29,000 before I collect it.",high_value_payment
"I want to give my grandson £30,000 towards his flat. How do I get it to him safely?",high_value_payment
"Need to send $110,000 to the escrow company for closing next week.",high_value_payment
"Buying a share in a racehorse, the syndicate needs £22,000 from me today.",high_value_payment
"The marina wants the full $85,000 for the yacht by Friday.",high_value_payment
I'm paying the remaining $200k on our new build tomorrow.,high_value_payment
"My accountant says I need to send $36,000 into my super fund before June 30.",high_value_payment
"We need to send $75,000 for the off-the-plan apartment we're buying.",high_value_payment
"How do I send £15,000 to the funeral director today?",high_value_payment
"Moving $300,000 from my savings to another bank this week, how?",high_value_payment
"The jeweller wants £12,000 for the engagement ring via bank transfer.",high_value_payment
"I'm buying my brother's share of the family home for £140,000.",high_value_payment
"The vendor's lawyer needs the 10%, $68,000, by 5pm.",high_value_payment
"Can I pay the full $33,000 for a second-hand electric car by transfer?",high_value_payment
so um I need to get sixty grand to my lawyer for the house,high_value_payment
right so the car yard needs forty thousand before I can drive the car away,high_value_payment
uh hi I'm sending my mum two hundred thousand from the sale of my house,high_value_payment
okay so we've bought a block of land and need to pay the vendor ninety thousand,high_value_payment
"hi um the builder wants the next stage paid, it's eighty five thousand",high_value_payment
"so basically I'm paying my kid's medical school fees, forty grand for the year",high_value_payment
"um the boat seller wants the full amount by transfer, it's sixty thousand",high_value_payment
right so I'm buying out my business partner for a hundred and fifty thousand,high_value_payment
"hang on um I need to pay the stamp duty, it's thirty thousand, today",high_value_payment
hi there we're buying a house and the conveyancer needs the funds tomorrow,high_value_payment
"so uh I'm paying for my wedding in one go, about forty thousand",high_value_payment
okay um I'm buying a piece of art at auction for twenty-five grand and need to pay the gallery,high_value_payment
so like how do I get three hundred thousand to the settlement agent safely,high_value_payment
right um my daughter's buying a flat and I'm giving her fifty thousand,high_value_payment
hi um I need to send the full price for a used truck to a private seller in another state,high_value_payment
"Can I send £80,000 to my new bank account in one transaction?",high_value_payment
"The holiday home we're buying in Cornwall needs £45,000 by Friday.",high_value_payment
"Need to get $250,000 into my solicitor's trust account before settlement.",high_value_payment
"My grandson's buying his first car, $19,000, and I'm sending it to the dealer for him.",high_value_payment
"How do I pay $56,000 to the pool builder?",high_value_payment
"I'm paying for a hip replacement privately, £14,500 to the clinic.",high_value_payment
"The developer wants $120,000 at exchange of contracts.",high_value_payment
"Buying a used motorhome for $92,000 from a dealer interstate. How do I pay?",high_value_payment
"Our church roof project needs £70,000 paid to the contractor this week.",high_value_payment
"Paying for the extension in full, £58,000, before the builder starts.",high_value_payment
"Good morning, I need to make a payment of £120,000 for a property purchase. Could you guide me through it?",high_value_payment
"Would you be able to raise my transfer limit so I can pay $45,000 for a car?",high_value_payment
I'd be grateful for help sending a large payment to my solicitor.,high_value_payment
"Sorry to bother you, is there anything I need to know before sending $80,000?",high_value_payment
"Hello, could you confirm my large transfer to the conveyancer has gone through?",high_value_payment
"We're buying our first home and settlement is on Friday. I need to transfer $135,000 to the conveyancer's trust account. What's the safest way to do it?",high_value_payment
"I'm buying a car from a private seller for £24,000. He's asked for a bank transfer before I collect it. Is there anything I should check to avoid being scammed?",high_value_payment
"My large transfer to the builder has been pending for two days. It's $65,000 and they won't start work until it arrives. Can you speed it up?",high_value_payment
"I'm retired and I'd like to give each of my three grandchildren £20,000. Should I do it as separate transfers? Will they be flagged?",high_value_payment
"My business needs to pay a supplier $180,000 for machinery. Our online limit is $50,000. How do we make the payment?",high_value_payment
"I'm moving my life savings, about $400,000, to an investment firm. I want to make sure it's done safely. Can I do it in branch?",high_value_payment
"The solicitor's email said their bank details had changed. I'm about to send £230,000 for completion. Can you help me check it's genuine?",high_value_payment
"I'm paying for my daughter's wedding and the venue wants £28,000 in full. The app keeps stopping it. What can I do?",high_value_payment
"We sold our house and need to send the deposit for our next one. It's $160,000 and must arrive today. What are my options?",high_value_payment
"I'm a student and my parents sent me money for my tuition. I need to pay the university $27,000 this week. Will a single transfer work?",high_value_payment
"My $90,000 transfer was stopped AGAIN. I've already verified it twice!",high_value_payment
Why does it take three days to send a big payment? This is costing me the house.,high_value_payment
"Your app limit is useless for buying a car, I need to send $35k now.",high_value_payment
honestly I've been on hold for an hour just to authorise a large payment,high_value_payment
So I have to come into the branch just to send my own money to my solicitor?,high_value_payment
"Need $70,000 sent to the conveyancer in the next hour!",high_value_payment
house settlement is at 3pm and my transfer hasn't left,high_value_payment
"Please approve my £50k payment, the car will be sold to someone else otherwise",high_value_payment
completion is today and the funds are stuck,high_value_payment
need a same day payment of 120k for property,high_value_payment
how much can i send in one go for a house deposit,high_value_payment
do i need to call before making a big transfer,high_value_payment
is chaps faster than a normal transfer,high_value_payment
why is my large payment on hold,high_value_payment
can i pay for a car with a bank cheque,high_value_payment
what id do i need to send 100k,high_value_payment
can i make a big payment from my savings directly,high_value_payment
whats the safest way to pay a private car seller,high_value_payment
Need to tranfser £75k for my house purchase,high_value_payment
My large paymnet is still pending,high_value_payment
"Can I send $55,000 to the dealrship?",high_value_payment
How do I autorise a big transfer?,high_value_payment
Is there a maximun for online transfers?,high_value_payment
Need to pay my bulder 40 grand,high_value_payment
Can I schedule a large payment for next Monday?,high_value_payment
Do large transfers need a callback for security?,high_value_payment
What's the cut-off time for same-day large payments?,high_value_payment
Can I send a big payment via the app or do I need online banking on a computer?,high_value_payment
Is there a daily limit on transfers to new payees?,high_value_payment
How do I add my solicitor as a payee for a large payment?,high_value_payment
Can I get a receipt for a large payment for my records?,high_value_payment
"Will sending $200,000 trigger any reporting?",high_value_payment
Can I pay part of a house deposit from my savings and part from my current account?,high_value_payment
What's the safest way to send money to buy a horse?,high_value_payment
Can my transfer limit be raised permanently for business payments?,high_value_payment
um I need to send thirty thousand to a car dealer can you help,high_value_payment
so I'm trying to pay the deposit on our house and it says amount too high,high_value_payment
right so I want to transfer a hundred grand to my wife's account at another bank,high_value_payment
uh hi I'm buying a caravan for forty five thousand and I need to pay today,high_value_payment
okay so the solicitor needs the money for completion and I don't know how to send it,high_value_payment
hi um is it possible to send fifty thousand pounds online today,high_value_payment
so basically I'm paying for a kitchen renovation and it's thirty two thousand,high_value_payment
um so my big payment to the builder got flagged and I need it released,high_value_payment
right um I'm buying a business and need to transfer the purchase price,high_value_payment
hi so I'm a parent and I'm paying my son's college fees for the year all at once,high_value_payment
so uh how do I get a bank cheque for buying a car,high_value_payment
okay um I need to send money for a land purchase it's quite a lot,high_value_payment
hang on um I've got the account details here I need to send seventy five thousand,high_value_payment
um so I'm sending money to my daughter for her house it's about forty thousand,high_value_payment
right so I'm a freelancer and I'm buying a property and need to pay the deposit,high_value_payment
"hi um I'm elderly and my nephew says I need to send twenty thousand for something, is that safe",high_value_payment
so like the app won't let me pay the full amount for the car,high_value_payment
okay so I'm paying my contractor sixty grand and I need it to go through today,high_value_payment
uh yes I'd like to authorise a large transfer please,high_value_payment
so I'm calling because I need to send a big payment to my lawyer for the settlement,high_value_payment
How do I open a joint account with my fiancé?,joint_account
i want to add my girlfriend to my checking account,joint_account
"uh hi so my husband passed away last month and our joint account is still in both names, what do I need to do",joint_account
Can I convert my sole account into a joint account?,joint_account
What documents do we both need to open a joint account?,joint_account
right so me and my partner have split up and I want my name taken off the joint account,joint_account
Can both of us have a debit card on the joint account?,joint_account
Do we both have to sign to withdraw from our joint savings?,joint_account
"um can I open a joint account with my mum, she's 85 and needs help with her bills",joint_account
How do I remove my ex-wife from our joint account?,joint_account
Can a joint account be opened online or do we need to visit a branch together?,joint_account
so basically my daughter's turning 18 and I want to open a joint account with her to teach her about money,joint_account
Is it possible to have three people on a joint account?,joint_account
"My partner can't see our joint account in her app, how do we fix that?",joint_account
We want to close our joint account and split the money between our own accounts.,joint_account
hi um my brother and I want a joint account to manage our dad's care costs,joint_account
Can my husband withdraw money from our joint account without my permission?,joint_account
How do I change our joint account so we both have to approve payments?,joint_account
so uh I want to add my business partner to my account so we can both pay suppliers,joint_account
What happens to the joint account if one of us dies?,joint_account
Can we open a joint savings account as well as a joint current account?,joint_account
I'd like to change my joint account into an account in my name only.,joint_account
okay um my wife and I just got married and we want to set up a joint account for the household,joint_account
Is there a fee for a joint account?,joint_account
Can my partner be added to my account if they're not a customer yet?,joint_account
right so my son wants to be added to my account so he can help me with my banking,joint_account
Do we both need to be present to close a joint account?,joint_account
How long does it take to add someone to my account?,joint_account
Can I open a joint account with my flatmate?,joint_account
so I'm a student and my parents want to open a joint account with me for my allowance,joint_account
What's the minimum age to be on a joint account?,joint_account
"My partner has bad credit, can they still be added to my account?",joint_account
hang on um is it possible to take someone off a joint account without them signing anything,joint_account
Can a joint account have a different name on each card?,joint_account
How do we update both our details on the joint account?,joint_account
Can we open a joint account if we live at different addresses?,joint_account
um I'd like to know how to add my partner to my savings,joint_account
Is the money in a joint account split equally if we separate?,joint_account
so like can my boyfriend and I open a joint account even though we're not married,joint_account
"I want my new husband added to the mortgage... sorry, to my everyday account.",joint_account
open joint account,joint_account
add partner to account,joint_account
remove name from joint account,joint_account
close joint account,joint_account
joint account requirements,joint_account
joint savings account,joint_account
add wife to account,joint_account
joint account card for partner,joint_account
convert to joint account,joint_account
joint account with parent,joint_account
How do I opne a joint account?,joint_account
Want to add my husbnad to my account,joint_account
Can we close our joint acount online?,joint_account
Remove my ex from our joint acount please,joint_account
Whats needed for a joint acount?,joint_account
Can my partner get acces to my account?,joint_account
How do I add my dauhgter to my account?,joint_account
Joint account for me and my girlfrend,joint_account
Can I take my name of the joint account?,joint_account
Is a joint acount free?,joint_account
how do i open a joint account with my partner,joint_account
can i add my son to my account,joint_account
we want a joint account for our wedding savings,joint_account
how do i close a joint account after a breakup,joint_account
can my wife get her own card on our joint account,joint_account
my joint account holder passed away what now,joint_account
can i change my account to a joint one,joint_account
do we need an appointment to open a joint account,joint_account
can a joint account be opened for a business and a person,joint_account
how do i make my account joint with my mum,joint_account
um hi I'd like to open a joint account with my partner please,joint_account
so my husband and I want to put our money together in one account,joint_account
right so I need to remove my ex from the joint account we had,joint_account
uh hi I want my daughter added to my account in case anything happens to me,joint_account
okay so me and my wife want a joint savings for a holiday,joint_account
hi um my mum's elderly and she wants me on her account so I can help her,joint_account
so basically we've just moved in together and we need a joint account for bills,joint_account
um so can both of us use online banking on a joint account,joint_account
right um my wife died and I need the joint account changed to just my name,joint_account
hi there I want to know how to set up a joint account with my business partner,joint_account
so uh is it possible to open a joint account over the phone,joint_account
okay um my partner wants to be taken off our joint account,joint_account
hang on so if we open a joint account do we both get cards,joint_account
so like I want my girlfriend added to my account how long does it take,joint_account
right so I'm a parent and I want a joint account with my son who's sixteen,joint_account
hi um can I change our joint account so either of us can sign,joint_account
so I'm retired and my wife and I want to combine our accounts into one,joint_account
uh yes hello I'm calling about closing our joint account,joint_account
okay so my sister and I have inherited some money and we want a joint account for it,joint_account
um I need to add my carer to my account to help me pay for things,joint_account
Can my wife and I have one account in both our names?,joint_account
I'd like to put my husband on my current account so he can use it too.,joint_account
How do I give my partner equal ownership of my savings account?,joint_account
My girlfriend and I want a shared account for rent and groceries.,joint_account
Can my son be made a co-owner of my checking account?,joint_account
We're getting married and want to pool our money into one account. How?,joint_account
I want to take my ex's name off the account we shared.,joint_account
Can my daughter be a second holder on my account?,joint_account
My partner and I want an account we can both pay into and spend from.,joint_account
Is there a shared account option for housemates?,joint_account
My mum and I want an account with both our names on it.,joint_account
How do we set up a shared savings account for our house fund?,joint_account
"Since my wife passed, the account still has both our names. Can it be changed to just mine?",joint_account
Can I add a second person as an owner on my business account?,joint_account
We'd like to merge our two accounts into a single shared one.,joint_account
Can my partner have full access to my account as a co-holder?,joint_account
My dad wants me on his account as a second owner. What do we need?,joint_account
Is it possible to have a shared account with someone who lives in another state?,joint_account
My husband and I want both of us to sign off on any payment from our shared account.,joint_account
"We've separated, can our shared account be split into two personal ones?",joint_account
so um me and my partner want one account we can both use,joint_account
right so I want my wife's name on my account too,joint_account
uh hi can I have a shared account with my son,joint_account
okay so we're moving in together and want an account in both our names,joint_account
hi um I want to take my ex off our shared account,joint_account
so basically I'd like my partner to be a co-owner of my savings,joint_account
um so my husband's name is on our account and he's passed away,joint_account
right um can two people own the same account,joint_account
hang on so how do I make my account shared with my girlfriend,joint_account
hi there um we want to pool our money for a house can we have one account,joint_account
so uh my mum wants to add me as an owner on her account,joint_account
okay um can my brother and I share an account for our business,joint_account
so like we want a shared account for our holiday money,joint_account
"right so my partner and I are splitting up, what happens to the account we both own",joint_account
hi um I'm 80 and I want my daughter to be able to run my account with me,joint_account
Can my fiancée become an owner on my checking before the wedding?,joint_account
How do I put my partner's name on my account?,joint_account
We need an account for both of us to pay the household costs from.,joint_account
I want to share my savings account with my wife.,joint_account
Can my son have equal rights on my account so he can help me?,joint_account
"Two of us want to open an account together, what's the process?",joint_account
Can my husband be removed from our account without his signature?,joint_account
Please make my current account a shared one with my partner.,joint_account
We're a married couple wanting to open a shared savings account.,joint_account
Can I share an account with my adult daughter?,joint_account
"Good morning, my wife and I would like to open a joint account. Could you tell us how to proceed?",joint_account
Would it be possible to add my partner to my existing account as a joint holder?,joint_account
I'd be grateful if you could explain how to remove a joint account holder.,joint_account
"Sorry to bother you, how do we convert our joint account into two sole accounts?",joint_account
"Hello, could you send us the forms for opening a joint account?",joint_account
"My husband and I have had separate accounts for years. Now we've bought a house together, we'd like a joint account for the mortgage and household costs. Can we keep our separate accounts too?",joint_account
My father has dementia and I'm his carer. I'd like to be added to his account as a joint holder so I can pay for his care. What's involved?,joint_account
"My ex and I split up six months ago but we still have a joint account. I'd like to close it, but he won't respond. What are my options?",joint_account
My business partner and I want a joint account for the company. Is that a business account or a joint personal account? We're not sure which we need.,joint_account
My wife passed away recently. Our joint account is still in both names. What paperwork do you need to transfer it to my name?,joint_account
My partner and I want to open a joint account but he's on a work visa. Can he still be a joint holder?,joint_account
We opened a joint account last month but only my name shows on it. My partner can't see it when she logs in. Can you add her access?,joint_account
I'm 19 and my parents want to open a joint account with me for my uni costs. Do we all need to come in? Can it be done online?,joint_account
My mum is moving into a care home and wants me on her account. She can't get to a branch. Can this be done by post?,joint_account
My girlfriend and I have been saving separately for a house. We want to open a joint savings account. Which one do you recommend?,joint_account
I asked for my ex to be removed from our joint account a month ago and nothing's happened!,joint_account
Why does my partner still not have a card for our joint account?,joint_account
"My husband withdrew everything from our joint account without telling me, what are my rights as the other holder?",joint_account
honestly it shouldn't take three weeks to add my wife to my account,joint_account
So both of us have to come in just to close a joint account? Ridiculous.,joint_account
"Need my wife added to the account today, she has to pay the hospital.",joint_account
please remove my ex from the joint account immediately,joint_account
"joint account holder died, need access to pay funeral costs",joint_account
need a joint account opened this week for our rental bond,joint_account
"my partner is draining our joint account, can I take my name off today",joint_account
can we have a joint account and separate accounts too,joint_account
how many people can be on a joint account,joint_account
can i open a joint account with my grandson,joint_account
does a joint account affect my credit score,joint_account
who owns the money in a joint account,joint_account
can my partner close our joint account without me,joint_account
how do i switch from joint to single account,joint_account
can a joint account have one card only,joint_account
Can I opne a joint accont with my wife?,joint_account
How long to add my partnr to my account?,joint_account
Need to remove my ex-husbnd from our account,joint_account
Does a joint acount need both signatures?,joint_account
Can my mum and I have a joitn account?,joint_account
"Want to close our joint acount, we split up",joint_account
Do both joint account holders get their own login?,joint_account
Can I have a joint account with someone who banks elsewhere?,joint_account
What ID does my partner need to join my account?,joint_account
Can we set a spending limit for each person on the joint account?,joint_account
Can I open a joint account with a minor?,joint_account
Are joint accounts available for business partners?,joint_account
Can we change our joint account to require both signatures?,joint_account
Is the overdraft shared on a joint account?,joint_account
Can my partner be added online?,joint_account
Can I leave a joint account and open my own on the same day?,joint_account
How do we add a third person to our joint account?,joint_account
um hi I want to set up a joint account with my husband,joint_account
so my partner and I want to merge our accounts,joint_account
right so I need my name off the joint account it's with my ex,joint_account
uh hi can my son be added to my account he lives with me,joint_account
okay so we've got a joint account and my wife hasn't got her own card for it,joint_account
hi um my husband died and I want our joint account in my name,joint_account
so basically we need a joint account for the house we just bought,joint_account
um so do we both need to come into the branch to open a joint account,joint_account
right um I'd like to add my partner to my savings account please,joint_account
hi so I'm a student and I want a joint account with my girlfriend,joint_account
so uh can I change my account from joint to just me,joint_account
okay um my mum wants to be added to my account,joint_account
hang on so is there any difference between a joint account and just adding someone,joint_account
um so my business partner and I want a joint account for the company money,joint_account
right so we're getting divorced and need to sort out the joint account,joint_account
hi um I want my daughter on my account so she can help with my shopping,joint_account
so like how long does it take to open a joint account,joint_account
okay so my husband and I want a joint savings for our kids,joint_account
uh yes I want to know how to close a joint account,joint_account
so I'm retired and I want my wife to have access to my account as a joint holder,joint_account
Can I see my last ten transactions?,latest_transactions
what did i spend at Harbour Grocers this month,latest_transactions
uh hi I want to check if my rent payment went out yesterday,latest_transactions
Has my salary from Northgate Logistics come in yet?,latest_transactions
Please show me all transactions on my credit card from the past week.,latest_transactions
right so I need a list of everything I paid out in September for my tax return,latest_transactions
Are there any pending transactions on my account right now?,latest_transactions
I'd like to see the payments that came out on the 14th.,latest_transactions
um can you tell me the last three things that came out of my account,latest_transactions
Did the refund from Lumen Electronics show up yet?,latest_transactions
How do I view my transaction history for the last six months?,latest_transactions
so basically I want to see all my card purchases since Friday,latest_transactions
What was the last payment into my savings?,latest_transactions
Can I get a mini statement sent to my phone?,latest_transactions
I need my last month's statement entries for my landlord.,latest_transactions
hi um I just want to know what's gone out this week,latest_transactions
Did my transfer to my son actually go through yesterday?,latest_transactions
Can I see who paid money into my account on Tuesday?,latest_transactions
"I'm looking for a charge from about two weeks ago, maybe from a petrol station.",latest_transactions
okay so can you read me my recent transactions please I can't get to the app,latest_transactions
"Show me what I've spent on takeaway this month, I think it's a lot.",latest_transactions
I want to download my business account transactions for the quarter.,latest_transactions
what came out of my account on the weekend,latest_transactions
Can I see transactions that are still processing?,latest_transactions
hang on um I just want to know if the gym took the money this month or not,latest_transactions
Is there a payment from the tax office in my recent activity?,latest_transactions
"I need to check a transaction from yesterday, I think the café charged me twice.",latest_transactions
so I'm a student and I want to see where all my money went this week,latest_transactions
List my last 5 card payments please.,latest_transactions
Has my pension been paid in this month?,latest_transactions
um hello I'd like my recent statement read to me please I can't see very well,latest_transactions
Can I filter my transactions by merchant in the app?,latest_transactions
I need to see the last payment I made to my plumber.,latest_transactions
"right so has the money from my client landed yet, it was meant to come yesterday",latest_transactions
What were my last few ATM withdrawals?,latest_transactions
How far back can I see my transactions online?,latest_transactions
I'd like to know when the last payment to my insurer went out.,latest_transactions
"so like what have I been spending on, can you list it",latest_transactions
Did a payment for $49.99 go out to a company called Stellar Apps?,latest_transactions
okay um I need a printout of my transactions from the last month for my accountant,latest_transactions
recent transactions,latest_transactions
last 10 payments,latest_transactions
what went out today,latest_transactions
show statement,latest_transactions
pending payments?,latest_transactions
transaction history,latest_transactions
did my pay come in,latest_transactions
card purchases this week,latest_transactions
mini statement,latest_transactions
last payment received,latest_transactions
Can I see my recnt transactions?,latest_transactions
What did I spedn last weekend?,latest_transactions
Show me my last 10 transacions,latest_transactions
Has my wages come in yet? Cant see it,latest_transactions
I need my statment from last month,latest_transactions
Did my rent paymnet go out?,latest_transactions
Whats the last thing that came out of my acount?,latest_transactions
Can I see my card transactons from yesterday?,latest_transactions
List all my purchses this month please,latest_transactions
Need my transaction histroy for the year,latest_transactions
what payments came out this morning,latest_transactions
can i see what i spent at the supermarket,latest_transactions
show me all my transactions since the 1st,latest_transactions
has my refund come through,latest_transactions
did the money from my mum arrive,latest_transactions
i need to check a charge from last friday,latest_transactions
how do i see older transactions,latest_transactions
what was the last money paid into my account,latest_transactions
show me all incoming payments this month,latest_transactions
can you list my debit card payments,latest_transactions
um hi I'd like to go over my recent transactions please,latest_transactions
"so I think something's come out that shouldn't have, can you read me the last week",latest_transactions
right so did my pay go in today or not,latest_transactions
uh hi I want to know what payments have gone out since the weekend,latest_transactions
"okay so I need to see what I spent on my holiday, it was last month",latest_transactions
hi um can you check if a payment to my daughter's school went through,latest_transactions
so basically I want to see all my transactions for the last two weeks,latest_transactions
um so I'm checking whether a refund from the airline came in,latest_transactions
right um the last few payments on my credit card please,latest_transactions
hi there I'm self-employed and I need my transaction list for my bookkeeping,latest_transactions
so uh did the council take their payment this month,latest_transactions
okay um can I hear my last five transactions,latest_transactions
hang on um I just want to make sure nothing's gone out that I don't know about,latest_transactions
so like what did I spend yesterday,latest_transactions
right so I'm a parent and I want to see what my son's been buying on his card,latest_transactions
hi um I'm 79 and I want someone to tell me what's come out of my account this month,latest_transactions
so I need to find a payment I made to a builder in July,latest_transactions
uh yes I'd like a copy of my recent transactions please,latest_transactions
okay so the money from my insurance claim should be in by now can you check,latest_transactions
um I want to see the transactions on my business card from last week,latest_transactions
Where has all my money gone this week?,latest_transactions
What have I bought on my card since Monday?,latest_transactions
Has the electricity company taken their money yet this month?,latest_transactions
I want to go through everything that's gone in and out since payday.,latest_transactions
Who's been taking money from my account lately? I don't recognise a few things.,latest_transactions
Did the money my brother sent on Friday arrive?,latest_transactions
Can someone tell me what I spent at the pub on Saturday?,latest_transactions
I need a breakdown of what I've spent this fortnight.,latest_transactions
What's gone out of my account since I last checked on the 10th?,latest_transactions
Has the $300 from the buyer of my old couch come in?,latest_transactions
Can I see what my daughter bought with her card this week?,latest_transactions
Did my council tax come out on the 1st?,latest_transactions
I'd like to know every purchase I made in August.,latest_transactions
What did the supermarket charge me on Thursday?,latest_transactions
Did the refund for my cancelled flight land?,latest_transactions
I want to see everything coming in and going out for the last 30 days.,latest_transactions
Was I charged by the parking company this week?,latest_transactions
What were the last few things I paid for?,latest_transactions
Has my tax refund been paid into my account?,latest_transactions
Could someone go through the money that's left my account this week with me?,latest_transactions
so um where's my money gone I've only had it a week,latest_transactions
right so what did I actually buy on Saturday,latest_transactions
uh hi did my wages go in this morning,latest_transactions
okay so what's been taken out of my account since Friday,latest_transactions
hi um has my son's money come through I sent it from my other bank,latest_transactions
so basically I want to know everything I spent in town yesterday,latest_transactions
um can I find out what went out on the third,latest_transactions
right um did the phone company take their money yet,latest_transactions
hang on so was there something taken by the gym on the first,latest_transactions
hi there I want to know what money's come in this month,latest_transactions
so uh what have I spent on fuel this month,latest_transactions
okay um did my child benefit come in,latest_transactions
so like can you tell me what went out in the last couple of days,latest_transactions
right so did the buyer pay me for the car yet,latest_transactions
hi um I'm elderly and I want to know what I've spent at the chemist,latest_transactions
What have I spent on my credit card since it was last paid off?,latest_transactions
Did I get paid by my client Westbrook Design on Monday?,latest_transactions
What did I buy online last week? I can't remember.,latest_transactions
Can you show me everything I paid to food delivery apps this month?,latest_transactions
Show me what's come out of savings this year.,latest_transactions
What were the charges on the 22nd?,latest_transactions
Has my rent actually left my account and gone to the landlord?,latest_transactions
Can I see the money in and out for my business last quarter?,latest_transactions
Did the bank fee get charged this month?,latest_transactions
Which shops have I used my card at this week?,latest_transactions
"Good afternoon, could you please send me my transactions for the last 30 days?",latest_transactions
Would you mind telling me whether my salary was credited today?,latest_transactions
I'd be grateful if you could read out my last few transactions.,latest_transactions
"Sorry to trouble you, could I get a statement for March?",latest_transactions
"Hello, could you check whether a payment to Coastline Plumbing went out on Friday?",latest_transactions
I've noticed my account is a bit lower than I thought. I'd like to see all transactions from the past two weeks. Can you email them to me?,latest_transactions
I'm doing my tax return and need all my business transactions from July to June. Can I download them as a spreadsheet? Or do I need to request them?,latest_transactions
My daughter says she sent me $200 on Saturday. I can't see it anywhere. Can you check if it arrived?,latest_transactions
I think I was charged twice at the petrol station. Can you show me the transactions from Wednesday? I want to compare them with my receipt.,latest_transactions
I'm retired and I like to keep a paper record. Could you post me a list of this month's transactions? I don't use the internet.,latest_transactions
I bought something online last week and the seller says they haven't been paid. Can you see if the payment went out? It was about £85.,latest_transactions
My employer says they paid my wages yesterday. Nothing has shown up yet. Could you check for any incoming payments?,latest_transactions
I share expenses with my flatmate and need to see what I spent on groceries this month. Can I see just the supermarket transactions?,latest_transactions
Last month's statement is missing a payment I made. I paid £120 to the vet on the 9th. Can you check if it's there?,latest_transactions
I need proof of my rent payments for the last six months. My new landlord wants to see them. How can I get a statement showing those?,latest_transactions
Why aren't my transactions from yesterday showing yet?,latest_transactions
I've been waiting all day for my wages to show and nothing!,latest_transactions
"My statement doesn't match my receipts, show me the real transactions.",latest_transactions
"honestly I just want a list of what came out, why is it so hard",latest_transactions
I asked for my transaction history a week ago and still nothing.,latest_transactions
Need to know right now if my rent payment went out!,latest_transactions
"has my pay come in, I need to buy food today",latest_transactions
"check my last transactions now, I think my card's been used",latest_transactions
"did the payment to the solicitor go through, they're waiting",latest_transactions
need my statement today for a loan application,latest_transactions
can i get my statement emailed,latest_transactions
why is a transaction pending for three days,latest_transactions
show me the last five payments into my account,latest_transactions
how do i search my transactions,latest_transactions
what was the last thing i bought,latest_transactions
did my government payment come in,latest_transactions
can i see transactions on my old card,latest_transactions
what came out of my savings this month,latest_transactions
Did my pay come in todya?,latest_transactions
Show me my last tranactions,latest_transactions
Can I get a statment for June?,latest_transactions
What did I spnd at the pub?,latest_transactions
Need my transation history for taxes,latest_transactions
Did the refnd come through yet?,latest_transactions
Can I export my last 90 days of transactions?,latest_transactions
Why does my transaction list show the merchant's name differently?,latest_transactions
How do I see transactions that are older than a year?,latest_transactions
Can I get my transactions sorted by amount?,latest_transactions
Is there a way to see only incoming money?,latest_transactions
What's this $12.50 transaction from yesterday?,latest_transactions
Can I see my recent transactions at the ATM?,latest_transactions
Show me all transfers I've made this month.,latest_transactions
Did my standing order to my savings go out?,latest_transactions
Can I get a statement for my business account for the last quarter?,latest_transactions
How do I check if my card was charged by the hotel?,latest_transactions
um so I just want to see my transactions for this week,latest_transactions
right so has the money from my insurance come into my account,latest_transactions
uh hi can you read me my recent transactions I'm driving,latest_transactions
okay so I need to know what came out on Monday,latest_transactions
hi um did my tax refund come through,latest_transactions
so basically I think I've been charged twice can I see the transactions,latest_transactions
um so what were my last three payments,latest_transactions
right um I need a statement for the last three months,latest_transactions
hi so I'm a freelancer and I want to see what payments came in this month,latest_transactions
so uh did the payment to my electrician go out,latest_transactions
okay um can I get my transactions posted to me,latest_transactions
hang on um I'm looking for a payment from about a week ago,latest_transactions
um so I'm checking if the payment for my holiday rental went out,latest_transactions
right so I want to know if my son's paid me back yet,latest_transactions
hi um I'd like to hear the last ten things on my account,latest_transactions
so like my card was used somewhere and I want to see where,latest_transactions
okay so I'm a parent and I want to check my daughter's spending this week,latest_transactions
uh yes I want my latest statement please,latest_transactions
so I'm calling to check whether my salary's arrived,latest_transactions
right um what's come in and what's gone out today,latest_transactions
How do I pay my gas bill online?,pay_bill
need to pay my credit card bill before friday,pay_bill
uh hi so I've got a phone bill for sixty two dollars and I want to pay it from my savings,pay_bill
Can I pay a bill using BPAY in the app?,pay_bill
"I want to pay my water bill now, the reference is on the letter.",pay_bill
right so I've got a vet bill for three hundred and forty pounds and I want to pay it today,pay_bill
How do I add a new biller to pay my internet bill?,pay_bill
Can I schedule my electricity bill payment for next Thursday?,pay_bill
"um I want to pay my mum's council tax bill for her, she's in hospital",pay_bill
I paid my phone bill on Monday but the company says they haven't received it.,pay_bill
Pay my Ridgeview Energy bill of $186.40 please.,pay_bill
so basically my credit card statement is due and I want to pay the full amount from my current account,pay_bill
How do I pay a parking fine through online banking?,pay_bill
Can I pay a bill at the counter in the branch?,pay_bill
"I have a hospital bill for $1,200, can I pay it in one go from my checking?",pay_bill
okay um how do I pay a bill if I only have a biller code and reference number,pay_bill
"Paying my dentist's bill, where do I enter the invoice number?",pay_bill
"my internet bill is overdue, how do i pay it fast",pay_bill
Can I pay my credit card from my everyday account right now?,pay_bill
hi um I'm 78 and I've got my gas bill here and I don't know how to pay it,pay_bill
Is there a fee for paying a bill by phone?,pay_bill
How long does a bill payment take to reach the company?,pay_bill
"so uh I need to pay my son's school excursion invoice, it's ninety dollars",pay_bill
"I want to pay my car insurance renewal bill, just this once, not monthly.",pay_bill
Can I pay my electricity bill with my credit card through you?,pay_bill
right I need to pay a speeding fine before the deadline,pay_bill
What's the cut-off time for bill payments to go through today?,pay_bill
"I'd like to pay the plumber's invoice, he's given me his account details.",pay_bill
um can I pay two bills at the same time in the app,pay_bill
"Need to pay my landline bill, it's £38.50.",pay_bill
"My bill payment bounced back, why?",pay_bill
How do I pay my tax bill from my business account?,pay_bill
"hang on um I've got the reference number here, I want to pay the water bill now",pay_bill
Can I pay my phone bill and get a receipt emailed to me?,pay_bill
I paid the wrong biller by mistake. Can I get it back?,pay_bill
"so I'm a student and I've got my first electricity bill, how do I pay it",pay_bill
How do I pay the store card bill from Harlow's?,pay_bill
Can I pay my strata levy through BPAY?,pay_bill
okay so I want to pay my mobile bill before they cut me off tonight,pay_bill
Is it possible to pay someone else's bill from my account?,pay_bill
pay electric bill,pay_bill
pay credit card,pay_bill
pay water bill,pay_bill
bpay payment,pay_bill
pay phone bill,pay_bill
pay council tax,pay_bill
pay gas bill now,pay_bill
pay internet bill,pay_bill
pay invoice,pay_bill
pay parking fine,pay_bill
How do I pay my electricty bill?,pay_bill
I want to pay my credit crad bill,pay_bill
Need to pay my phone bil today,pay_bill
Can I pay my water bill onlien?,pay_bill
How do I add a biller for my gas compnay?,pay_bill
My bill paymnet didnt go through,pay_bill
Pay my intenet bill please,pay_bill
Want to pay my vet bil from savings,pay_bill
How do I pay a bil with BPAY?,pay_bill
"Paying my councl tax bill, how?",pay_bill
how do i pay my energy bill from the app,pay_bill
i need to pay my credit card bill in full,pay_bill
can i pay my phone bill at the atm,pay_bill
whats the biller code for my water company,pay_bill
how do i pay a fine online,pay_bill
i want to pay my mums electricity bill,pay_bill
can i schedule a bill payment for next week,pay_bill
how long do bill payments take,pay_bill
i paid the bill but it says unpaid,pay_bill
pay my gym fees for the term,pay_bill
um hi I want to pay my electricity bill please,pay_bill
so I've got a phone bill here and I want to pay it now,pay_bill
right so I need to pay my credit card it's due tomorrow,pay_bill
uh hi how do I pay a bill I got in the post,pay_bill
okay so I want to pay my water bill over the phone,pay_bill
hi um I need to pay my council rates before the end of the month,pay_bill
so basically I want to pay off my credit card statement in full,pay_bill
um so I paid my gas bill but I put the wrong reference,pay_bill
right um can I pay a bill for my business from my personal account,pay_bill
hi there I'd like to pay my internet bill it's overdue,pay_bill
so uh how do I pay a medical bill from the hospital,pay_bill
okay um I've got a final notice for my phone bill and I need to pay it today,pay_bill
hang on so do I pay the bill to the company or through you,pay_bill
so like can I pay my electricity bill with BPAY on the phone,pay_bill
right so I'm a retiree and I want to pay my house insurance bill,pay_bill
hi um I've got a toll notice and I want to pay it,pay_bill
so I'm a small business owner and I need to pay a supplier invoice today,pay_bill
uh yes I'd like to pay a bill please I've got the reference,pay_bill
okay so my daughter's phone bill is in my name and I want to pay it,pay_bill
um I need to pay the dentist I got the bill yesterday,pay_bill
The gas company sent a final reminder for $143. How do I settle it today?,pay_bill
"I owe Brightwater Energy £96 for last quarter, how do I send it to them?",pay_bill
"Got an invoice from the electrician for $380, how do I clear it through you?",pay_bill
My phone provider says I'm $54 behind. How do I sort that from my account?,pay_bill
I want to settle what I owe on my credit card this month.,pay_bill
"The council's sent a rates notice for $1,040 due on the 30th. How do I get it to them?",pay_bill
How do I send money to the water company? I have their reference.,pay_bill
I need to clear the amount owing on my store card.,pay_bill
"Got a final demand from the energy company, how do I settle it right now?",pay_bill
"The hospital sent me an invoice for my son's stitches, $260. How do I send it?",pay_bill
The internet company wants $75 before they reconnect me.,pay_bill
How do I get the $210 to the vet clinic? They gave me a reference.,pay_bill
"My electricity account is overdue, how do I clear it?",pay_bill
The toll road company says I owe $18.40 plus an admin fee. How do I sort it?,pay_bill
I've got a notice from the council for £129. How do I send it?,pay_bill
I need to settle my credit card statement before the due date.,pay_bill
How do I send money to my mobile provider using the biller code?,pay_bill
"The school wants $45 for the excursion, how do I send it?",pay_bill
"Got a demand letter from the gas board, £210. Can I clear it now?",pay_bill
The dentist emailed an invoice with BSB and account number. How do I send it?,pay_bill
so um I've got a reminder from the power company and I want to sort it today,pay_bill
right so I owe the phone company eighty dollars how do I send it,pay_bill
uh hi I've got an invoice from the plumber and I want to clear it,pay_bill
okay so the council sent me a notice and I want to get it sorted,pay_bill
hi um the gas people say I'm overdue and I want to settle up,pay_bill
so basically I need to clear what I owe on my credit card,pay_bill
um the water company's sent a reminder can I settle it over the phone,pay_bill
right um the hospital sent me an invoice and I don't know how to send the money,pay_bill
hang on um I've got the biller code here for my electricity,pay_bill
hi there I need to get money to my internet provider before they cut me off,pay_bill
so uh I've got a parking notice and it's due tomorrow,pay_bill
okay um my mum's got an overdue notice for her phone and I want to sort it for her,pay_bill
so like how do I clear my store card this month,pay_bill
right so I've got a final notice from the energy company,pay_bill
hi um I'm a pensioner and I've got a letter saying I owe the council money,pay_bill
How do I settle my quarterly water charges?,pay_bill
Clear my Clearline credit card in full from my savings please.,pay_bill
My electricity supplier says they haven't received what I sent for this quarter. Can I send it again?,pay_bill
"I've got the BSB and account number for the builder's invoice, how do I send the $640?",pay_bill
How can I settle a traffic infringement notice?,pay_bill
Can I clear my mobile account using my savings?,pay_bill
"The energy company wants $312 by Friday, how do I get it to them?",pay_bill
"Overdue notice from the internet company, need to settle now.",pay_bill
I need to clear my outstanding vet invoice.,pay_bill
"I owe my accountant £450 for my tax return, how do I send it?",pay_bill
"Good afternoon, could you help me pay my electricity bill please?",pay_bill
Would it be possible to pay my water bill over the phone?,pay_bill
I'd be grateful if you could explain how to pay a bill using BPAY.,pay_bill
"Sorry to bother you, how do I pay a bill from my savings account?",pay_bill
"Hello, I'd like to pay my credit card bill in full, please.",pay_bill
I've received my electricity bill and it's due on Friday. I've never paid a bill through online banking before. Can you walk me through it?,pay_bill
I paid my phone bill three days ago but the phone company says they haven't received it. I used the right reference. Can you check where it went?,pay_bill
My elderly father has a gas bill that's overdue. I have his permission to pay it. Can I pay it from my account?,pay_bill
I've got a stack of supplier invoices to pay this week. Can I pay several bills at once in the app? Or do I need to do each one separately?,pay_bill
I got a final notice for my water bill. I want to pay it right now so they don't add a fee. What's the quickest way?,pay_bill
I'm a student and I have my first internet bill. It says to use BPAY but I don't know where to find it in the app. Can you help me pay it?,pay_bill
My credit card bill is due tomorrow. I want to pay it from my savings account. Is that possible?,pay_bill
"I need to pay a hospital bill for my daughter's surgery. It's $2,300. Can I pay it in one go from my checking account?",pay_bill
I paid my council tax to the wrong reference number. The council says they haven't got it. How do I fix it and pay again?,pay_bill
My landlord wants me to pay the water bill directly this quarter. He's given me the biller code. What do I do next?,pay_bill
I've tried to pay my gas bill three times and it keeps failing!,pay_bill
Why does a bill payment take two days? It's due today!,pay_bill
"I paid my phone bill and now there's a late fee, it was on time!",pay_bill
honestly paying a simple bill shouldn't be this complicated,pay_bill
Your system rejected my BPAY payment again. Why?,pay_bill
Need to pay my electricity bill today or they'll cut me off!,pay_bill
"pay my credit card bill now, it's due at midnight",pay_bill
"My phone's getting disconnected tonight, I need to pay the bill now",pay_bill
"final notice on my water bill, need to pay immediately",pay_bill
pay the parking fine today before it doubles,pay_bill
can i pay a bill with a reference number in the app,pay_bill
how do i pay my credit card from another bank,pay_bill
is bpay instant,pay_bill
can i pay my bill on a sunday,pay_bill
how do i pay a bill from my savings,pay_bill
can i pay half my bill now and half later,pay_bill
how do i save a biller for next time,pay_bill
i want to pay my energy bill early,pay_bill
How do I pay my gas bil?,pay_bill
Need to pay my phoen bill,pay_bill
Can I pay my credt card bill now?,pay_bill
My bill paymnet failed,pay_bill
Pay my watter bill please,pay_bill
How to pay a bill with BAPY?,pay_bill
Can I pay a bill without adding the company as a payee?,pay_bill
Where do I find the biller code on my electricity bill?,pay_bill
Can I pay my bill at the post office?,pay_bill
Is there a minimum amount for bill payments?,pay_bill
Can I get a receipt for a bill payment?,pay_bill
Can I pay a bill with money from my credit card?,pay_bill
Can I pay my council tax bill early?,pay_bill
How do I pay a bill that doesn't have a biller code?,pay_bill
Can I cancel a bill payment I scheduled for tomorrow?,pay_bill
Do you charge for paying bills over the phone?,pay_bill
How do I pay my credit card bill from my checking account?,pay_bill
um I just want to pay my phone bill please,pay_bill
so I've got an electricity bill and I want to pay it today,pay_bill
right so how do I pay a bill I've never paid before,pay_bill
uh hi I need to pay my credit card it's due on Friday,pay_bill
okay so I want to pay my water bill but I've lost the reference,pay_bill
hi um I've got a bill from the vet and I want to pay it,pay_bill
so basically I need to pay my gas bill and I don't know how,pay_bill
um so can I pay my mum's phone bill for her,pay_bill
right um I'd like to pay my internet bill please,pay_bill
hi so I'm a student and I've got a bill for my phone,pay_bill
so uh I want to pay a fine I got for parking,pay_bill
okay um can I pay a bill using my business account,pay_bill
hang on I've got the bill in front of me I want to pay it now,pay_bill
um so my electricity bill's overdue and I want to pay it,pay_bill
right so I paid a bill to the wrong company can I get it back and pay the right one,pay_bill
hi um I've got a bill from the council I want to pay,pay_bill
so like can I pay my credit card off right now,pay_bill
okay so I'm a parent and I want to pay my son's school fees bill for this term,pay_bill
uh yes I want to pay a bill over the phone please,pay_bill
so I'm calling to pay my gas bill,pay_bill
