text,intent,pred,confidence,latency_s,input_tokens,prob_abroad,prob_address,prob_app_error,prob_atm_limit,prob_balance,prob_business_loan,prob_card_issues,prob_cash_deposit,prob_direct_debit,prob_freeze,prob_high_value_payment,prob_joint_account,prob_latest_transactions,prob_pay_bill
I would like to set up a joint account with my partner,joint_account,joint_account,1.0,0.509848400019109,714,0.0,0.0,0.0,0.0,0.0,0.0,0.0,0.0,0.0,0.0,0.0,1.0,0.0,0.0
Henry County set up a joint account with my wife and where are they at,joint_account,joint_account,0.99,0.404642400098964,717,0.0,0.0,0.0,0.0,0.01,0.0,0.0,0.0,0.0,0.0,0.0,0.99,0.0,0.0
hi I'd like to set up a joint account with my partner I'm not seeing the option to do it on the app so I called in to get some help can I do it over the phone with you and give you the information,joint_account,joint_account,1.0,0.43799160001799403,749,0.0,0.0,0.0,0.0,0.0,0.0,0.0,0.0,0.0,0.0,0.0,1.0,0.0,0.0
how do I start a joint account,joint_account,joint_account,1.0,0.46592799993231804,709,0.0,0.0,0.0,0.0,0.0,0.0,0.0,0.0,0.0,0.0,0.0,1.0,0.0,0.0
can you help me set up a joint bank account,joint_account,joint_account,1.0,0.47373880003578905,712,0.0,0.0,0.0,0.0,0.0,0.0,0.0,0.0,0.0,0.0,0.0,1.0,0.0,0.0
how to set up a joint account,joint_account,joint_account,1.0,0.48020150000229406,709,0.0,0.0,0.0,0.0,0.0,0.0,0.0,0.0,0.0,0.0,0.0,1.0,0.0,0.0
is like you open a joint account tell me about processes,joint_account,joint_account,1.0,0.445307700196281,713,0.0,0.0,0.0,0.0,0.0,0.0,0.0,0.0,0.0,0.0,0.0,1.0,0.0,0.0
can I have an account with my sister I want to set up a joint account,joint_account,joint_account,1.0,0.44368740008212604,718,0.0,0.0,0.0,0.0,0.0,0.0,0.0,0.0,0.0,0.0,0.0,1.0,0.0,0.0
I need to find out if I probably set up a joint account,joint_account,joint_account,1.0,0.430389999877661,715,0.0,0.0,0.0,0.0,0.0,0.0,0.0,0.0,0.0,0.0,0.0,1.0,0.0,0.0
I am calling because I would like to set up a joint with my partner as possible and is there a bunny,joint_account,joint_account,1.0,0.44863500003702905,724,0.0,0.0,0.0,0.0,0.0,0.0,0.0,0.0,0.0,0.0,0.0,1.0,0.0,0.0
I need help setting up a joint account,joint_account,joint_account,1.0,0.402058699866756,710,0.0,0.0,0.0,0.0,0.0,0.0,0.0,0.0,0.0,0.0,0.0,1.0,0.0,0.0
how do I go about setting up a joint account for my wife and I,joint_account,joint_account,1.0,0.40583930001594104,717,0.0,0.0,0.0,0.0,0.0,0.0,0.0,0.0,0.0,0.0,0.0,1.0,0.0,0.0
hi I was trying to set up a joint account is there a somewhere on the app that I can do that or do I have to do that through you,joint_account,joint_account,1.0,0.463853399967774,733,0.0,0.0,0.0,0.0,0.0,0.0,0.0,0.0,0.0,0.0,0.0,1.0,0.0,0.0
I was wanting to set up a joint account with my spouse and I was wondering do we each get separate card debit card and separate way of knowing who is accessing the thank you,joint_account,joint_account,1.0,0.443147900048643,737,0.0,0.0,0.0,0.0,0.0,0.0,0.0,0.0,0.0,0.0,0.0,1.0,0.0,0.0
how do I set up a joint account,joint_account,joint_account,1.0,0.489293599966913,710,0.0,0.0,0.0,0.0,0.0,0.0,0.0,0.0,0.0,0.0,0.0,1.0,0.0,0.0
I was hoping to set up a joint account,joint_account,joint_account,1.0,0.42611550004221505,711,0.0,0.0,0.0,0.0,0.0,0.0,0.0,0.0,0.0,0.0,0.0,1.0,0.0,0.0
how do I create a joint account,joint_account,joint_account,1.0,0.40731729986146004,709,0.0,0.0,0.0,0.0,0.0,0.0,0.0,0.0,0.0,0.0,0.0,1.0,0.0,0.0
how do I set up a joint account,joint_account,joint_account,1.0,0.46100280014798006,710,0.0,0.0,0.0,0.0,0.0,0.0,0.0,0.0,0.0,0.0,0.0,1.0,0.0,0.0
hello how would I go about setting up a joint account with my partner,joint_account,joint_account,1.0,0.477970900014042,716,0.0,0.0,0.0,0.0,0.0,0.0,0.0,0.0,0.0,0.0,0.0,1.0,0.0,0.0
hello I'd like to set up a joint account was my partner how do I do that,joint_account,joint_account,1.0,0.41833089990541306,720,0.0,0.0,0.0,0.0,0.0,0.0,0.0,0.0,0.0,0.0,0.0,1.0,0.0,0.0
I would like to set up a joint account can I do that in the app,joint_account,joint_account,1.0,0.43158739991486006,718,0.0,0.0,0.0,0.0,0.0,0.0,0.0,0.0,0.0,0.0,0.0,1.0,0.0,0.0
how do I go about setting up a joint account with my partner and he's available on the app,joint_account,joint_account,1.0,0.513618999859318,722,0.0,0.0,0.0,0.0,0.0,0.0,0.0,0.0,0.0,0.0,0.0,1.0,0.0,0.0
how can my wife and I set up a joint account,joint_account,joint_account,1.0,0.6379764999728651,713,0.0,0.0,0.0,0.0,0.0,0.0,0.0,0.0,0.0,0.0,0.0,1.0,0.0,0.0
could you please tell me how to set up a joint account,joint_account,joint_account,1.0,0.422719500027596,714,0.0,0.0,0.0,0.0,0.0,0.0,0.0,0.0,0.0,0.0,0.0,1.0,0.0,0.0
I'd like to set up a joint account,joint_account,joint_account,1.0,0.5350380998570471,711,0.0,0.0,0.0,0.0,0.0,0.0,0.0,0.0,0.0,0.0,0.0,1.0,0.0,0.0
can I set up a joint account,joint_account,joint_account,1.0,0.48934020008891804,709,0.0,0.0,0.0,0.0,0.0,0.0,0.0,0.0,0.0,0.0,0.0,1.0,0.0,0.0
set up a joint account,joint_account,joint_account,1.0,0.42677489994093704,707,0.0,0.0,0.0,0.0,0.0,0.0,0.0,0.0,0.0,0.0,0.0,1.0,0.0,0.0
how to go about setting up a joint account for my partner and myself,joint_account,joint_account,1.0,0.5149330000858751,716,0.0,0.0,0.0,0.0,0.0,0.0,0.0,0.0,0.0,0.0,0.0,1.0,0.0,0.0
I'm on your ass and my husband and I are trying to set up a joint account I can see where I set up an account by myself but I'm not sure where to go to set up a joint account can you help me with this please thank you,joint_account,joint_account,1.0,0.445519499946385,754,0.0,0.0,0.0,0.0,0.0,0.0,0.0,0.0,0.0,0.0,0.0,1.0,0.0,0.0
open up a joint account with my partner,joint_account,joint_account,1.0,0.41116260015405703,710,0.0,0.0,0.0,0.0,0.0,0.0,0.0,0.0,0.0,0.0,0.0,1.0,0.0,0.0
how would I set up a joint account for myself to my partner,joint_account,joint_account,1.0,0.440029999939724,715,0.0,0.0,0.0,0.0,0.0,0.0,0.0,0.0,0.0,0.0,0.0,1.0,0.0,0.0
how much information about signing up for a joint account,joint_account,joint_account,1.0,0.520212600007653,712,0.0,0.0,0.0,0.0,0.0,0.0,0.0,0.0,0.0,0.0,0.0,1.0,0.0,0.0
hi I was wondering how I would set up a joint account with my partner,joint_account,joint_account,1.0,0.44436520012095504,717,0.0,0.0,0.0,0.0,0.0,0.0,0.0,0.0,0.0,0.0,0.0,1.0,0.0,0.0
hello yes my son is going off to college and I'd like to set up a joint account so that emergency,joint_account,joint_account,1.0,0.45886369980871605,724,0.0,0.0,0.0,0.0,0.0,0.0,0.0,0.0,0.0,0.0,0.0,1.0,0.0,0.0
yes I'd like to set up a joint account I'm allowed to anyone,joint_account,joint_account,1.0,0.422705099917948,717,0.0,0.0,0.0,0.0,0.0,0.0,0.0,0.0,0.0,0.0,0.0,1.0,0.0,0.0
hello I was just calling to see if I can make it a joint account with my wife thank you,joint_account,joint_account,1.0,0.43443849985487704,722,0.0,0.0,0.0,0.0,0.0,0.0,0.0,0.0,0.0,0.0,0.0,1.0,0.0,0.0
how do I set up a joint account,joint_account,joint_account,1.0,0.425495500210672,710,0.0,0.0,0.0,0.0,0.0,0.0,0.0,0.0,0.0,0.0,0.0,1.0,0.0,0.0
yes or no I'm going to because I would like to set up a joint account with my wife,joint_account,joint_account,1.0,0.43450490012764903,722,0.0,0.0,0.0,0.0,0.0,0.0,0.0,0.0,0.0,0.0,0.0,1.0,0.0,0.0
add someone to my account please,joint_account,joint_account,1.0,0.44007110013626505,708,0.0,0.0,0.0,0.0,0.0,0.0,0.0,0.0,0.0,0.0,0.0,1.0,0.0,0.0
I need to set up a joint account,joint_account,joint_account,1.0,0.6961397000122811,710,0.0,0.0,0.0,0.0,0.0,0.0,0.0,0.0,0.0,0.0,0.0,1.0,0.0,0.0
I was wondering if I was able to set up a joint account through the app,joint_account,joint_account,1.0,0.46688800002448205,718,0.0,0.0,0.0,0.0,0.0,0.0,0.0,0.0,0.0,0.0,0.0,1.0,0.0,0.0
I would like to set up a joint account how would I go about doing that,joint_account,joint_account,1.0,0.647256899857893,718,0.0,0.0,0.0,0.0,0.0,0.0,0.0,0.0,0.0,0.0,0.0,1.0,0.0,0.0
what is my account balance,balance,balance,1.0,0.41365149989724104,707,0.0,0.0,0.0,0.0,1.0,0.0,0.0,0.0,0.0,0.0,0.0,0.0,0.0,0.0
show me my current countdown,balance,balance,0.26,0.46428789990022706,707,0.0,0.0,0.17,0.03,0.31,0.0,0.02,0.0,0.02,0.02,0.23,0.0,0.16,0.04
I was wondering if my current balance is on my account,balance,balance,1.0,0.439601900056004,713,0.0,0.0,0.0,0.0,1.0,0.0,0.0,0.0,0.0,0.0,0.0,0.0,0.0,0.0
I would like to be showing my account balance please,balance,balance,1.0,0.55014059995301,712,0.0,0.0,0.0,0.0,1.0,0.0,0.0,0.0,0.0,0.0,0.0,0.0,0.0,0.0
what is my account balance,balance,balance,1.0,0.433566099964082,707,0.0,0.0,0.0,0.0,1.0,0.0,0.0,0.0,0.0,0.0,0.0,0.0,0.0,0.0
hello I just wanted to know how much money I currently have in my bank account,balance,balance,1.0,0.432187999831512,718,0.0,0.0,0.0,0.0,1.0,0.0,0.0,0.0,0.0,0.0,0.0,0.0,0.0,0.0
account balance,balance,balance,1.0,0.46332499990239706,704,0.0,0.0,0.0,0.0,1.0,0.0,0.0,0.0,0.0,0.0,0.0,0.0,0.0,0.0
please show me my account balance please,balance,balance,1.0,0.448982100002467,709,0.0,0.0,0.0,0.0,1.0,0.0,0.0,0.0,0.0,0.0,0.0,0.0,0.0,0.0
can you tell me what my current account balance is please,balance,balance,1.0,0.48020359990186906,713,0.0,0.0,0.0,0.0,1.0,0.0,0.0,0.0,0.0,0.0,0.0,0.0,0.0,0.0
oh yeah I was wondering if you guys could help me find my account balance,balance,balance,1.0,0.587894500000402,717,0.0,0.0,0.0,0.0,1.0,0.0,0.0,0.0,0.0,0.0,0.0,0.0,0.0,0.0
show me my account balance please,balance,balance,1.0,0.433459799969568,708,0.0,0.0,0.0,0.0,1.0,0.0,0.0,0.0,0.0,0.0,0.0,0.0,0.0,0.0
show me my account balance,balance,balance,1.0,0.47864950005896306,707,0.0,0.0,0.0,0.0,1.0,0.0,0.0,0.0,0.0,0.0,0.0,0.0,0.0,0.0
hello I'm calling about my account balance,balance,balance,1.0,0.441584300016984,710,0.0,0.0,0.0,0.0,1.0,0.0,0.0,0.0,0.0,0.0,0.0,0.0,0.0,0.0
what's my current balance,balance,balance,1.0,0.44826989993453004,707,0.0,0.0,0.0,0.0,1.0,0.0,0.0,0.0,0.0,0.0,0.0,0.0,0.0,0.0
please show me my current account balance,balance,balance,1.0,0.44386900006793406,709,0.0,0.0,0.0,0.0,1.0,0.0,0.0,0.0,0.0,0.0,0.0,0.0,0.0,0.0
can you tell me what my current account balances,balance,balance,1.0,0.621003499953076,711,0.0,0.0,0.0,0.0,1.0,0.0,0.0,0.0,0.0,0.0,0.0,0.0,0.0,0.0
show me my current account balance,balance,balance,1.0,0.46130139986053104,708,0.0,0.0,0.0,0.0,1.0,0.0,0.0,0.0,0.0,0.0,0.0,0.0,0.0,0.0
I need to know my account balance,balance,balance,1.0,0.44254580000415406,709,0.0,0.0,0.0,0.0,1.0,0.0,0.0,0.0,0.0,0.0,0.0,0.0,0.0,0.0
hey honey can you tell me how much money I have in my account like what's the balance,balance,balance,1.0,0.437149100005626,721,0.0,0.0,0.0,0.0,1.0,0.0,0.0,0.0,0.0,0.0,0.0,0.0,0.0,0.0
show me my account balance,balance,balance,1.0,0.42055939999409003,707,0.0,0.0,0.0,0.0,1.0,0.0,0.0,0.0,0.0,0.0,0.0,0.0,0.0,0.0
can you tell me what my current account balance is,balance,balance,1.0,0.44616870000027103,712,0.0,0.0,0.0,0.0,1.0,0.0,0.0,0.0,0.0,0.0,0.0,0.0,0.0,0.0
account balance please,balance,balance,1.0,0.435715199913829,705,0.0,0.0,0.0,0.0,1.0,0.0,0.0,0.0,0.0,0.0,0.0,0.0,0.0,0.0
what is my checking account balance,balance,balance,1.0,0.449209300102666,708,0.0,0.0,0.0,0.0,1.0,0.0,0.0,0.0,0.0,0.0,0.0,0.0,0.0,0.0
I'm wondering if I could find out what my account balance is right now on my checking and savings thank you,balance,balance,1.0,0.410220300080254,724,0.0,0.0,0.0,0.0,1.0,0.0,0.0,0.0,0.0,0.0,0.0,0.0,0.0,0.0
like to see my account balance,balance,balance,1.0,0.528358099982142,708,0.0,0.0,0.0,0.0,1.0,0.0,0.0,0.0,0.0,0.0,0.0,0.0,0.0,0.0
show me my account balance,balance,balance,1.0,0.43619129993021405,707,0.0,0.0,0.0,0.0,1.0,0.0,0.0,0.0,0.0,0.0,0.0,0.0,0.0,0.0
can you see my account balance,balance,balance,1.0,0.48710120003670404,708,0.0,0.0,0.0,0.0,1.0,0.0,0.0,0.0,0.0,0.0,0.0,0.0,0.0,0.0
what is my current bank balance,balance,balance,1.0,0.49354259995743605,708,0.0,0.0,0.0,0.0,1.0,0.0,0.0,0.0,0.0,0.0,0.0,0.0,0.0,0.0
so you spent the money I'd like to see my new account balance,balance,balance,1.0,0.45288609992712703,716,0.0,0.0,0.0,0.0,1.0,0.0,0.0,0.0,0.0,0.0,0.0,0.0,0.0,0.0
I would like to know the amount in my current account,balance,balance,1.0,0.44505260000005303,713,0.0,0.0,0.0,0.0,1.0,0.0,0.0,0.0,0.0,0.0,0.0,0.0,0.0,0.0
how much do I have in my account,balance,balance,1.0,0.43724479991942605,710,0.0,0.0,0.0,0.0,1.0,0.0,0.0,0.0,0.0,0.0,0.0,0.0,0.0,0.0
can I see my account balance please,balance,balance,1.0,0.513361500110477,709,0.0,0.0,0.0,0.0,1.0,0.0,0.0,0.0,0.0,0.0,0.0,0.0,0.0,0.0
hey I'm calling to ask about my current account balance,balance,balance,1.0,0.42713690013624706,713,0.0,0.0,0.0,0.0,1.0,0.0,0.0,0.0,0.0,0.0,0.0,0.0,0.0,0.0
what's my account balance,balance,balance,1.0,0.399985400028526,707,0.0,0.0,0.0,0.0,1.0,0.0,0.0,0.0,0.0,0.0,0.0,0.0,0.0,0.0
what's my account balance,balance,balance,1.0,0.506149299908429,707,0.0,0.0,0.0,0.0,1.0,0.0,0.0,0.0,0.0,0.0,0.0,0.0,0.0,0.0
show me my account balance please,balance,balance,1.0,0.43902849988080506,708,0.0,0.0,0.0,0.0,1.0,0.0,0.0,0.0,0.0,0.0,0.0,0.0,0.0,0.0
show me my account balance,balance,balance,1.0,0.41411520005203706,707,0.0,0.0,0.0,0.0,1.0,0.0,0.0,0.0,0.0,0.0,0.0,0.0,0.0,0.0
please show me my account balance,balance,balance,1.0,0.44347609998658305,708,0.0,0.0,0.0,0.0,1.0,0.0,0.0,0.0,0.0,0.0,0.0,0.0,0.0,0.0
hi I want you to tell me my account balance until I'm just see it and I need to be able to reconcile a my account,balance,balance,1.0,0.46626310003921306,729,0.0,0.0,0.0,0.0,1.0,0.0,0.0,0.0,0.0,0.0,0.0,0.0,0.0,0.0
how much money is in my account,balance,balance,1.0,0.450879599899053,709,0.0,0.0,0.0,0.0,1.0,0.0,0.0,0.0,0.0,0.0,0.0,0.0,0.0,0.0
I would like to know what my current account balance shows,balance,balance,1.0,0.46322819986380603,713,0.0,0.0,0.0,0.0,1.0,0.0,0.0,0.0,0.0,0.0,0.0,0.0,0.0,0.0
I would like to make a down payment,pay_bill,high_value_payment,0.9,0.47871849988587206,710,0.0,0.0,0.0,0.0,0.0,0.01,0.0,0.01,0.0,0.0,0.91,0.0,0.0,0.07
hi my credit card payment is due I need to pay that bill thank you,pay_bill,pay_bill,1.0,0.444068500073626,717,0.0,0.0,0.0,0.0,0.0,0.0,0.0,0.0,0.0,0.0,0.0,0.0,0.0,1.0
say hello I have to make a payment on my bill can you tell me how much I owe and,pay_bill,pay_bill,0.96,0.466286800103262,722,0.0,0.0,0.0,0.0,0.04,0.0,0.0,0.0,0.0,0.0,0.0,0.0,0.0,0.96
my bills are due,pay_bill,pay_bill,1.0,0.48118649981915906,706,0.0,0.0,0.0,0.0,0.0,0.0,0.0,0.0,0.0,0.0,0.0,0.0,0.0,1.0
I'd like to make a payment on my credit card account,pay_bill,pay_bill,0.99,0.503586099948734,714,0.0,0.0,0.0,0.0,0.0,0.0,0.0,0.0,0.0,0.0,0.01,0.0,0.0,0.99
teach me how to pay bill online,pay_bill,pay_bill,1.0,0.44708459987305105,710,0.0,0.0,0.0,0.0,0.0,0.0,0.0,0.0,0.0,0.0,0.0,0.0,0.0,1.0
I need your bank online using the app and I want to pay my credit card bill it's due to do help me use the app to get that done thank you,pay_bill,pay_bill,1.0,0.48824069998227004,735,0.0,0.0,0.0,0.0,0.0,0.0,0.0,0.0,0.0,0.0,0.0,0.0,0.0,1.0
I'd like to make a payment,pay_bill,pay_bill,0.96,0.448005800135433,709,0.0,0.0,0.0,0.0,0.0,0.0,0.0,0.0,0.0,0.0,0.04,0.0,0.0,0.96
yeah I know I want to pay bill I have a particular payment I need to make my credit card is due so I'm to pay that bill now,pay_bill,pay_bill,1.0,0.42105480004101903,732,0.0,0.0,0.0,0.0,0.0,0.0,0.0,0.0,0.0,0.0,0.0,0.0,0.0,1.0
karma credit card bill today,pay_bill,pay_bill,0.86,0.413425300037488,708,0.0,0.0,0.0,0.0,0.09,0.0,0.0,0.0,0.0,0.0,0.0,0.0,0.04,0.87
I need to pay though,pay_bill,pay_bill,0.96,0.44499249989166806,707,0.0,0.0,0.0,0.0,0.0,0.0,0.01,0.0,0.0,0.0,0.03,0.0,0.0,0.96
Somaya my Internet bill due and I need to make a payment through this,pay_bill,pay_bill,1.0,0.6611815001815551,717,0.0,0.0,0.0,0.0,0.0,0.0,0.0,0.0,0.0,0.0,0.0,0.0,0.0,1.0
I would like to make a payment,pay_bill,pay_bill,0.96,0.443045899970456,709,0.0,0.0,0.0,0.0,0.0,0.0,0.0,0.0,0.0,0.0,0.04,0.0,0.0,0.96
I'd like to pay a bail,pay_bill,pay_bill,0.78,0.46950280014425505,709,0.0,0.0,0.0,0.0,0.0,0.0,0.0,0.0,0.0,0.0,0.2,0.0,0.0,0.8
make a bill payment,pay_bill,pay_bill,1.0,0.48616979992948406,706,0.0,0.0,0.0,0.0,0.0,0.0,0.0,0.0,0.0,0.0,0.0,0.0,0.0,1.0
I have to pay bill make payment,pay_bill,pay_bill,1.0,0.460300099803134,709,0.0,0.0,0.0,0.0,0.0,0.0,0.0,0.0,0.0,0.0,0.0,0.0,0.0,1.0
hi I'd like to pay the bills could you please help me with this,pay_bill,pay_bill,1.0,0.504891199991107,717,0.0,0.0,0.0,0.0,0.0,0.0,0.0,0.0,0.0,0.0,0.0,0.0,0.0,1.0
hi I have a bill to pay,pay_bill,pay_bill,1.0,0.5257943000178781,709,0.0,0.0,0.0,0.0,0.0,0.0,0.0,0.0,0.0,0.0,0.0,0.0,0.0,1.0
I haven't told you on my case is called I would like to make the payment please,pay_bill,pay_bill,0.86,0.45100890006870004,720,0.0,0.0,0.0,0.0,0.0,0.0,0.0,0.0,0.0,0.0,0.13,0.0,0.0,0.87
I'd like to pay my bill,pay_bill,pay_bill,1.0,0.47942090011201804,709,0.0,0.0,0.0,0.0,0.0,0.0,0.0,0.0,0.0,0.0,0.0,0.0,0.0,1.0
hello yes I would like to make a payment,pay_bill,pay_bill,0.96,0.464269400108605,711,0.0,0.0,0.0,0.0,0.0,0.0,0.0,0.0,0.0,0.0,0.04,0.0,0.0,0.96
I need to make a payment,pay_bill,pay_bill,0.9400000000000001,0.432796600041911,708,0.0,0.0,0.0,0.0,0.0,0.0,0.0,0.0,0.0,0.0,0.06,0.0,0.0,0.9400000000000001
hi I want to make a payment so I can pay this bill,pay_bill,pay_bill,1.0,0.441005300031974,715,0.0,0.0,0.0,0.0,0.0,0.0,0.0,0.0,0.0,0.0,0.0,0.0,0.0,1.0
pay my credit card bill,pay_bill,pay_bill,1.0,0.47444269992411103,707,0.0,0.0,0.0,0.0,0.0,0.0,0.0,0.0,0.0,0.0,0.0,0.0,0.0,1.0
hello yes I'm calling in regards to my credit card bill at a little bit early if I could that would be great thank you,pay_bill,pay_bill,0.98,0.44578330009244305,728,0.0,0.0,0.0,0.0,0.01,0.0,0.0,0.0,0.01,0.0,0.0,0.0,0.0,0.98
I would like to pay bill and make a payment,pay_bill,pay_bill,1.0,0.423233500216156,712,0.0,0.0,0.0,0.0,0.0,0.0,0.0,0.0,0.0,0.0,0.0,0.0,0.0,1.0
can I make a payment please,pay_bill,pay_bill,0.96,0.42760520009323905,708,0.0,0.0,0.0,0.0,0.0,0.0,0.0,0.0,0.0,0.0,0.04,0.0,0.0,0.96
hey I need to pay a bill my electricity bill is up and I already moved all the money over to my primary checking you can just take it from there to the bill passed eat near me,pay_bill,pay_bill,1.0,0.5043044998310501,740,0.0,0.0,0.0,0.0,0.0,0.0,0.0,0.0,0.0,0.0,0.0,0.0,0.0,1.0
I want to make an online bill payment,pay_bill,pay_bill,1.0,0.42762220022268504,710,0.0,0.0,0.0,0.0,0.0,0.0,0.0,0.0,0.0,0.0,0.0,0.0,0.0,1.0
I have to pay bills at 2,pay_bill,pay_bill,1.0,0.45770770008675704,710,0.0,0.0,0.0,0.0,0.0,0.0,0.0,0.0,0.0,0.0,0.0,0.0,0.0,1.0
epic to make a payment on the bill,pay_bill,pay_bill,0.99,0.46124459989368904,711,0.0,0.0,0.0,0.0,0.0,0.0,0.0,0.0,0.0,0.0,0.01,0.0,0.0,0.99
hello I'm calling to pay for my electric and water bill or can I make this payment,pay_bill,pay_bill,1.0,0.432542100083082,720,0.0,0.0,0.0,0.0,0.0,0.0,0.0,0.0,0.0,0.0,0.0,0.0,0.0,1.0
hi I'm trying to pay my bill using my card,pay_bill,pay_bill,1.0,0.480971500044688,713,0.0,0.0,0.0,0.0,0.0,0.0,0.0,0.0,0.0,0.0,0.0,0.0,0.0,1.0
I need to pay my credit card bill,pay_bill,pay_bill,1.0,0.5571650001220401,710,0.0,0.0,0.0,0.0,0.0,0.0,0.0,0.0,0.0,0.0,0.0,0.0,0.0,1.0
I wanted to make a payment on my bill,pay_bill,pay_bill,1.0,0.6650600000284611,711,0.0,0.0,0.0,0.0,0.0,0.0,0.0,0.0,0.0,0.0,0.0,0.0,0.0,1.0
I have to pay my bill,pay_bill,pay_bill,1.0,0.551942100049927,708,0.0,0.0,0.0,0.0,0.0,0.0,0.0,0.0,0.0,0.0,0.0,0.0,0.0,1.0
I would like to make a payment,pay_bill,pay_bill,0.9500000000000001,0.422762899892404,709,0.0,0.0,0.0,0.0,0.0,0.0,0.0,0.0,0.0,0.0,0.05,0.0,0.0,0.9500000000000001
I have to pay a bill,pay_bill,pay_bill,1.0,0.395592899993062,708,0.0,0.0,0.0,0.0,0.0,0.0,0.0,0.0,0.0,0.0,0.0,0.0,0.0,1.0
I want to pay off my entire balance,pay_bill,pay_bill,0.76,0.5401423999574031,710,0.0,0.0,0.0,0.0,0.02,0.0,0.0,0.0,0.0,0.0,0.2,0.0,0.0,0.78
I'd like to pay my electricity bill,pay_bill,pay_bill,1.0,0.45671539986506104,710,0.0,0.0,0.0,0.0,0.0,0.0,0.0,0.0,0.0,0.0,0.0,0.0,0.0,1.0
I am calling because I want to pay a bill,pay_bill,pay_bill,1.0,0.46274710004217906,712,0.0,0.0,0.0,0.0,0.0,0.0,0.0,0.0,0.0,0.0,0.0,0.0,0.0,1.0
oh yeah hi I need fastest topical transactions on my card freeze my card block my card or something,freeze,freeze,0.99,0.487020999891683,721,0.0,0.0,0.0,0.0,0.0,0.0,0.0,0.0,0.0,0.99,0.0,0.0,0.01,0.0
freeze my card please,freeze,freeze,1.0,0.47620570007711605,706,0.0,0.0,0.0,0.0,0.0,0.0,0.0,0.0,0.0,1.0,0.0,0.0,0.0,0.0
hi I've lost my bank card and please stop all transactions I don't want anybody using my card for anything I don't know where it is can you do this for me thank you,freeze,card_issues,0.8200000000000001,0.5396680000703781,739,0.0,0.0,0.0,0.0,0.0,0.0,0.8300000000000001,0.0,0.0,0.17,0.0,0.0,0.0,0.0
I want to stop all transactions this card,freeze,freeze,1.0,0.439553499920293,710,0.0,0.0,0.0,0.0,0.0,0.0,0.0,0.0,0.0,1.0,0.0,0.0,0.0,0.0
good morning single lost my ATM card like a debit card I need to put a freezer,freeze,freeze,0.76,0.471503600012511,719,0.0,0.0,0.0,0.0,0.0,0.0,0.22,0.0,0.0,0.78,0.0,0.0,0.0,0.0
hi I've lost my card and so I think I might know where it is but could you freeze it for right now I don't want any transactions to happen on it until I can find it,freeze,freeze,0.98,0.451445900136604,741,0.0,0.0,0.0,0.0,0.0,0.0,0.02,0.0,0.0,0.98,0.0,0.0,0.0,0.0
Uncle freeze my card,freeze,freeze,1.0,0.48989790002815403,707,0.0,0.0,0.0,0.0,0.0,0.0,0.0,0.0,0.0,1.0,0.0,0.0,0.0,0.0
hi I need to freeze my card please,freeze,freeze,1.0,0.46031790017150304,710,0.0,0.0,0.0,0.0,0.0,0.0,0.0,0.0,0.0,1.0,0.0,0.0,0.0,0.0
I want you to freeze a whole transactions on my card place,freeze,freeze,0.99,0.43183649983257005,714,0.0,0.0,0.0,0.0,0.0,0.0,0.0,0.0,0.0,0.99,0.0,0.0,0.01,0.0
hi I lost my card I'd like to freeze my card softball transactions I don't know where I put it I'm not sure if it was stolen or not so I'd like it to be frozen so that nothing can happen thank you very much,freeze,freeze,0.85,0.410295099951326,751,0.0,0.0,0.0,0.0,0.0,0.0,0.14,0.0,0.0,0.86,0.0,0.0,0.0,0.0
hi there I wanted to call to make sure that you got to stop and block my card store,freeze,freeze,0.99,5.455910400021821,721,0.0,0.0,0.0,0.0,0.0,0.0,0.01,0.0,0.0,0.99,0.0,0.0,0.0,0.0
Five Nights at Freddy's my car seats,freeze,app_error,0.19,0.469949099933728,710,0.01,0.03,0.25,0.0,0.09,0.01,0.11,0.0,0.02,0.02,0.04,0.0,0.25,0.17
hey I suspect that there's been some fraud with my credit card so I would like to put a freeze on my card so that there can be no more used to it,freeze,freeze,1.0,0.49611689988523705,736,0.0,0.0,0.0,0.0,0.0,0.0,0.0,0.0,0.0,1.0,0.0,0.0,0.0,0.0
I'd like to freeze my card,freeze,freeze,1.0,0.52640870003961,709,0.0,0.0,0.0,0.0,0.0,0.0,0.0,0.0,0.0,1.0,0.0,0.0,0.0,0.0
I'm going to be needing someone to stop my card right now can they freeze it for me please,freeze,freeze,1.0,0.514045899966731,722,0.0,0.0,0.0,0.0,0.0,0.0,0.0,0.0,0.0,1.0,0.0,0.0,0.0,0.0
see the security hold put on my card,freeze,card_issues,0.30000000000000004,0.510683799860999,710,0.02,0.0,0.0,0.0,0.0,0.0,0.35000000000000003,0.0,0.0,0.30000000000000004,0.02,0.0,0.31,0.0
can I freeze my card,freeze,freeze,1.0,0.518907099962234,707,0.0,0.0,0.0,0.0,0.0,0.0,0.0,0.0,0.0,1.0,0.0,0.0,0.0,0.0
I need to freeze my card,freeze,freeze,1.0,0.48362750001251703,708,0.0,0.0,0.0,0.0,0.0,0.0,0.0,0.0,0.0,1.0,0.0,0.0,0.0,0.0
honey I like to freeze my card,freeze,freeze,1.0,0.520112599944695,710,0.0,0.0,0.0,0.0,0.0,0.0,0.0,0.0,0.0,1.0,0.0,0.0,0.0,0.0
freeze my card,freeze,freeze,1.0,0.412269999971613,705,0.0,0.0,0.0,0.0,0.0,0.0,0.0,0.0,0.0,1.0,0.0,0.0,0.0,0.0
could you please freeze my card and make sure no transaction happens melim,freeze,freeze,1.0,0.43387619988061404,716,0.0,0.0,0.0,0.0,0.0,0.0,0.0,0.0,0.0,1.0,0.0,0.0,0.0,0.0
hello GIF I'm going cuz my card got stolen I would like to stop all transactions for my car completely,freeze,card_issues,0.68,0.504828799981623,723,0.0,0.0,0.0,0.0,0.0,0.0,0.7000000000000001,0.0,0.0,0.30000000000000004,0.0,0.0,0.0,0.0
I'd like to place a freeze on my card,freeze,freeze,1.0,0.45844809990376206,712,0.0,0.0,0.0,0.0,0.0,0.0,0.0,0.0,0.0,1.0,0.0,0.0,0.0,0.0
hi I was wondering if there was a way that you could freeze my card for me I need to stop all transaction to my account right now,freeze,freeze,1.0,0.49049809994176,730,0.0,0.0,0.0,0.0,0.0,0.0,0.0,0.0,0.0,1.0,0.0,0.0,0.0,0.0
freeze my card,freeze,freeze,1.0,0.44909959984943204,705,0.0,0.0,0.0,0.0,0.0,0.0,0.0,0.0,0.0,1.0,0.0,0.0,0.0,0.0
freeze my debit card I want to stop at all transactions coming in please lock my car,freeze,freeze,1.0,0.47759909997694105,719,0.0,0.0,0.0,0.0,0.0,0.0,0.0,0.0,0.0,1.0,0.0,0.0,0.0,0.0
I would like you to freeze all transactions on my card please,freeze,freeze,1.0,0.41473460011184204,714,0.0,0.0,0.0,0.0,0.0,0.0,0.0,0.0,0.0,1.0,0.0,0.0,0.0,0.0
I'd like to freeze my card,freeze,freeze,1.0,0.429681200068444,709,0.0,0.0,0.0,0.0,0.0,0.0,0.0,0.0,0.0,1.0,0.0,0.0,0.0,0.0
I lost my card and need to freeze my account,freeze,freeze,0.87,0.46683920011855606,712,0.0,0.0,0.0,0.0,0.0,0.0,0.12,0.0,0.0,0.88,0.0,0.0,0.0,0.0
I want to see freezing my card,freeze,freeze,1.0,0.420930200023576,709,0.0,0.0,0.0,0.0,0.0,0.0,0.0,0.0,0.0,1.0,0.0,0.0,0.0,0.0
hello my wallet is stolen and I'd like to put a block on my card,freeze,freeze,0.74,0.443516799947246,718,0.0,0.0,0.0,0.0,0.0,0.0,0.24,0.0,0.0,0.76,0.0,0.0,0.0,0.0
freeze my card immediately cease all purchases,freeze,freeze,1.0,0.45576559985056503,709,0.0,0.0,0.0,0.0,0.0,0.0,0.0,0.0,0.0,1.0,0.0,0.0,0.0,0.0
I'm having some fun and I'm wondering if you are able to freeze it,freeze,freeze,1.0,0.470763099845498,718,0.0,0.0,0.0,0.0,0.0,0.0,0.0,0.0,0.0,1.0,0.0,0.0,0.0,0.0
there has been an issue with my card and I would like to breathe,freeze,card_issues,0.99,0.43367929989472004,716,0.0,0.0,0.0,0.0,0.0,0.0,0.99,0.0,0.0,0.01,0.0,0.0,0.0,0.0
hello I just ate only lost my card at the airport will you be able to stop listen to increase the card,freeze,card_issues,0.88,0.44125339994207,724,0.01,0.0,0.0,0.1,0.0,0.0,0.89,0.0,0.0,0.0,0.0,0.0,0.0,0.0
hey some dude got a hold of my car and I want fries all transactions on that,freeze,latest_transactions,0.84,0.45950490003451705,719,0.0,0.0,0.0,0.0,0.0,0.0,0.05,0.0,0.0,0.1,0.0,0.0,0.85,0.0
I would like to stop all transactions on my card,freeze,freeze,1.0,0.460653800051659,712,0.0,0.0,0.0,0.0,0.0,0.0,0.0,0.0,0.0,1.0,0.0,0.0,0.0,0.0
please stop all transactions on my card,freeze,freeze,1.0,0.45626390003599204,709,0.0,0.0,0.0,0.0,0.0,0.0,0.0,0.0,0.0,1.0,0.0,0.0,0.0,0.0
I need to put a freeze on my card,freeze,freeze,1.0,0.456574500072747,711,0.0,0.0,0.0,0.0,0.0,0.0,0.0,0.0,0.0,1.0,0.0,0.0,0.0,0.0
I need a freeze my card,freeze,freeze,1.0,0.44981830008327905,708,0.0,0.0,0.0,0.0,0.0,0.0,0.0,0.0,0.0,1.0,0.0,0.0,0.0,0.0
please freeze all transactions on my card,freeze,freeze,1.0,0.462184699950739,709,0.0,0.0,0.0,0.0,0.0,0.0,0.0,0.0,0.0,1.0,0.0,0.0,0.0,0.0
read card all transaction,freeze,latest_transactions,1.0,0.44626710005104503,706,0.0,0.0,0.0,0.0,0.0,0.0,0.0,0.0,0.0,0.0,0.0,0.0,1.0,0.0
hi I'm just calling because I would like to immediately leave my car. My card I would like it to just be cancelled really because I broke my car in the womb,freeze,card_issues,0.84,0.474040100118145,736,0.0,0.0,0.0,0.0,0.0,0.0,0.85,0.0,0.0,0.15,0.0,0.0,0.0,0.0
all transactions on my card fees,freeze,latest_transactions,0.92,0.47448350000195205,708,0.04,0.0,0.0,0.0,0.0,0.0,0.02,0.0,0.0,0.0,0.0,0.0,0.93,0.0
I need to place a freeze on my card I have reason to believe that it has been stolen or I have misplaced it,freeze,freeze,0.9500000000000001,0.42926969984546304,726,0.0,0.0,0.0,0.0,0.0,0.0,0.05,0.0,0.0,0.9500000000000001,0.0,0.0,0.0,0.0
high on the app isn't loading information,app_error,app_error,1.0,0.456992499995976,710,0.0,0.0,1.0,0.0,0.0,0.0,0.0,0.0,0.0,0.0,0.0,0.0,0.0,0.0
I'm trying to use your app to access health and FYI login very weird error message it says cannot connect to server and I'm just wondering if you had any website issues going on,app_error,app_error,1.0,0.44836559984833,739,0.0,0.0,1.0,0.0,0.0,0.0,0.0,0.0,0.0,0.0,0.0,0.0,0.0,0.0
is the app not working I can't access my account,app_error,app_error,1.0,0.43759720004163605,713,0.0,0.0,1.0,0.0,0.0,0.0,0.0,0.0,0.0,0.0,0.0,0.0,0.0,0.0
the mobile app keeps crashing on my phone,app_error,app_error,1.0,0.5250136998947711,710,0.0,0.0,1.0,0.0,0.0,0.0,0.0,0.0,0.0,0.0,0.0,0.0,0.0,0.0
hi so I'm using your app on my phone and the app isn't working properly so I was wondering if you guys could help me,app_error,app_error,1.0,0.47010289994068405,729,0.0,0.0,1.0,0.0,0.0,0.0,0.0,0.0,0.0,0.0,0.0,0.0,0.0,0.0
I'm usually asleep use the app for my big services and today it's not working any help me access my account,app_error,app_error,1.0,0.44603079999797,725,0.0,0.0,1.0,0.0,0.0,0.0,0.0,0.0,0.0,0.0,0.0,0.0,0.0,0.0
the app does not load,app_error,app_error,1.0,0.48753100004978406,707,0.0,0.0,1.0,0.0,0.0,0.0,0.0,0.0,0.0,0.0,0.0,0.0,0.0,0.0
hi I recently downloaded your app and Android can you please tell me,app_error,app_error,1.0,0.439271599985659,715,0.0,0.0,1.0,0.0,0.0,0.0,0.0,0.0,0.0,0.0,0.0,0.0,0.0,0.0
hi I'm having issue with your app coming up on my phone and being able to walk again,app_error,app_error,0.9500000000000001,0.448011199943721,721,0.0,0.0,0.9500000000000001,0.0,0.0,0.0,0.04,0.0,0.0,0.01,0.0,0.0,0.0,0.0
your mobile app isn't working,app_error,app_error,1.0,0.45927109988406306,708,0.0,0.0,1.0,0.0,0.0,0.0,0.0,0.0,0.0,0.0,0.0,0.0,0.0,0.0
stop is not working properly or at all I can't access anything,app_error,app_error,0.66,0.5362730000633741,715,0.0,0.0,0.68,0.0,0.0,0.0,0.02,0.0,0.01,0.29,0.0,0.0,0.0,0.0
hi good morning to you don't like to make a complaint I've been trying to look up my house I don't know why thank you,app_error,address,0.84,0.46274430002085803,730,0.0,0.85,0.13,0.0,0.01,0.0,0.0,0.0,0.0,0.0,0.0,0.0,0.01,0.0
hi I was just using the banking app that you guys have on my phone and it's not loading up it's saying that it can't access my account and then it won't go through the help me with this,app_error,app_error,1.0,0.413527300115674,745,0.0,0.0,1.0,0.0,0.0,0.0,0.0,0.0,0.0,0.0,0.0,0.0,0.0,0.0
the app is not working and I can't access any of my account information,app_error,app_error,1.0,0.42970049986615705,717,0.0,0.0,1.0,0.0,0.0,0.0,0.0,0.0,0.0,0.0,0.0,0.0,0.0,0.0
hello I'm having a problem with my with the app it won't load my account,app_error,app_error,1.0,0.44785839994437904,719,0.0,0.0,1.0,0.0,0.0,0.0,0.0,0.0,0.0,0.0,0.0,0.0,0.0,0.0
I'm using my banking app and it's not working the way it's supposed to,app_error,app_error,1.0,0.494081099983304,719,0.0,0.0,1.0,0.0,0.0,0.0,0.0,0.0,0.0,0.0,0.0,0.0,0.0,0.0
hi I'm just calling to talk to technical support because the app is not working on my phone it will not load My Account Details,app_error,app_error,1.0,0.485956399934366,728,0.0,0.0,1.0,0.0,0.0,0.0,0.0,0.0,0.0,0.0,0.0,0.0,0.0,0.0
the office not working correctly,app_error,app_error,0.98,0.487291699973866,707,0.0,0.0,0.98,0.0,0.0,0.01,0.01,0.0,0.0,0.0,0.0,0.0,0.0,0.0
yeah I know I just wanted to ask you a quick question I'm trying to access the app for for your bank and it's not loading properly I can't stand in curtailing it says please try again in a few minutes,app_error,app_error,1.0,0.446886700112372,748,0.0,0.0,1.0,0.0,0.0,0.0,0.0,0.0,0.0,0.0,0.0,0.0,0.0,0.0
I am trying to use but I'm having a hard time can you help me out,app_error,app_error,0.96,0.45609500003047204,719,0.0,0.0,0.96,0.0,0.0,0.0,0.04,0.0,0.0,0.0,0.0,0.0,0.0,0.0
use the app and it is literally not working it's not showing my transactions for Sunday I'm trying to get you a bill and also check the status of a text that needs to be cleared and the app keeps closing it keeps crashing and it's not showing anything on my end,app_error,app_error,0.98,0.47071840008720706,757,0.0,0.0,0.98,0.0,0.0,0.0,0.0,0.0,0.0,0.0,0.0,0.0,0.0,0.02
app will not load on my phone,app_error,app_error,1.0,0.469535600161179,709,0.0,0.0,1.0,0.0,0.0,0.0,0.0,0.0,0.0,0.0,0.0,0.0,0.0,0.0
I'm trying to use the information in an error message,app_error,app_error,1.0,0.511731100035831,713,0.0,0.0,1.0,0.0,0.0,0.0,0.0,0.0,0.0,0.0,0.0,0.0,0.0,0.0
I've been using this app for taxes my bank account but my balance doesn't load at all is there somewhere you can fix it,app_error,app_error,0.91,0.474131599999964,728,0.0,0.0,0.92,0.0,0.08,0.0,0.0,0.0,0.0,0.0,0.0,0.0,0.0,0.0
having trouble with the app I'm not able to see my account balance and when I try to click on it it crashes,app_error,app_error,0.98,0.45940409996546805,726,0.0,0.0,0.98,0.0,0.02,0.0,0.0,0.0,0.0,0.0,0.0,0.0,0.0,0.0
the app isn't working correctly am I able to access my bank account,app_error,app_error,1.0,0.432538700057193,716,0.0,0.0,1.0,0.0,0.0,0.0,0.0,0.0,0.0,0.0,0.0,0.0,0.0,0.0
good morning I'm trying to use the Android app to access my account information and it says that I have no accounts to service online,app_error,app_error,1.0,0.423640400171279,728,0.0,0.0,1.0,0.0,0.0,0.0,0.0,0.0,0.0,0.0,0.0,0.0,0.0,0.0
it's not working now I cannot get into my account,app_error,app_error,1.0,0.463042800081893,713,0.0,0.0,1.0,0.0,0.0,0.0,0.0,0.0,0.0,0.0,0.0,0.0,0.0,0.0
KeyBank app is not properly working,app_error,app_error,1.0,0.460885099833831,709,0.0,0.0,1.0,0.0,0.0,0.0,0.0,0.0,0.0,0.0,0.0,0.0,0.0,0.0
hi I'm trying to use your app online it doesn't mean service now I can't get to my account I can't see my balance can you help me with this please,app_error,app_error,0.99,0.48604899994097606,737,0.0,0.0,0.99,0.0,0.01,0.0,0.0,0.0,0.0,0.0,0.0,0.0,0.0,0.0
hello I'm trying to use your app for your bank service and for some reason doesn't seem to load whenever I'm trying to check my,app_error,app_error,1.0,0.440327199874445,730,0.0,0.0,1.0,0.0,0.0,0.0,0.0,0.0,0.0,0.0,0.0,0.0,0.0,0.0
I'm hoping you can help me I can't access my account it just says that the app is being serviced,app_error,app_error,1.0,0.442667699884623,724,0.0,0.0,1.0,0.0,0.0,0.0,0.0,0.0,0.0,0.0,0.0,0.0,0.0,0.0
if my app is not loading and I cannot access my account,app_error,app_error,1.0,0.43002139986492605,714,0.0,0.0,1.0,0.0,0.0,0.0,0.0,0.0,0.0,0.0,0.0,0.0,0.0,0.0
are there another new problem with the app not loading properly,app_error,app_error,1.0,0.628912199987098,713,0.0,0.0,1.0,0.0,0.0,0.0,0.0,0.0,0.0,0.0,0.0,0.0,0.0,0.0
the app is malfunctioning,app_error,app_error,1.0,0.547450799960643,710,0.0,0.0,1.0,0.0,0.0,0.0,0.0,0.0,0.0,0.0,0.0,0.0,0.0,0.0
hi I'm trying to use the banking app on my phone and currently my checking and savings account balance is not refreshing,app_error,app_error,0.92,0.503292999928817,725,0.0,0.0,0.93,0.0,0.07,0.0,0.0,0.0,0.0,0.0,0.0,0.0,0.0,0.0
hello I'm calling for technical difficulties I cannot access my bank account and I was wondering what the problem is thank you,app_error,app_error,1.0,0.43822770006954603,725,0.0,0.0,1.0,0.0,0.0,0.0,0.0,0.0,0.0,0.0,0.0,0.0,0.0,0.0
yes hello I'm calling because my mobile app doesn't work,app_error,app_error,1.0,0.42610169993713504,714,0.0,0.0,1.0,0.0,0.0,0.0,0.0,0.0,0.0,0.0,0.0,0.0,0.0,0.0
my transactions aren't loading,app_error,latest_transactions,0.56,0.53043880010955,707,0.0,0.0,0.41000000000000003,0.0,0.0,0.0,0.0,0.0,0.0,0.0,0.0,0.0,0.59,0.0
the app is not working,app_error,app_error,1.0,0.416306999977678,707,0.0,0.0,1.0,0.0,0.0,0.0,0.0,0.0,0.0,0.0,0.0,0.0,0.0,0.0
hi there I'm having difficulties using your ass I can't get it to log on or work properly thanks,app_error,app_error,1.0,0.46170339989475906,723,0.0,0.0,1.0,0.0,0.0,0.0,0.0,0.0,0.0,0.0,0.0,0.0,0.0,0.0
hi I'm just calling because the after that usually used my bank is not working properly as soon as I open the app it just my account balance at whenever I am able to get on the app it's only my account balance wrong. I am,app_error,app_error,0.96,0.47734079998917806,751,0.0,0.0,0.96,0.0,0.04,0.0,0.0,0.0,0.0,0.0,0.0,0.0,0.0,0.0
hi yes I like to change my address,address,address,1.0,0.432691000169143,710,0.0,1.0,0.0,0.0,0.0,0.0,0.0,0.0,0.0,0.0,0.0,0.0,0.0,0.0
hi Dan Conchas I need to register my new address with you guys so I wanted to change my address on bank account,address,address,1.0,0.468735700007528,726,0.0,1.0,0.0,0.0,0.0,0.0,0.0,0.0,0.0,0.0,0.0,0.0,0.0,0.0
hi I just moved and I need to change my address on file,address,address,1.0,0.49047560011968006,715,0.0,1.0,0.0,0.0,0.0,0.0,0.0,0.0,0.0,0.0,0.0,0.0,0.0,0.0
I would like to change my address,address,address,1.0,0.44023660011589505,709,0.0,1.0,0.0,0.0,0.0,0.0,0.0,0.0,0.0,0.0,0.0,0.0,0.0,0.0
change my address,address,address,1.0,0.516248799860477,705,0.0,1.0,0.0,0.0,0.0,0.0,0.0,0.0,0.0,0.0,0.0,0.0,0.0,0.0
let's change my address in your system,address,address,1.0,0.47329040011391005,710,0.0,1.0,0.0,0.0,0.0,0.0,0.0,0.0,0.0,0.0,0.0,0.0,0.0,0.0
good morning yes I'm moving and quick and I need to change my address of record,address,address,1.0,0.43018390005454404,719,0.0,1.0,0.0,0.0,0.0,0.0,0.0,0.0,0.0,0.0,0.0,0.0,0.0,0.0
so I moved to a different house and I was wondering I wanted to,address,address,1.0,0.466787799960002,716,0.0,1.0,0.0,0.0,0.0,0.0,0.0,0.0,0.0,0.0,0.0,0.0,0.0,0.0
how do I change my address,address,address,1.0,0.497804899932816,708,0.0,1.0,0.0,0.0,0.0,0.0,0.0,0.0,0.0,0.0,0.0,0.0,0.0,0.0
I need to change my address,address,address,1.0,0.439194399863481,708,0.0,1.0,0.0,0.0,0.0,0.0,0.0,0.0,0.0,0.0,0.0,0.0,0.0,0.0
I would like to change my address,address,address,1.0,0.42868169979192305,709,0.0,1.0,0.0,0.0,0.0,0.0,0.0,0.0,0.0,0.0,0.0,0.0,0.0,0.0
I want to change my address,address,address,1.0,0.44357460015453404,708,0.0,1.0,0.0,0.0,0.0,0.0,0.0,0.0,0.0,0.0,0.0,0.0,0.0,0.0
I'd like to change the address on my bank account,address,address,1.0,0.411517299944534,713,0.0,1.0,0.0,0.0,0.0,0.0,0.0,0.0,0.0,0.0,0.0,0.0,0.0,0.0
hello I like to change my address please,address,address,1.0,0.48705290001817003,710,0.0,1.0,0.0,0.0,0.0,0.0,0.0,0.0,0.0,0.0,0.0,0.0,0.0,0.0
yes hello I'd like to change my address please,address,address,1.0,0.5012276000343261,712,0.0,1.0,0.0,0.0,0.0,0.0,0.0,0.0,0.0,0.0,0.0,0.0,0.0,0.0
he to update my address,address,address,1.0,0.48657050007022906,707,0.0,1.0,0.0,0.0,0.0,0.0,0.0,0.0,0.0,0.0,0.0,0.0,0.0,0.0
hello I need to change my address since I moved,address,address,1.0,0.44854029989801303,712,0.0,1.0,0.0,0.0,0.0,0.0,0.0,0.0,0.0,0.0,0.0,0.0,0.0,0.0
hi yes I want to change my address,address,address,1.0,0.49081019987352104,710,0.0,1.0,0.0,0.0,0.0,0.0,0.0,0.0,0.0,0.0,0.0,0.0,0.0,0.0
I'd like to change my address,address,address,1.0,0.47857429995201506,709,0.0,1.0,0.0,0.0,0.0,0.0,0.0,0.0,0.0,0.0,0.0,0.0,0.0,0.0
how do I change my address,address,address,1.0,0.46694489987567006,708,0.0,1.0,0.0,0.0,0.0,0.0,0.0,0.0,0.0,0.0,0.0,0.0,0.0,0.0
I need to change my address can I do that here thank you,address,address,1.0,0.45765589992515704,715,0.0,1.0,0.0,0.0,0.0,0.0,0.0,0.0,0.0,0.0,0.0,0.0,0.0,0.0
change my dress,address,address,0.35000000000000003,0.500502899987623,705,0.01,0.399999999999999,0.13,0.02,0.01,0.0,0.2,0.01,0.09,0.05,0.01,0.01,0.01,0.05
I wanted to change my address,address,address,1.0,0.43188979988917703,708,0.0,1.0,0.0,0.0,0.0,0.0,0.0,0.0,0.0,0.0,0.0,0.0,0.0,0.0
I want to change my address to something else I have moved and I no longer at that particular address so again I'm calling about getting a new address for updating my address rather,address,address,1.0,0.481160199968144,737,0.0,1.0,0.0,0.0,0.0,0.0,0.0,0.0,0.0,0.0,0.0,0.0,0.0,0.0
my address I want to change my address,address,address,1.0,0.45149320014752403,710,0.0,1.0,0.0,0.0,0.0,0.0,0.0,0.0,0.0,0.0,0.0,0.0,0.0,0.0
I would like to change my address what is the fossil situation thank you,address,address,1.0,0.442486100131645,716,0.0,1.0,0.0,0.0,0.0,0.0,0.0,0.0,0.0,0.0,0.0,0.0,0.0,0.0
hi I need to change my address,address,address,1.0,0.45335100009106105,709,0.0,1.0,0.0,0.0,0.0,0.0,0.0,0.0,0.0,0.0,0.0,0.0,0.0,0.0
I'd like to change my address,address,address,1.0,0.45520430011674706,709,0.0,1.0,0.0,0.0,0.0,0.0,0.0,0.0,0.0,0.0,0.0,0.0,0.0,0.0
I was wanting to change my address please,address,address,1.0,0.504820300033316,710,0.0,1.0,0.0,0.0,0.0,0.0,0.0,0.0,0.0,0.0,0.0,0.0,0.0,0.0
I want to change my address,address,address,1.0,0.42856339993886605,708,0.0,1.0,0.0,0.0,0.0,0.0,0.0,0.0,0.0,0.0,0.0,0.0,0.0,0.0
do I need to change my address,address,address,1.0,0.46437190007418305,709,0.0,1.0,0.0,0.0,0.0,0.0,0.0,0.0,0.0,0.0,0.0,0.0,0.0,0.0
I just moved and I'd like to change my address,address,address,1.0,0.41923360014334304,713,0.0,1.0,0.0,0.0,0.0,0.0,0.0,0.0,0.0,0.0,0.0,0.0,0.0,0.0
I want to change my address,address,address,1.0,0.45651830011047406,708,0.0,1.0,0.0,0.0,0.0,0.0,0.0,0.0,0.0,0.0,0.0,0.0,0.0,0.0
hello I would like to change my address,address,address,1.0,0.44526770012453204,710,0.0,1.0,0.0,0.0,0.0,0.0,0.0,0.0,0.0,0.0,0.0,0.0,0.0,0.0
how much money can I withdraw per day from the ATM,atm_limit,atm_limit,1.0,0.47298020008020103,713,0.0,0.0,0.0,1.0,0.0,0.0,0.0,0.0,0.0,0.0,0.0,0.0,0.0,0.0
could you please tell me what the maximum amount of money I can withdraw from a ATM in one day would be,atm_limit,atm_limit,1.0,0.46736039989627903,724,0.0,0.0,0.0,1.0,0.0,0.0,0.0,0.0,0.0,0.0,0.0,0.0,0.0,0.0
I was wondering what my daily limit is at the ATM,atm_limit,atm_limit,1.0,0.46218619984574605,713,0.0,0.0,0.0,1.0,0.0,0.0,0.0,0.0,0.0,0.0,0.0,0.0,0.0,0.0
oh I'm trying to take some money from my account and I was wondering if you could tell me how much money I have in my account so that I can know how much it is do you also know is there a limit each day that I can take maybe I can't take all of it is it like 400 or 500 a day thank you,atm_limit,balance,0.68,0.42410769988782704,777,0.0,0.0,0.0,0.30000000000000004,0.7000000000000001,0.0,0.0,0.0,0.0,0.0,0.0,0.0,0.0,0.0
cycling to find out what my opinion is for withdrawals is on my account,atm_limit,atm_limit,0.4,0.44970080000348306,717,0.0,0.0,0.01,0.44,0.30000000000000004,0.0,0.0,0.0,0.0,0.0,0.0,0.0,0.25,0.0
hi what's the maximum amount of money I can withdraw from,atm_limit,atm_limit,1.0,0.434488700004294,714,0.0,0.0,0.0,1.0,0.0,0.0,0.0,0.0,0.0,0.0,0.0,0.0,0.0,0.0
how much money is my daily maximum amount,atm_limit,atm_limit,0.97,0.44273260002955706,710,0.0,0.0,0.0,0.97,0.0,0.0,0.0,0.0,0.0,0.0,0.03,0.0,0.0,0.0
hi I was wondering if there's any way to increase my withdrawal limit what's the maximum amount of money that I can withdraw from the ATM,atm_limit,atm_limit,1.0,0.433846700005233,730,0.0,0.0,0.0,1.0,0.0,0.0,0.0,0.0,0.0,0.0,0.0,0.0,0.0,0.0
how much money would I be able to withdraw the ATM,atm_limit,atm_limit,1.0,0.40514379995875005,713,0.0,0.0,0.0,1.0,0.0,0.0,0.0,0.0,0.0,0.0,0.0,0.0,0.0,0.0
good night I was wondering if you could tell me what my maximum ATM withdrawal limit would be on this account,atm_limit,atm_limit,1.0,0.450974200153723,723,0.0,0.0,0.0,1.0,0.0,0.0,0.0,0.0,0.0,0.0,0.0,0.0,0.0,0.0
hello I would like to withdraw money from the ATM and I was wondering how much money can I withdraw,atm_limit,atm_limit,1.0,0.42635149997659005,722,0.0,0.0,0.0,1.0,0.0,0.0,0.0,0.0,0.0,0.0,0.0,0.0,0.0,0.0
what is my ATM withdrawal limit,atm_limit,atm_limit,1.0,0.471919599920511,708,0.0,0.0,0.0,1.0,0.0,0.0,0.0,0.0,0.0,0.0,0.0,0.0,0.0,0.0
I need to go to the ATM and are usually withdrawal about $200 I wanted can I up that and make it $300 when I'm at the ATM and make my maximum amount I can take out 300 just let me know thank you,atm_limit,atm_limit,1.0,0.47307169996201903,756,0.0,0.0,0.0,1.0,0.0,0.0,0.0,0.0,0.0,0.0,0.0,0.0,0.0,0.0
is there a limit of how much I can watch,atm_limit,atm_limit,0.62,0.501512099988758,712,0.0,0.0,0.07,0.65,0.09,0.0,0.0,0.0,0.0,0.0,0.02,0.0,0.17,0.0
how much money can I take out at the ATM,atm_limit,atm_limit,1.0,0.5614954000338911,712,0.0,0.0,0.0,1.0,0.0,0.0,0.0,0.0,0.0,0.0,0.0,0.0,0.0,0.0
can you tell me what my my maximum amount of money I can withdraw from ATM is I want to get the holiday shopping done,atm_limit,atm_limit,1.0,0.503184899920597,727,0.0,0.0,0.0,1.0,0.0,0.0,0.0,0.0,0.0,0.0,0.0,0.0,0.0,0.0
what is the most money I can withdraw at one time from an ATM,atm_limit,atm_limit,1.0,0.460698500042781,716,0.0,0.0,0.0,1.0,0.0,0.0,0.0,0.0,0.0,0.0,0.0,0.0,0.0,0.0
what is the maximum amount that I can withdraw from the ATM,atm_limit,atm_limit,1.0,0.454910299973562,714,0.0,0.0,0.0,1.0,0.0,0.0,0.0,0.0,0.0,0.0,0.0,0.0,0.0,0.0
what's the maximum amount I can withdraw from an ATM,atm_limit,atm_limit,1.0,0.488038999959826,713,0.0,0.0,0.0,1.0,0.0,0.0,0.0,0.0,0.0,0.0,0.0,0.0,0.0,0.0
what is the most amount of rainfall from the ATM,atm_limit,atm_limit,1.0,0.46310659986920605,712,0.0,0.0,0.0,1.0,0.0,0.0,0.0,0.0,0.0,0.0,0.0,0.0,0.0,0.0
how much money can I withdraw at the ATM,atm_limit,atm_limit,1.0,0.472266500117257,711,0.0,0.0,0.0,1.0,0.0,0.0,0.0,0.0,0.0,0.0,0.0,0.0,0.0,0.0
what is my cash withdrawal limit at the ATM,atm_limit,atm_limit,1.0,0.433676100103184,711,0.0,0.0,0.0,1.0,0.0,0.0,0.0,0.0,0.0,0.0,0.0,0.0,0.0,0.0
hello I am just wondering what the maximum amount I can withdraw from the ATM is,atm_limit,atm_limit,1.0,0.473330200184136,718,0.0,0.0,0.0,1.0,0.0,0.0,0.0,0.0,0.0,0.0,0.0,0.0,0.0,0.0
I'm thinking about withdrawing money from I want a lot of money today,atm_limit,high_value_payment,0.52,0.49871179996989606,716,0.0,0.0,0.0,0.45,0.0,0.0,0.0,0.0,0.0,0.0,0.55,0.0,0.0,0.0
hi I was wondering what the maximum ATM withdrawal limit,atm_limit,atm_limit,1.0,0.45241549983620605,712,0.0,0.0,0.0,1.0,0.0,0.0,0.0,0.0,0.0,0.0,0.0,0.0,0.0,0.0
what is the maximum amount of cash that I can withdraw,atm_limit,atm_limit,1.0,0.47571939998306306,713,0.0,0.0,0.0,1.0,0.0,0.0,0.0,0.0,0.0,0.0,0.0,0.0,0.0,0.0
what is my daily ATM withdrawal limit,atm_limit,atm_limit,1.0,0.48269380000419904,709,0.0,0.0,0.0,1.0,0.0,0.0,0.0,0.0,0.0,0.0,0.0,0.0,0.0,0.0
how much money can you withdrawal,atm_limit,atm_limit,1.0,0.472183800069615,708,0.0,0.0,0.0,1.0,0.0,0.0,0.0,0.0,0.0,0.0,0.0,0.0,0.0,0.0
I couldn't withdraw money from an ATM for murdering what the max amount I can take out from ATM,atm_limit,atm_limit,1.0,0.4732064998243,722,0.0,0.0,0.0,1.0,0.0,0.0,0.0,0.0,0.0,0.0,0.0,0.0,0.0,0.0
how much money can I take out,atm_limit,atm_limit,0.99,0.7101589001249521,709,0.0,0.0,0.0,0.99,0.01,0.0,0.0,0.0,0.0,0.0,0.0,0.0,0.0,0.0
what is my limit at the ATM,atm_limit,atm_limit,1.0,0.46648050006479,709,0.0,0.0,0.0,1.0,0.0,0.0,0.0,0.0,0.0,0.0,0.0,0.0,0.0,0.0
I need to withdraw money from an ATM off this morning with the maximum amount of money I can withdraw at one time is,atm_limit,atm_limit,1.0,0.500256000086665,726,0.0,0.0,0.0,1.0,0.0,0.0,0.0,0.0,0.0,0.0,0.0,0.0,0.0,0.0
how much cash can I pull out at your ATM,atm_limit,atm_limit,1.0,0.47468780004419303,712,0.0,0.0,0.0,1.0,0.0,0.0,0.0,0.0,0.0,0.0,0.0,0.0,0.0,0.0
what is the maximum amount of money I can take out from the ATM,atm_limit,atm_limit,1.0,0.536467799916863,716,0.0,0.0,0.0,1.0,0.0,0.0,0.0,0.0,0.0,0.0,0.0,0.0,0.0,0.0
hello I just have a quick question. I was wondering what your maximum withdrawal rate is per day for your ATM services,atm_limit,atm_limit,1.0,0.571073200087994,725,0.0,0.0,0.0,1.0,0.0,0.0,0.0,0.0,0.0,0.0,0.0,0.0,0.0,0.0
I would like to withdraw money from an ATM and I'm wondering what the maximum amount of money I can withdraw at one time is,atm_limit,atm_limit,1.0,0.41028749989345603,728,0.0,0.0,0.0,1.0,0.0,0.0,0.0,0.0,0.0,0.0,0.0,0.0,0.0,0.0
I'm at the ATM now and truth about my limit I want to make sure I know my ATM withdrawal limit so that I don't encourage fees,atm_limit,atm_limit,1.0,0.430455999914556,731,0.0,0.0,0.0,1.0,0.0,0.0,0.0,0.0,0.0,0.0,0.0,0.0,0.0,0.0
hello currently in my face cam and I wanted to know what's the max amount of money I can withdraw,atm_limit,atm_limit,0.99,0.47495659999549306,723,0.0,0.0,0.0,0.99,0.0,0.0,0.0,0.0,0.0,0.0,0.01,0.0,0.0,0.0
what is the most amount of money I can withdraw,atm_limit,atm_limit,1.0,0.44183049979619604,712,0.0,0.0,0.0,1.0,0.0,0.0,0.0,0.0,0.0,0.0,0.0,0.0,0.0,0.0
what's the most amount of money I can withdraw at one time and during an entire day from an ATM machine,atm_limit,atm_limit,1.0,0.447202699957415,724,0.0,0.0,0.0,1.0,0.0,0.0,0.0,0.0,0.0,0.0,0.0,0.0,0.0,0.0
hi I'd like to withdraw some money using my card from ATM do I have a limit on how much money I can withdraw and if so can I get that changed,atm_limit,atm_limit,1.0,0.46520820003934205,735,0.0,0.0,0.0,1.0,0.0,0.0,0.0,0.0,0.0,0.0,0.0,0.0,0.0,0.0
yes I'm going to be traveling to the United Kingdom for a couple of weeks next month I need to know if I can use my card from from my bank account while I'm in Europe,abroad,abroad,1.0,0.463393399957567,740,1.0,0.0,0.0,0.0,0.0,0.0,0.0,0.0,0.0,0.0,0.0,0.0,0.0,0.0
I'm leaving for Amsterdam this weekend and I want to know if I can use my Wells Fargo credit card charges are there,abroad,abroad,1.0,0.40213349997065906,726,1.0,0.0,0.0,0.0,0.0,0.0,0.0,0.0,0.0,0.0,0.0,0.0,0.0,0.0
I'll be traveling abroad and I'd like to know if there's anything I need to do as far as notifying you that I'll be out of the country when I want to use my credit card,abroad,abroad,1.0,0.459801900200545,742,1.0,0.0,0.0,0.0,0.0,0.0,0.0,0.0,0.0,0.0,0.0,0.0,0.0,0.0
hi yeah I'm going to go on vacation actually for a for a few weeks and I wanted to ask whether my card Works abroad can I just get some information about that,abroad,abroad,1.0,0.47826839983463204,736,1.0,0.0,0.0,0.0,0.0,0.0,0.0,0.0,0.0,0.0,0.0,0.0,0.0,0.0
hi I'm going to be leaving the country and I'm going abroad I need to make sure that my card will work or anything that I need to do to make sure does it stop working,abroad,abroad,1.0,0.411582199856638,740,1.0,0.0,0.0,0.0,0.0,0.0,0.0,0.0,0.0,0.0,0.0,0.0,0.0,0.0
can I use my card in another country,abroad,abroad,1.0,0.41428099991753703,710,1.0,0.0,0.0,0.0,0.0,0.0,0.0,0.0,0.0,0.0,0.0,0.0,0.0,0.0
hi I'm going on vacation in a couple of weeks and I just want to know if there's anything I need to do for my card to make sure it doesn't get declined while I'm abroad,abroad,abroad,1.0,0.43170199985615904,742,1.0,0.0,0.0,0.0,0.0,0.0,0.0,0.0,0.0,0.0,0.0,0.0,0.0,0.0
I just received my new card when I'm about to go overseas on vacation and I want to know if I'm going to have any trouble using it there,abroad,abroad,1.0,0.44652879983186705,733,1.0,0.0,0.0,0.0,0.0,0.0,0.0,0.0,0.0,0.0,0.0,0.0,0.0,0.0
hello I'm about to travel abroad and I was just wondering if my card will work where I'm traveling to,abroad,abroad,1.0,0.418871000176295,724,1.0,0.0,0.0,0.0,0.0,0.0,0.0,0.0,0.0,0.0,0.0,0.0,0.0,0.0
good morning I am going to be taking a trip to Germany shortly and wanted to know whether my bank card will work with,abroad,abroad,1.0,0.46986090019345206,726,1.0,0.0,0.0,0.0,0.0,0.0,0.0,0.0,0.0,0.0,0.0,0.0,0.0,0.0
card work abroad,abroad,abroad,1.0,0.5110977001022541,705,1.0,0.0,0.0,0.0,0.0,0.0,0.0,0.0,0.0,0.0,0.0,0.0,0.0,0.0
hi I am traveling in Italy right now and I'm just trying to figure out if my,abroad,abroad,1.0,0.42295919987373004,720,1.0,0.0,0.0,0.0,0.0,0.0,0.0,0.0,0.0,0.0,0.0,0.0,0.0,0.0
can I use my card in Japan,abroad,abroad,1.0,0.439989499980583,709,1.0,0.0,0.0,0.0,0.0,0.0,0.0,0.0,0.0,0.0,0.0,0.0,0.0,0.0
hi I'm going to be going abroad and I'd like to know if I can use my card in England while I'm there and work if I have to do anything special to activate it,abroad,abroad,1.0,0.419320099987089,740,1.0,0.0,0.0,0.0,0.0,0.0,0.0,0.0,0.0,0.0,0.0,0.0,0.0,0.0
work is sending me overseas you are I was wondering make sure my card will work overseas,abroad,abroad,1.0,0.47716850019060003,719,1.0,0.0,0.0,0.0,0.0,0.0,0.0,0.0,0.0,0.0,0.0,0.0,0.0,0.0
I'm planning to go to the UK on the 16th and come back on the 24th I was wondering if my car,abroad,abroad,0.98,0.492739100009202,731,0.98,0.0,0.0,0.0,0.0,0.0,0.01,0.0,0.0,0.01,0.0,0.0,0.0,0.0
hi I'm going to be traveling abroad in Japan and I just wondered if I'm going to be able to use my bank card when I'm there if you could let me know that would be great thank you,abroad,abroad,1.0,0.48026160011067903,744,1.0,0.0,0.0,0.0,0.0,0.0,0.0,0.0,0.0,0.0,0.0,0.0,0.0,0.0
do I need to do anything for my card to work when I'm abroad,abroad,abroad,1.0,0.41364379995502504,717,1.0,0.0,0.0,0.0,0.0,0.0,0.0,0.0,0.0,0.0,0.0,0.0,0.0,0.0
hello I will be traveling in Europe next month and I wanted to know if my card was work abroad or if there's anything I need to do in order to set that up,abroad,abroad,1.0,0.43423780007287804,737,1.0,0.0,0.0,0.0,0.0,0.0,0.0,0.0,0.0,0.0,0.0,0.0,0.0,0.0
hi there I just wanted to know if I'm traveling out of the country with my car,abroad,abroad,1.0,0.47025860007852305,720,1.0,0.0,0.0,0.0,0.0,0.0,0.0,0.0,0.0,0.0,0.0,0.0,0.0,0.0
love you to use his card anywhere if I'm in Spain and Portugal,abroad,abroad,0.97,0.42157589993439604,716,0.97,0.0,0.0,0.0,0.0,0.0,0.0,0.0,0.0,0.01,0.0,0.02,0.0,0.0
hello I'm calling you to see if I can use my card abroad currently I'm in Japan and I don't know if I'm able to use my card processing in some stores,abroad,abroad,1.0,0.42493740003556,738,1.0,0.0,0.0,0.0,0.0,0.0,0.0,0.0,0.0,0.0,0.0,0.0,0.0,0.0
I'm going on vacation for a few weeks,abroad,abroad,0.97,0.45389990019612003,711,0.97,0.0,0.0,0.0,0.0,0.0,0.0,0.0,0.0,0.03,0.0,0.0,0.0,0.0
yes I'm going to Europe in like a month I was wondering if my card would work over there as well as here as soon as head of time to make sure that work,abroad,abroad,1.0,0.42313310015015304,737,1.0,0.0,0.0,0.0,0.0,0.0,0.0,0.0,0.0,0.0,0.0,0.0,0.0,0.0
yeah I need to use my card I'm going for a vacation can I pay for yeah I'm going to be out for a few weeks and I wanted to ask if I need to do anything to,abroad,abroad,1.0,0.43573799985460904,742,1.0,0.0,0.0,0.0,0.0,0.0,0.0,0.0,0.0,0.0,0.0,0.0,0.0,0.0
I am traveling out of my car,abroad,abroad,0.99,0.418536999961361,709,0.99,0.0,0.0,0.0,0.0,0.0,0.0,0.0,0.0,0.01,0.0,0.0,0.0,0.0
like this Christmas going on vacation and they're trying to get everything figured out before they go,abroad,abroad,0.97,0.46579649997875006,720,0.97,0.0,0.0,0.0,0.01,0.0,0.0,0.0,0.01,0.01,0.0,0.0,0.0,0.0
brayon I recently and I just want to know if it's almost out of work I'm going north and going to be in different countries in different countries one if it's a different word,abroad,abroad,0.91,0.440033199964091,740,0.92,0.0,0.01,0.0,0.04,0.0,0.02,0.0,0.0,0.01,0.0,0.0,0.0,0.0
hi I would like to know whether or not my credit card will work abroad on traveling abroad and want to know if I can use it,abroad,abroad,1.0,0.42928009992465305,729,1.0,0.0,0.0,0.0,0.0,0.0,0.0,0.0,0.0,0.0,0.0,0.0,0.0,0.0
sister card work abroad,abroad,abroad,0.99,0.49078939994797105,707,0.99,0.0,0.0,0.0,0.0,0.0,0.01,0.0,0.0,0.0,0.0,0.0,0.0,0.0
oh yes I'm going to Japan for a couple of weeks on vacation and I wanted to know if I can use my card,abroad,abroad,1.0,0.45233649993315306,727,1.0,0.0,0.0,0.0,0.0,0.0,0.0,0.0,0.0,0.0,0.0,0.0,0.0,0.0
hello I am called because I want to ask about using my card in Nigeria I'll be going there in about 2 weeks and I just wanted to call to see if I needed anything to my account is there anything I need to do before using gift card in Nigeria thank you,abroad,abroad,1.0,0.44043869990855405,757,1.0,0.0,0.0,0.0,0.0,0.0,0.0,0.0,0.0,0.0,0.0,0.0,0.0,0.0
I need my card abroad can I pay for things I'm stamps hi yes I'm going on vacation for a few weeks and wanted to ask if I have to do it,abroad,abroad,1.0,0.5801277998834841,736,1.0,0.0,0.0,0.0,0.0,0.0,0.0,0.0,0.0,0.0,0.0,0.0,0.0,0.0
going on vacation for a few weeks and wanted to ask,abroad,abroad,0.99,0.42191269993782005,713,0.99,0.0,0.0,0.0,0.0,0.0,0.0,0.0,0.0,0.01,0.0,0.0,0.0,0.0
I'm having trouble understanding what a direct debit is to provide through Clarity and information for me,direct_debit,direct_debit,1.0,0.5342735000886021,721,0.0,0.0,0.0,0.0,0.0,0.0,0.0,0.0,1.0,0.0,0.0,0.0,0.0,0.0
how can I use a direct debit,direct_debit,direct_debit,1.0,0.48020820016972704,709,0.0,0.0,0.0,0.0,0.0,0.0,0.0,0.0,1.0,0.0,0.0,0.0,0.0,0.0
could you tell me about direct debit please,direct_debit,direct_debit,1.0,0.48583599994890303,710,0.0,0.0,0.0,0.0,0.0,0.0,0.0,0.0,1.0,0.0,0.0,0.0,0.0,0.0
I see this thing called direct debits I don't know exactly what those are can you tell me about them,direct_debit,direct_debit,1.0,0.48842760012485004,724,0.0,0.0,0.0,0.0,0.0,0.0,0.0,0.0,1.0,0.0,0.0,0.0,0.0,0.0
hi there I wanted to inquire about Black Sabbath and see how I want to tell me my direct debit,direct_debit,direct_debit,1.0,0.48499989998526805,722,0.0,0.0,0.0,0.0,0.0,0.0,0.0,0.0,1.0,0.0,0.0,0.0,0.0,0.0
hello can you show me my direct debits please,direct_debit,direct_debit,0.96,0.49026750004850306,712,0.0,0.0,0.0,0.0,0.0,0.0,0.0,0.0,0.96,0.0,0.0,0.0,0.04,0.0
what were my last five direct debit,direct_debit,latest_transactions,0.74,0.531435800017789,709,0.0,0.0,0.0,0.0,0.0,0.0,0.0,0.0,0.24,0.0,0.0,0.0,0.76,0.0
I would like to see my direct debit,direct_debit,direct_debit,0.78,0.455568100092932,710,0.0,0.0,0.0,0.0,0.0,0.0,0.0,0.0,0.8,0.0,0.0,0.0,0.2,0.0
can you tell me how I set up direct debit,direct_debit,direct_debit,1.0,0.45018140017054903,712,0.0,0.0,0.0,0.0,0.0,0.0,0.0,0.0,1.0,0.0,0.0,0.0,0.0,0.0
return to direct deposit,direct_debit,direct_debit,1.0,0.47011230001226,706,0.0,0.0,0.0,0.0,0.0,0.0,0.0,0.0,1.0,0.0,0.0,0.0,0.0,0.0
how do I set up direct debit,direct_debit,direct_debit,1.0,0.468060499988496,709,0.0,0.0,0.0,0.0,0.0,0.0,0.0,0.0,1.0,0.0,0.0,0.0,0.0,0.0
how do I set up a direct debit,direct_debit,direct_debit,1.0,0.44558549998328,710,0.0,0.0,0.0,0.0,0.0,0.0,0.0,0.0,1.0,0.0,0.0,0.0,0.0,0.0
please show my direct debits,direct_debit,direct_debit,0.8200000000000001,0.42546349996700805,708,0.0,0.0,0.0,0.0,0.0,0.0,0.0,0.0,0.8300000000000001,0.0,0.0,0.0,0.17,0.0
can you tell me about direct debit,direct_debit,direct_debit,1.0,0.43001850019209004,709,0.0,0.0,0.0,0.0,0.0,0.0,0.0,0.0,1.0,0.0,0.0,0.0,0.0,0.0
I like to find out how to look at my direct debit,direct_debit,direct_debit,0.84,0.43157019978389105,714,0.0,0.0,0.0,0.0,0.0,0.0,0.0,0.0,0.85,0.0,0.0,0.0,0.15,0.0
hello is what day would you like debit far,direct_debit,direct_debit,0.88,0.43785719992592903,711,0.07,0.0,0.0,0.01,0.0,0.0,0.01,0.0,0.89,0.0,0.01,0.0,0.0,0.01
how would I go about doing a direct debit,direct_debit,direct_debit,1.0,0.40780319995246805,711,0.0,0.0,0.0,0.0,0.0,0.0,0.0,0.0,1.0,0.0,0.0,0.0,0.0,0.0
I'd like to cancel a direct debit,direct_debit,direct_debit,1.0,0.43630149983800903,710,0.0,0.0,0.0,0.0,0.0,0.0,0.0,0.0,1.0,0.0,0.0,0.0,0.0,0.0
I'd like to figure out how to set up direct deposit into my account,direct_debit,direct_debit,0.99,0.47988260001875405,717,0.0,0.0,0.0,0.0,0.0,0.0,0.0,0.01,0.99,0.0,0.0,0.0,0.0,0.0
please show me to my direct debit,direct_debit,direct_debit,0.96,1.063710399903357,709,0.0,0.0,0.0,0.0,0.0,0.0,0.0,0.0,0.96,0.0,0.0,0.0,0.04,0.0
I would like to inquire about direct debit,direct_debit,direct_debit,1.0,0.43543100007809704,710,0.0,0.0,0.0,0.0,0.0,0.0,0.0,0.0,1.0,0.0,0.0,0.0,0.0,0.0
I have a question about my direct debits can you give me more information,direct_debit,direct_debit,1.0,0.49834549985826004,717,0.0,0.0,0.0,0.0,0.0,0.0,0.0,0.0,1.0,0.0,0.0,0.0,0.0,0.0
hi I'm calling about direct debit can you tell me what those are exactly and how how they are used,direct_debit,direct_debit,1.0,0.43365300004370505,723,0.0,0.0,0.0,0.0,0.0,0.0,0.0,0.0,1.0,0.0,0.0,0.0,0.0,0.0
hello I'm going to see if I would want to give me direct debit to my account,direct_debit,direct_debit,1.0,0.43914379994384906,720,0.0,0.0,0.0,0.0,0.0,0.0,0.0,0.0,1.0,0.0,0.0,0.0,0.0,0.0
direct debit,direct_debit,direct_debit,1.0,0.48636939981952304,704,0.0,0.0,0.0,0.0,0.0,0.0,0.0,0.0,1.0,0.0,0.0,0.0,0.0,0.0
I would like to make a direct deposit,direct_debit,direct_debit,0.86,0.42117549991235104,710,0.0,0.0,0.0,0.0,0.0,0.0,0.0,0.08,0.87,0.0,0.04,0.0,0.0,0.01
tell me about direct debit directed by want to return archery,direct_debit,direct_debit,1.0,0.44586610002443106,714,0.0,0.0,0.0,0.0,0.0,0.0,0.0,0.0,1.0,0.0,0.0,0.0,0.0,0.0
can you provide me more information about direct debit,direct_debit,direct_debit,1.0,0.45230980007909205,711,0.0,0.0,0.0,0.0,0.0,0.0,0.0,0.0,1.0,0.0,0.0,0.0,0.0,0.0
explain to me how direct debits work,direct_debit,direct_debit,1.0,0.454669599886983,711,0.0,0.0,0.0,0.0,0.0,0.0,0.0,0.0,1.0,0.0,0.0,0.0,0.0,0.0
show me my direct debit,direct_debit,direct_debit,0.91,0.41367839998565603,707,0.0,0.0,0.0,0.0,0.0,0.0,0.0,0.0,0.92,0.0,0.0,0.0,0.08,0.0
do I have a couple questions regarding direct debits and I'd like to know what direct debits are,direct_debit,direct_debit,1.0,0.470990600064396,723,0.0,0.0,0.0,0.0,0.0,0.0,0.0,0.0,1.0,0.0,0.0,0.0,0.0,0.0
I'd like to see my direct debit,direct_debit,direct_debit,0.84,0.41363930003717503,710,0.0,0.0,0.0,0.0,0.0,0.0,0.0,0.0,0.85,0.0,0.0,0.0,0.15,0.0
I have a question about direct debit,direct_debit,direct_debit,1.0,0.42631460004486105,709,0.0,0.0,0.0,0.0,0.0,0.0,0.0,0.0,1.0,0.0,0.0,0.0,0.0,0.0
I have a question about direct debit,direct_debit,direct_debit,1.0,0.416665200144052,709,0.0,0.0,0.0,0.0,0.0,0.0,0.0,0.0,1.0,0.0,0.0,0.0,0.0,0.0
hi I'm calling today about my direct debit can you show me where I can look at my direct debit thank you,direct_debit,direct_debit,1.0,0.44087649998255,725,0.0,0.0,0.0,0.0,0.0,0.0,0.0,0.0,1.0,0.0,0.0,0.0,0.0,0.0
make a question about my direct debit that I have I don't know if it went into my account and I'd like to know thank you,direct_debit,direct_debit,0.53,0.454239299986511,730,0.0,0.0,0.0,0.0,0.0,0.0,0.0,0.0,0.56,0.0,0.0,0.0,0.44,0.0
tell me about recent transactions on my card,latest_transactions,latest_transactions,1.0,0.42588260001502903,710,0.0,0.0,0.0,0.0,0.0,0.0,0.0,0.0,0.0,0.0,0.0,0.0,1.0,0.0
hey can I see a history of my most recent transactions please,latest_transactions,latest_transactions,1.0,0.42774159996770306,714,0.0,0.0,0.0,0.0,0.0,0.0,0.0,0.0,0.0,0.0,0.0,0.0,1.0,0.0
hi yeah I was just looking at my account on the Android app for $13.25 which I don't recognize,latest_transactions,latest_transactions,1.0,0.47548180003650403,727,0.0,0.0,0.0,0.0,0.0,0.0,0.0,0.0,0.0,0.0,0.0,0.0,1.0,0.0
show me my latest transactions,latest_transactions,latest_transactions,1.0,0.47428660001605705,707,0.0,0.0,0.0,0.0,0.0,0.0,0.0,0.0,0.0,0.0,0.0,0.0,1.0,0.0
I'd like to check my recent transactions for any weird activity,latest_transactions,latest_transactions,1.0,0.38387420005165,714,0.0,0.0,0.0,0.0,0.0,0.0,0.0,0.0,0.0,0.0,0.0,0.0,1.0,0.0
let me know about all my recent transactions,latest_transactions,latest_transactions,1.0,0.426394700072705,710,0.0,0.0,0.0,0.0,0.0,0.0,0.0,0.0,0.0,0.0,0.0,0.0,1.0,0.0
I've been questioned document my last five transactions,latest_transactions,latest_transactions,0.99,0.415516800014302,711,0.0,0.0,0.0,0.0,0.0,0.0,0.0,0.0,0.0,0.0,0.01,0.0,0.99,0.0
I was hoping that you can help me with my most recent transactions,latest_transactions,latest_transactions,1.0,0.41656400007195704,715,0.0,0.0,0.0,0.0,0.0,0.0,0.0,0.0,0.0,0.0,0.0,0.0,1.0,0.0
see my latest transactions,latest_transactions,latest_transactions,1.0,0.46839269995689303,706,0.0,0.0,0.0,0.0,0.0,0.0,0.0,0.0,0.0,0.0,0.0,0.0,1.0,0.0
I like to know about my recent transactions I think there's a payment method May that I don't know about,latest_transactions,latest_transactions,1.0,0.491626400034874,724,0.0,0.0,0.0,0.0,0.0,0.0,0.0,0.0,0.0,0.0,0.0,0.0,1.0,0.0
please show me my last five transactions,latest_transactions,latest_transactions,1.0,0.42165579996071706,709,0.0,0.0,0.0,0.0,0.0,0.0,0.0,0.0,0.0,0.0,0.0,0.0,1.0,0.0
mobile payments that I don't know can you show me all of my recent transactions,latest_transactions,latest_transactions,1.0,0.455303800059482,718,0.0,0.0,0.0,0.0,0.0,0.0,0.0,0.0,0.0,0.0,0.0,0.0,1.0,0.0
cuz I want to see my latest transactions on my account can you please show me them this is yes yes yes I would do recognize that,latest_transactions,latest_transactions,1.0,0.46985240001231404,730,0.0,0.0,0.0,0.0,0.0,0.0,0.0,0.0,0.0,0.0,0.0,0.0,1.0,0.0
question but one of my recent transactions,latest_transactions,latest_transactions,1.0,0.49540669983252805,709,0.0,0.0,0.0,0.0,0.0,0.0,0.0,0.0,0.0,0.0,0.0,0.0,1.0,0.0
show my latest transactions,latest_transactions,latest_transactions,1.0,0.42581659997813404,706,0.0,0.0,0.0,0.0,0.0,0.0,0.0,0.0,0.0,0.0,0.0,0.0,1.0,0.0
hello this is Robert I have two transactions on my account which I'm not I don't recognize the last five or six transactions in the last 72 hours,latest_transactions,latest_transactions,0.89,0.48386140004731704,734,0.0,0.0,0.0,0.0,0.0,0.0,0.01,0.0,0.0,0.09,0.0,0.0,0.9,0.0
hi I was looking at my recent transactions and I saw a bunch on the apps that I didn't recognize I didn't make I would like the account to be Frozen please and if I could get,latest_transactions,freeze,1.0,0.464393300004303,741,0.0,0.0,0.0,0.0,0.0,0.0,0.0,0.0,0.0,1.0,0.0,0.0,0.0,0.0
please tell me my most recent transaction,latest_transactions,latest_transactions,1.0,0.45936920004896803,709,0.0,0.0,0.0,0.0,0.0,0.0,0.0,0.0,0.0,0.0,0.0,0.0,1.0,0.0
I would like to see my most recent transactions,latest_transactions,latest_transactions,1.0,0.47990859998390006,711,0.0,0.0,0.0,0.0,0.0,0.0,0.0,0.0,0.0,0.0,0.0,0.0,1.0,0.0
hello I would like to see my latest transactions,latest_transactions,latest_transactions,1.0,0.464640700025483,711,0.0,0.0,0.0,0.0,0.0,0.0,0.0,0.0,0.0,0.0,0.0,0.0,1.0,0.0
hello I was looking at my recent transactions and I saw that there's a payment that I didn't make will you be able to stop this thank you,latest_transactions,freeze,0.47000000000000003,0.48524359986186005,732,0.0,0.0,0.0,0.0,0.0,0.0,0.02,0.0,0.07,0.51,0.05,0.0,0.35000000000000003,0.0
hi-yah is there any way that I could access my recent transaction history,latest_transactions,latest_transactions,1.0,0.440675500081852,717,0.0,0.0,0.0,0.0,0.0,0.0,0.0,0.0,0.0,0.0,0.0,0.0,1.0,0.0
can you please tell me my latest transactions,latest_transactions,latest_transactions,1.0,0.48183880001306506,710,0.0,0.0,0.0,0.0,0.0,0.0,0.0,0.0,0.0,0.0,0.0,0.0,1.0,0.0
hi I would like to get my most recent bank transaction thank you very much,latest_transactions,latest_transactions,1.0,0.499526100000366,717,0.0,0.0,0.0,0.0,0.0,0.0,0.0,0.0,0.0,0.0,0.0,0.0,1.0,0.0
please show me my latest transactions,latest_transactions,latest_transactions,1.0,0.44913380010984805,708,0.0,0.0,0.0,0.0,0.0,0.0,0.0,0.0,0.0,0.0,0.0,0.0,1.0,0.0
did something in my account that I'm not sure. Can you show me my last turned back because I'm not familiar with that payment,latest_transactions,latest_transactions,1.0,0.46596510009840103,729,0.0,0.0,0.0,0.0,0.0,0.0,0.0,0.0,0.0,0.0,0.0,0.0,1.0,0.0
how do I see my most recent transactions,latest_transactions,latest_transactions,1.0,0.436092299874871,710,0.0,0.0,0.0,0.0,0.0,0.0,0.0,0.0,0.0,0.0,0.0,0.0,1.0,0.0
I want to review my transaction,latest_transactions,latest_transactions,1.0,0.589570200070738,708,0.0,0.0,0.0,0.0,0.0,0.0,0.0,0.0,0.0,0.0,0.0,0.0,1.0,0.0
hi I was calling to see my recent transaction history,latest_transactions,latest_transactions,1.0,0.5323746001813561,712,0.0,0.0,0.0,0.0,0.0,0.0,0.0,0.0,0.0,0.0,0.0,0.0,1.0,0.0
Ohio can you show me all of my latest transactions Place everything that I've done in the last week,latest_transactions,latest_transactions,1.0,0.505990100093185,722,0.0,0.0,0.0,0.0,0.0,0.0,0.0,0.0,0.0,0.0,0.0,0.0,1.0,0.0
what are my most recent transactions,latest_transactions,latest_transactions,1.0,0.44943140004761506,708,0.0,0.0,0.0,0.0,0.0,0.0,0.0,0.0,0.0,0.0,0.0,0.0,1.0,0.0
hi and thank to see all my recent transactions please,latest_transactions,latest_transactions,1.0,0.45623320015147306,712,0.0,0.0,0.0,0.0,0.0,0.0,0.0,0.0,0.0,0.0,0.0,0.0,1.0,0.0
I have a transaction I don't recognize could you please tell me who the payment came from,latest_transactions,latest_transactions,1.0,0.47177789988927504,720,0.0,0.0,0.0,0.0,0.0,0.0,0.0,0.0,0.0,0.0,0.0,0.0,1.0,0.0
show me my recent transactions,latest_transactions,latest_transactions,1.0,0.430167800048366,707,0.0,0.0,0.0,0.0,0.0,0.0,0.0,0.0,0.0,0.0,0.0,0.0,1.0,0.0
how do I confirm a large email with a text message,high_value_payment,high_value_payment,0.97,0.409167000092566,713,0.0,0.03,0.0,0.0,0.0,0.0,0.0,0.0,0.0,0.0,0.97,0.0,0.0,0.0
hello I just made a large payment online and it told me that I lose you receive an SMS message but I haven't received it yet you know what the problem is,high_value_payment,high_value_payment,1.0,0.440527400001883,735,0.0,0.0,0.0,0.0,0.0,0.0,0.0,0.0,0.0,0.0,1.0,0.0,0.0,0.0
I'm trying to make a large payment online and it says loc confirmation through text,high_value_payment,high_value_payment,1.0,0.5014732000418001,718,0.0,0.0,0.0,0.0,0.0,0.0,0.0,0.0,0.0,0.0,1.0,0.0,0.0,0.0
I'm trying to pay a large amount of money and I need to get your code sent to my phone,high_value_payment,high_value_payment,1.0,0.42448469996452304,723,0.0,0.0,0.0,0.0,0.0,0.0,0.0,0.0,0.0,0.0,1.0,0.0,0.0,0.0
why do I keep getting these text messages I just want to pay off my balance,high_value_payment,pay_bill,0.91,0.47839089995250106,718,0.0,0.01,0.0,0.0,0.05,0.0,0.0,0.0,0.02,0.0,0.0,0.0,0.0,0.92
I'm making a large purchase and I'm trying to use the confirmation code that I received through text message,high_value_payment,high_value_payment,1.0,0.42278320016339405,723,0.0,0.0,0.0,0.0,0.0,0.0,0.0,0.0,0.0,0.0,1.0,0.0,0.0,0.0
hi I'm trying to make a pretty large payment and I'm getting a message that I will get a text message it says it's an SMS I don't really know what that isn't what I'm supposed to do,high_value_payment,high_value_payment,1.0,0.43447649991139703,746,0.0,0.0,0.0,0.0,0.0,0.0,0.0,0.0,0.0,0.0,1.0,0.0,0.0,0.0
hi hello I'm trying to make a large payment and I just need to know what to do if you get a text message correct a confirmation celebrity for,high_value_payment,high_value_payment,1.0,0.441793299978598,732,0.0,0.0,0.0,0.0,0.0,0.0,0.0,0.0,0.0,0.0,1.0,0.0,0.0,0.0
what number are you sending my high payment SMS code to,high_value_payment,high_value_payment,0.99,0.459193600108847,713,0.0,0.01,0.0,0.0,0.0,0.0,0.0,0.0,0.0,0.0,0.99,0.0,0.0,0.0
hi I'm trying to make a large purchase online and it's saying that I'm going to receive an SMS message code and I'm not sure what to do,high_value_payment,high_value_payment,1.0,0.46147169987671005,734,0.0,0.0,0.0,0.0,0.0,0.0,0.0,0.0,0.0,0.0,1.0,0.0,0.0,0.0
I'm trying to make a purchase online but keeps telling me a SMS code I'm not sure what that is,high_value_payment,card_issues,0.4,0.42703270004130905,724,0.01,0.0,0.28,0.0,0.0,0.0,0.44,0.0,0.0,0.0,0.21,0.0,0.0,0.06
hi I'm trying to make a large payment online and I got this text message with a confirmation code I just wasn't sure what that was for,high_value_payment,high_value_payment,1.0,0.45189690007828104,731,0.0,0.0,0.0,0.0,0.0,0.0,0.0,0.0,0.0,0.0,1.0,0.0,0.0,0.0
I am attempting to make a high-value purchase could you please tell me how I use the SMS code,high_value_payment,high_value_payment,1.0,0.45866940007545004,722,0.0,0.0,0.0,0.0,0.0,0.0,0.0,0.0,0.0,0.0,1.0,0.0,0.0,0.0
how to make a large payment online and I see that it says that as send me a text message her company was wondering why this is,high_value_payment,high_value_payment,1.0,0.49824310000985805,729,0.0,0.0,0.0,0.0,0.0,0.0,0.0,0.0,0.0,0.0,1.0,0.0,0.0,0.0
I'm trying to make a large payment online and you're supposed to be sending me a confirmation code Via SMS,high_value_payment,high_value_payment,1.0,0.43475769995711705,724,0.0,0.0,0.0,0.0,0.0,0.0,0.0,0.0,0.0,0.0,1.0,0.0,0.0,0.0
yeah hi I'm trying to make a fairly large payment using my debit card confirmation code what exactly am I supposed to do with it,high_value_payment,high_value_payment,1.0,0.44360819994471906,728,0.0,0.0,0.0,0.0,0.0,0.0,0.0,0.0,0.0,0.0,1.0,0.0,0.0,0.0
hi I'm trying to make a large payment online and isn't getting us I don't know what it is and I don't know what they're supposed to do can you help me please,high_value_payment,high_value_payment,1.0,0.46675470005720804,740,0.0,0.0,0.0,0.0,0.0,0.0,0.0,0.0,0.0,0.0,1.0,0.0,0.0,0.0
how do I use the SMS code sent for a large payment,high_value_payment,high_value_payment,1.0,0.488061300013214,714,0.0,0.0,0.0,0.0,0.0,0.0,0.0,0.0,0.0,0.0,1.0,0.0,0.0,0.0
I want to make a large payment online but it says I need to get a text message I'm not sure what I need to do,high_value_payment,high_value_payment,1.0,0.48848189995624103,729,0.0,0.0,0.0,0.0,0.0,0.0,0.0,0.0,0.0,0.0,1.0,0.0,0.0,0.0
trying to make a high price payment and I'm getting these texts,high_value_payment,high_value_payment,1.0,0.44586699991486906,715,0.0,0.0,0.0,0.0,0.0,0.0,0.0,0.0,0.0,0.0,1.0,0.0,0.0,0.0
a large amount and I keep getting these text messages,high_value_payment,high_value_payment,0.87,0.43356969999149403,712,0.0,0.0,0.01,0.01,0.01,0.0,0.0,0.0,0.01,0.03,0.88,0.0,0.05,0.0
I'm making a large payment on my account what do I do with it,high_value_payment,high_value_payment,1.0,0.46053489996120306,717,0.0,0.0,0.0,0.0,0.0,0.0,0.0,0.0,0.0,0.0,1.0,0.0,0.0,0.0
I wanted to pay a large amount but I wanted to also verify that the confirmation code that I'm receiving via text message is actually coming from the bank,high_value_payment,high_value_payment,1.0,0.446969699813053,732,0.0,0.0,0.0,0.0,0.0,0.0,0.0,0.0,0.0,0.0,1.0,0.0,0.0,0.0
hi I need to pay kind of a big amount of money,high_value_payment,high_value_payment,1.0,0.46458179992623605,714,0.0,0.0,0.0,0.0,0.0,0.0,0.0,0.0,0.0,0.0,1.0,0.0,0.0,0.0
I would like to make a large payment online,high_value_payment,high_value_payment,1.0,0.430022299988195,711,0.0,0.0,0.0,0.0,0.0,0.0,0.0,0.0,0.0,0.0,1.0,0.0,0.0,0.0
I'm trying to pay a large amount for a alone you keep sending me confirmation,high_value_payment,high_value_payment,1.0,0.419958399841561,718,0.0,0.0,0.0,0.0,0.0,0.0,0.0,0.0,0.0,0.0,1.0,0.0,0.0,0.0
I'd like to make a kind of large payment,high_value_payment,high_value_payment,1.0,0.45352929993532604,712,0.0,0.0,0.0,0.0,0.0,0.0,0.0,0.0,0.0,0.0,1.0,0.0,0.0,0.0
I'm trying to make a large payment and it says it's going to send a confirmation code Via SMS I don't know how it works can you explain it to me,high_value_payment,high_value_payment,1.0,0.45625970000401106,736,0.0,0.0,0.0,0.0,0.0,0.0,0.0,0.0,0.0,0.0,1.0,0.0,0.0,0.0
hi I am trying to make a big payment online and it says I'll get a text message from you guys to confirm my identity so I guess I'm standing by whenever you send it I'll be,high_value_payment,high_value_payment,1.0,0.43068189988844,742,0.0,0.0,0.0,0.0,0.0,0.0,0.0,0.0,0.0,0.0,1.0,0.0,0.0,0.0
says I'm trying to make a large payment and I'm going to be getting a text message,high_value_payment,high_value_payment,1.0,0.45359820011071805,722,0.0,0.0,0.0,0.0,0.0,0.0,0.0,0.0,0.0,0.0,1.0,0.0,0.0,0.0
I'm getting a text message about a payment I'm trying to make online please explain,high_value_payment,pay_bill,0.41000000000000003,0.46712310006842006,719,0.0,0.0,0.09,0.0,0.0,0.0,0.08,0.0,0.0,0.0,0.14,0.0,0.24000000000000002,0.45
hi I'm making a rather large payment and it says I'm going to get a text message I don't know what the payment codes that I get are supposed to do and you help tell me what exactly is going on here thank you,high_value_payment,high_value_payment,1.0,0.42084569996222804,749,0.0,0.0,0.0,0.0,0.0,0.0,0.0,0.0,0.0,0.0,1.0,0.0,0.0,0.0
I like to know how to send a large payment can go through after I use,high_value_payment,high_value_payment,1.0,0.41430860012769705,718,0.0,0.0,0.0,0.0,0.0,0.0,0.0,0.0,0.0,0.0,1.0,0.0,0.0,0.0
I'm trying to make a large payment to my account I'm receiving a text message.,high_value_payment,high_value_payment,1.0,0.5140184999909251,720,0.0,0.0,0.0,0.0,0.0,0.0,0.0,0.0,0.0,0.0,1.0,0.0,0.0,0.0
I'm trying to make a large payment via my bank account and the bank says they're going to send me a confirmation code via SMS I'm going to assume that it's for,high_value_payment,high_value_payment,1.0,0.5679772000294171,738,0.0,0.0,0.0,0.0,0.0,0.0,0.0,0.0,0.0,0.0,1.0,0.0,0.0,0.0
hi there I'm trying to make a large payment with the car and getting text messages from where I'm supposed to enter the code can you please help me out,high_value_payment,high_value_payment,1.0,0.48703810013830606,734,0.0,0.0,0.0,0.0,0.0,0.0,0.0,0.0,0.0,0.0,1.0,0.0,0.0,0.0
hi I'd like to make a rather large payments and it seems I'm required to verify through text message,high_value_payment,high_value_payment,1.0,0.46977320010773804,723,0.0,0.0,0.0,0.0,0.0,0.0,0.0,0.0,0.0,0.0,1.0,0.0,0.0,0.0
I would like to make a large bank transfer,high_value_payment,high_value_payment,1.0,0.43754250020720004,711,0.0,0.0,0.0,0.0,0.0,0.0,0.0,0.0,0.0,0.0,1.0,0.0,0.0,0.0
I want to make a large payment and I need a confirmation code,high_value_payment,high_value_payment,1.0,0.44620119989849605,715,0.0,0.0,0.0,0.0,0.0,0.0,0.0,0.0,0.0,0.0,1.0,0.0,0.0,0.0
I'm trying to make the payment right now a very high,high_value_payment,high_value_payment,1.0,0.47909680008888206,714,0.0,0.0,0.0,0.0,0.0,0.0,0.0,0.0,0.0,0.0,1.0,0.0,0.0,0.0
transfer money to the account,cash_deposit,high_value_payment,0.99,0.44228630000725305,707,0.0,0.0,0.0,0.0,0.0,0.0,0.0,0.0,0.0,0.0,0.99,0.0,0.0,0.01
hello I like to know how I be able to deposit the money that I currently have,cash_deposit,cash_deposit,1.0,0.47158830007538205,719,0.0,0.0,0.0,0.0,0.0,0.0,0.0,1.0,0.0,0.0,0.0,0.0,0.0,0.0
yeah I there I was just calling to figure out how I can I see deposit money into the account,cash_deposit,latest_transactions,0.59,0.472139999968931,722,0.0,0.0,0.0,0.0,0.09,0.0,0.0,0.29,0.0,0.0,0.0,0.0,0.62,0.0
how do I deposit money into my account,cash_deposit,cash_deposit,1.0,0.45155470003373904,710,0.0,0.0,0.0,0.0,0.0,0.0,0.0,1.0,0.0,0.0,0.0,0.0,0.0,0.0
deposit money into account,cash_deposit,cash_deposit,1.0,0.47488370002247304,706,0.0,0.0,0.0,0.0,0.0,0.0,0.0,1.0,0.0,0.0,0.0,0.0,0.0,0.0
hey I want to deposit some money into my account I was just wondering how I can transfer that into there,cash_deposit,cash_deposit,0.9400000000000001,0.457779699936509,723,0.0,0.0,0.0,0.0,0.0,0.0,0.0,0.9400000000000001,0.0,0.0,0.06,0.0,0.0,0.0
deposit money into my account how can I do that,cash_deposit,cash_deposit,1.0,0.39924930012784904,712,0.0,0.0,0.0,0.0,0.0,0.0,0.0,1.0,0.0,0.0,0.0,0.0,0.0,0.0
I'd like to make a deposit,cash_deposit,cash_deposit,1.0,0.43079619994387003,709,0.0,0.0,0.0,0.0,0.0,0.0,0.0,1.0,0.0,0.0,0.0,0.0,0.0,0.0
can I deposit money,cash_deposit,cash_deposit,1.0,0.540145799983292,706,0.0,0.0,0.0,0.0,0.0,0.0,0.0,1.0,0.0,0.0,0.0,0.0,0.0,0.0
how can I make a deposit,cash_deposit,cash_deposit,1.0,0.4796839999035,708,0.0,0.0,0.0,0.0,0.0,0.0,0.0,1.0,0.0,0.0,0.0,0.0,0.0,0.0
hi I want to deposit money into my savings account,cash_deposit,cash_deposit,1.0,0.41472449991852,712,0.0,0.0,0.0,0.0,0.0,0.0,0.0,1.0,0.0,0.0,0.0,0.0,0.0,0.0
hello Jess I have a few questions I'm depositing money into the account I was wondering if I could deposit some money and I'm I'm not quite sure where where can I deposit money and how do I transfer money into the account,cash_deposit,cash_deposit,1.0,0.43416729988530206,750,0.0,0.0,0.0,0.0,0.0,0.0,0.0,1.0,0.0,0.0,0.0,0.0,0.0,0.0
how do I transfer money to a different account,cash_deposit,high_value_payment,0.99,0.47608630009926806,711,0.0,0.0,0.0,0.0,0.0,0.0,0.0,0.0,0.0,0.0,0.99,0.0,0.0,0.01
is it possible to deposit the money,cash_deposit,cash_deposit,1.0,0.40549210016615606,709,0.0,0.0,0.0,0.0,0.0,0.0,0.0,1.0,0.0,0.0,0.0,0.0,0.0,0.0
I'd like to deposit money into my account,cash_deposit,cash_deposit,1.0,0.470983800012618,711,0.0,0.0,0.0,0.0,0.0,0.0,0.0,1.0,0.0,0.0,0.0,0.0,0.0,0.0
can I make a deposit,cash_deposit,cash_deposit,1.0,0.44551349990069805,707,0.0,0.0,0.0,0.0,0.0,0.0,0.0,1.0,0.0,0.0,0.0,0.0,0.0,0.0
I'd like to deposit money into my account,cash_deposit,cash_deposit,1.0,0.45394299994222803,711,0.0,0.0,0.0,0.0,0.0,0.0,0.0,1.0,0.0,0.0,0.0,0.0,0.0,0.0
how do I deposit money into my account,cash_deposit,cash_deposit,1.0,0.437027500011026,710,0.0,0.0,0.0,0.0,0.0,0.0,0.0,1.0,0.0,0.0,0.0,0.0,0.0,0.0
what are my options to deposit money into my account,cash_deposit,cash_deposit,1.0,0.47068940009921706,712,0.0,0.0,0.0,0.0,0.0,0.0,0.0,1.0,0.0,0.0,0.0,0.0,0.0,0.0
how do I go about depositing money in my account,cash_deposit,cash_deposit,1.0,0.45516909984871706,714,0.0,0.0,0.0,0.0,0.0,0.0,0.0,1.0,0.0,0.0,0.0,0.0,0.0,0.0
I have a $100 check and I was wondering how I can deposit that into my account,cash_deposit,cash_deposit,0.89,0.428663700120523,722,0.0,0.0,0.0,0.0,0.0,0.0,0.0,0.9,0.0,0.0,0.1,0.0,0.0,0.0
hi wanted to deposit a check that I received from work today or can I deposit it,cash_deposit,cash_deposit,0.99,0.46068160003051106,719,0.0,0.0,0.0,0.0,0.0,0.0,0.0,0.99,0.0,0.0,0.01,0.0,0.0,0.0
I'd like to put some money into my checking account please,cash_deposit,cash_deposit,1.0,0.453701300080865,714,0.0,0.0,0.0,0.0,0.0,0.0,0.0,1.0,0.0,0.0,0.0,0.0,0.0,0.0
can you help me figuring out how to deposit money into my account,cash_deposit,cash_deposit,1.0,0.46784109994769,715,0.0,0.0,0.0,0.0,0.0,0.0,0.0,1.0,0.0,0.0,0.0,0.0,0.0,0.0
how I can deposit some money into my account,cash_deposit,cash_deposit,1.0,0.445355399977415,711,0.0,0.0,0.0,0.0,0.0,0.0,0.0,1.0,0.0,0.0,0.0,0.0,0.0,0.0
oh yes good afternoon I need some help I'm trash deposit some money into my account and how can I do that where can I make a deposit or how can I change the money to my account,cash_deposit,cash_deposit,1.0,0.45158019987866205,741,0.0,0.0,0.0,0.0,0.0,0.0,0.0,1.0,0.0,0.0,0.0,0.0,0.0,0.0
hello I'm going to say I was wondering how can I deposit money in your bank,cash_deposit,cash_deposit,1.0,0.434676500037312,719,0.0,0.0,0.0,0.0,0.0,0.0,0.0,1.0,0.0,0.0,0.0,0.0,0.0,0.0
how to deposit money,cash_deposit,cash_deposit,1.0,0.5017033999320121,706,0.0,0.0,0.0,0.0,0.0,0.0,0.0,1.0,0.0,0.0,0.0,0.0,0.0,0.0
I would like to deposit money what's the best way to accomplish that,cash_deposit,cash_deposit,1.0,0.42558609996922303,716,0.0,0.0,0.0,0.0,0.0,0.0,0.0,1.0,0.0,0.0,0.0,0.0,0.0,0.0
how can I deposit money into my account,cash_deposit,cash_deposit,1.0,0.44740800000727105,710,0.0,0.0,0.0,0.0,0.0,0.0,0.0,1.0,0.0,0.0,0.0,0.0,0.0,0.0
help me make a deposit into my account please,cash_deposit,cash_deposit,1.0,0.45569529989734203,711,0.0,0.0,0.0,0.0,0.0,0.0,0.0,1.0,0.0,0.0,0.0,0.0,0.0,0.0
I want to deposit some money but I want to use cash how would I go about doing it,cash_deposit,cash_deposit,1.0,0.44820280000567403,721,0.0,0.0,0.0,0.0,0.0,0.0,0.0,1.0,0.0,0.0,0.0,0.0,0.0,0.0
I'm going to speak volumes about how I actually go about putting money into my account is transferred to somehow Wells Fargo money order,cash_deposit,cash_deposit,0.9400000000000001,0.49600250017829206,727,0.0,0.0,0.0,0.0,0.0,0.0,0.0,0.9400000000000001,0.0,0.0,0.06,0.0,0.0,0.0
can you tell me how I can deposit money into my bank account,cash_deposit,cash_deposit,1.0,0.48357590008527,715,0.0,0.0,0.0,0.0,0.0,0.0,0.0,1.0,0.0,0.0,0.0,0.0,0.0,0.0
would you like to deposit money into my account,cash_deposit,cash_deposit,0.99,0.525016499916091,711,0.0,0.0,0.0,0.0,0.0,0.0,0.0,0.99,0.0,0.0,0.01,0.0,0.0,0.0
I was hoping you could help me I'm wondering what options do I have for depositing money into my account,cash_deposit,cash_deposit,1.0,0.41916420008055805,725,0.0,0.0,0.0,0.0,0.0,0.0,0.0,1.0,0.0,0.0,0.0,0.0,0.0,0.0
how do I deposit money into my account,cash_deposit,cash_deposit,1.0,0.417234500171616,710,0.0,0.0,0.0,0.0,0.0,0.0,0.0,1.0,0.0,0.0,0.0,0.0,0.0,0.0
I need to deposit money where can I deposit money at,cash_deposit,cash_deposit,1.0,0.432062000036239,713,0.0,0.0,0.0,0.0,0.0,0.0,0.0,1.0,0.0,0.0,0.0,0.0,0.0,0.0
hi hello I just need to deposit money into my account please,cash_deposit,cash_deposit,1.0,0.5250699000898741,714,0.0,0.0,0.0,0.0,0.0,0.0,0.0,1.0,0.0,0.0,0.0,0.0,0.0,0.0
deposit money into my account today how do I transfer my account,cash_deposit,cash_deposit,0.96,0.42380539979785603,714,0.0,0.0,0.0,0.0,0.0,0.0,0.0,0.96,0.0,0.0,0.04,0.0,0.0,0.0
where can I want to where can I go if I want to deposit cash into my account,cash_deposit,cash_deposit,1.0,0.508452199865132,720,0.0,0.0,0.0,0.0,0.0,0.0,0.0,1.0,0.0,0.0,0.0,0.0,0.0,0.0
how do I deposit money into my account,cash_deposit,cash_deposit,1.0,0.42338169994764,710,0.0,0.0,0.0,0.0,0.0,0.0,0.0,1.0,0.0,0.0,0.0,0.0,0.0,0.0
good morning I'm on vacation to find a branch location as wondering if you could tell me where I can deposit money into my,cash_deposit,cash_deposit,0.89,0.48972379998303905,727,0.1,0.0,0.0,0.0,0.0,0.0,0.0,0.9,0.0,0.0,0.0,0.0,0.0,0.0
where can I deposit money,cash_deposit,cash_deposit,1.0,0.42176560009829706,707,0.0,0.0,0.0,0.0,0.0,0.0,0.0,1.0,0.0,0.0,0.0,0.0,0.0,0.0
I'm using the bank can you help me transfer money into my account thank you,cash_deposit,high_value_payment,0.9,0.431012799963355,718,0.0,0.0,0.0,0.0,0.0,0.0,0.0,0.09,0.0,0.0,0.91,0.0,0.0,0.0
how do I transfer money to the account or where do I deposit money,cash_deposit,cash_deposit,0.9400000000000001,0.45267829997465003,716,0.0,0.0,0.0,0.0,0.0,0.0,0.0,0.9400000000000001,0.0,0.0,0.06,0.0,0.0,0.0
hello I need to deposit money into my account,cash_deposit,cash_deposit,1.0,0.47247719997540105,711,0.0,0.0,0.0,0.0,0.0,0.0,0.0,1.0,0.0,0.0,0.0,0.0,0.0,0.0
how can I deposit cash to my account,cash_deposit,cash_deposit,1.0,0.466141500044614,710,0.0,0.0,0.0,0.0,0.0,0.0,0.0,1.0,0.0,0.0,0.0,0.0,0.0,0.0
I'm trying to say something is my car doesn't seem to work whenever I called do it it doesn't actually work,card_issues,app_error,0.49,0.480484799947589,726,0.0,0.0,0.53,0.02,0.0,0.0,0.45,0.0,0.0,0.0,0.0,0.0,0.0,0.0
good morning I'm trying to use my ATM debit card and it is coming up I was wondering if you tell me why I have enough money in the account to cover the charges,card_issues,card_issues,0.91,0.426205800147727,737,0.0,0.0,0.0,0.03,0.05,0.0,0.92,0.0,0.0,0.0,0.0,0.0,0.0,0.0
my card is continuously being declined and not working,card_issues,card_issues,1.0,0.44024379993788904,711,0.0,0.0,0.0,0.0,0.0,0.0,1.0,0.0,0.0,0.0,0.0,0.0,0.0,0.0
hello I was just calling regards problems I have with my card not letting me pay for my groceries know what the problem is,card_issues,card_issues,1.0,0.44823680003173605,726,0.0,0.0,0.0,0.0,0.0,0.0,1.0,0.0,0.0,0.0,0.0,0.0,0.0,0.0
my card isn't working,card_issues,card_issues,1.0,0.455612299963831,707,0.0,0.0,0.0,0.0,0.0,0.0,1.0,0.0,0.0,0.0,0.0,0.0,0.0,0.0
my card isn't working can you help me,card_issues,card_issues,1.0,0.46264829998835905,711,0.0,0.0,0.0,0.0,0.0,0.0,1.0,0.0,0.0,0.0,0.0,0.0,0.0,0.0
my bank card hasn't worked at all,card_issues,card_issues,1.0,0.49026060011237804,710,0.0,0.0,0.0,0.0,0.0,0.0,1.0,0.0,0.0,0.0,0.0,0.0,0.0,0.0
my card is not working it will not pay,card_issues,card_issues,1.0,0.420899000018835,711,0.0,0.0,0.0,0.0,0.0,0.0,1.0,0.0,0.0,0.0,0.0,0.0,0.0,0.0
why was my payment declined,card_issues,card_issues,0.9400000000000001,0.47062829998321803,707,0.0,0.0,0.0,0.0,0.0,0.0,0.9400000000000001,0.0,0.0,0.0,0.02,0.0,0.03,0.01
why isn't my card working,card_issues,card_issues,1.0,0.42853059992194104,708,0.0,0.0,0.0,0.0,0.0,0.0,1.0,0.0,0.0,0.0,0.0,0.0,0.0,0.0
can you help me with my debit card is declining purchases but I know I have a balance in my account,card_issues,card_issues,1.0,0.44490739982575106,723,0.0,0.0,0.0,0.0,0.0,0.0,1.0,0.0,0.0,0.0,0.0,0.0,0.0,0.0
I need help figuring out what's wrong with my card,card_issues,card_issues,1.0,0.42427670001052303,713,0.0,0.0,0.0,0.0,0.0,0.0,1.0,0.0,0.0,0.0,0.0,0.0,0.0,0.0
I'm trying to find out why my car keeps being declined,card_issues,card_issues,0.97,0.440232400083914,714,0.0,0.0,0.0,0.0,0.0,0.0,0.97,0.0,0.0,0.0,0.03,0.0,0.0,0.0
I tried to make a payment with my card and the card won't go through,card_issues,card_issues,1.0,0.42848540004342706,718,0.0,0.0,0.0,0.0,0.0,0.0,1.0,0.0,0.0,0.0,0.0,0.0,0.0,0.0
I'm having an issue with my card,card_issues,card_issues,1.0,0.527636600192636,710,0.0,0.0,0.0,0.0,0.0,0.0,1.0,0.0,0.0,0.0,0.0,0.0,0.0,0.0
hi I can't use my car because it doesn't work I don't know why my payment was declined and you help,card_issues,card_issues,0.88,0.41904759989120005,726,0.0,0.0,0.0,0.0,0.0,0.0,0.89,0.0,0.02,0.0,0.01,0.0,0.06999999999999901,0.01
I'm hoping you can help me I have a card with your bank and I decide to use it and it's being with you help me with this is appendix wind is there a problem with the balance,card_issues,balance,0.84,0.45178400003351205,742,0.01,0.0,0.0,0.0,0.85,0.0,0.14,0.0,0.0,0.0,0.0,0.0,0.0,0.0
why was my card declined,card_issues,card_issues,1.0,0.47708060010336306,707,0.0,0.0,0.0,0.0,0.0,0.0,1.0,0.0,0.0,0.0,0.0,0.0,0.0,0.0
why does my card keep getting declined,card_issues,card_issues,1.0,0.414498799946159,709,0.0,0.0,0.0,0.0,0.0,0.0,1.0,0.0,0.0,0.0,0.0,0.0,0.0,0.0
hello I'm trying to get in touch with someone about my bank card not working,card_issues,card_issues,1.0,0.44056849996559305,718,0.0,0.0,0.0,0.0,0.0,0.0,1.0,0.0,0.0,0.0,0.0,0.0,0.0,0.0
hi I was wondering why my cards not working because my payment is declined,card_issues,card_issues,1.0,0.438387099886313,716,0.0,0.0,0.0,0.0,0.0,0.0,1.0,0.0,0.0,0.0,0.0,0.0,0.0,0.0
card not working,card_issues,card_issues,1.0,0.442893899977207,705,0.0,0.0,0.0,0.0,0.0,0.0,1.0,0.0,0.0,0.0,0.0,0.0,0.0,0.0
can you please help me with my card it does not work it repeated it was declined,card_issues,card_issues,1.0,0.42252229992300205,719,0.0,0.0,0.0,0.0,0.0,0.0,1.0,0.0,0.0,0.0,0.0,0.0,0.0,0.0
I require some assistance on a little bit because my card if it's not working it's completely I'm not sure why oh why my car is a function,card_issues,card_issues,1.0,0.458486600080505,733,0.0,0.0,0.0,0.0,0.0,0.0,1.0,0.0,0.0,0.0,0.0,0.0,0.0,0.0
I was hoping you could help me I have a card from a bank,card_issues,card_issues,1.0,0.459165500011295,716,0.0,0.0,0.0,0.0,0.0,0.0,1.0,0.0,0.0,0.0,0.0,0.0,0.0,0.0
is my car because it doesn't work,card_issues,app_error,0.4,0.45278379996307105,710,0.0,0.0,0.44,0.01,0.03,0.04,0.36,0.0,0.02,0.01,0.01,0.0,0.01,0.07
slow on my card doesn't work I'm able to withdraw anything my account,card_issues,freeze,0.43,0.535200500162318,717,0.0,0.0,0.01,0.14,0.0,0.0,0.38,0.0,0.0,0.47000000000000003,0.0,0.0,0.0,0.0
see I'm calling to see why my debit card was climbing I tried to pay for groceries and pick up the climbing at Red like four times and up having to use a different debit card is there a problem with my balance at the app isn't showing or is it like is do I need a new card is it what's the reason my payment declined,card_issues,card_issues,1.0,0.42086489987559605,772,0.0,0.0,0.0,0.0,0.0,0.0,1.0,0.0,0.0,0.0,0.0,0.0,0.0,0.0
hello I'm going to cuz I have a problem with my car yeah it's declining my time until I don't understand why,card_issues,card_issues,0.52,0.417822800111025,727,0.03,0.0,0.25,0.01,0.02,0.0,0.55,0.0,0.03,0.02,0.02,0.0,0.060000000000000005,0.01
hi good afternoon can you help me with my card I'm having trouble I'm here at 9 to use my card but it won't work it will not make a payment here tell me what's wrong with this please,card_issues,card_issues,1.0,0.48282280005514605,746,0.0,0.0,0.0,0.0,0.0,0.0,1.0,0.0,0.0,0.0,0.0,0.0,0.0,0.0
is it a new card and banking card and the cards not working right now so I need some help trying to figure out what's going on with the car,card_issues,card_issues,1.0,0.433408600045368,733,0.0,0.0,0.0,0.0,0.0,0.0,1.0,0.0,0.0,0.0,0.0,0.0,0.0,0.0
I was trying to use my card today and the card is not working is there a problem that I have with it could you tell me what's going on why are my payments didn't go through,card_issues,card_issues,1.0,0.455561300041154,741,0.0,0.0,0.0,0.0,0.0,0.0,1.0,0.0,0.0,0.0,0.0,0.0,0.0,0.0
my payment is being declined,card_issues,card_issues,0.9500000000000001,0.40446170000359405,707,0.0,0.0,0.0,0.0,0.0,0.0,0.9500000000000001,0.0,0.0,0.01,0.02,0.0,0.0,0.02
can you help me fix my card I'm trying to get cash back and it won't let me and I know I have money in there,card_issues,card_issues,0.9400000000000001,0.47099890001118105,730,0.0,0.0,0.0,0.06,0.0,0.0,0.9400000000000001,0.0,0.0,0.0,0.0,0.0,0.0,0.0
I seem to be having trouble with using my card,card_issues,card_issues,1.0,0.415981800062581,712,0.0,0.0,0.0,0.0,0.0,0.0,1.0,0.0,0.0,0.0,0.0,0.0,0.0,0.0
I just tried using my card and it doesn't let me pay with something wrong you please help me figure out what's wrong with my car,card_issues,card_issues,1.0,0.47557169990614,730,0.0,0.0,0.0,0.0,0.0,0.0,1.0,0.0,0.0,0.0,0.0,0.0,0.0,0.0
I'm having trouble with my car approved,card_issues,business_loan,0.66,0.47799049993045606,710,0.0,0.0,0.03,0.01,0.01,0.68,0.12,0.0,0.0,0.02,0.1,0.0,0.01,0.01
I'm trying to make a purchase on Amazon but my card keeps declining,card_issues,card_issues,1.0,0.459916499909013,716,0.0,0.0,0.0,0.0,0.0,0.0,1.0,0.0,0.0,0.0,0.0,0.0,0.0,0.0
yeah I'm having trouble with my card keeps getting declined,card_issues,card_issues,1.0,0.439286099979653,713,0.0,0.0,0.0,0.0,0.0,0.0,1.0,0.0,0.0,0.0,0.0,0.0,0.0,0.0
my card has been declined,card_issues,card_issues,1.0,0.5128019000403581,707,0.0,0.0,0.0,0.0,0.0,0.0,1.0,0.0,0.0,0.0,0.0,0.0,0.0,0.0
trying to figure out why my payment was declined,card_issues,card_issues,0.9400000000000001,0.43523230007849606,711,0.0,0.0,0.0,0.0,0.0,0.0,0.9400000000000001,0.0,0.0,0.0,0.02,0.0,0.03,0.01
hey I bought something online but I payment was declined you help me with my card,card_issues,card_issues,1.0,0.42467839992605105,718,0.0,0.0,0.0,0.0,0.0,0.0,1.0,0.0,0.0,0.0,0.0,0.0,0.0,0.0
my card isn't working why was my payment declined,card_issues,card_issues,1.0,0.42262900015339205,712,0.0,0.0,0.0,0.0,0.0,0.0,1.0,0.0,0.0,0.0,0.0,0.0,0.0,0.0
my card isn't working in the office on speakerphone,card_issues,card_issues,1.0,0.42476959992200103,715,0.0,0.0,0.0,0.0,0.0,0.0,1.0,0.0,0.0,0.0,0.0,0.0,0.0,0.0
I need help activating my scars,card_issues,card_issues,0.52,0.578424299834296,708,0.01,0.01,0.13,0.0,0.0,0.0,0.55,0.0,0.01,0.27,0.01,0.0,0.0,0.0
hi I just got my new card in the mail and for some reason I'm not able to use it at the store he helped me understand why my payments being declined while the car is not working,card_issues,card_issues,1.0,0.451174300163984,741,0.0,0.0,0.0,0.0,0.0,0.0,1.0,0.0,0.0,0.0,0.0,0.0,0.0,0.0
I'm calling to inquire about a business loan,business_loan,business_loan,1.0,0.46395629993639803,711,0.0,0.0,0.0,0.0,0.0,1.0,0.0,0.0,0.0,0.0,0.0,0.0,0.0,0.0
tell me about my business and I have to see it,business_loan,business_loan,0.36,0.427836300106719,713,0.0,0.0,0.03,0.0,0.18,0.41000000000000003,0.0,0.0,0.0,0.0,0.0,0.0,0.38,0.0
I want to apply for a business loan,business_loan,business_loan,1.0,0.47422500001266604,710,0.0,0.0,0.0,0.0,0.0,1.0,0.0,0.0,0.0,0.0,0.0,0.0,0.0,0.0
I would like to inquire about a business loan,business_loan,business_loan,1.0,0.46776130003854605,711,0.0,0.0,0.0,0.0,0.0,1.0,0.0,0.0,0.0,0.0,0.0,0.0,0.0,0.0
I have some questions about a business loan,business_loan,business_loan,1.0,0.44130179984495005,710,0.0,0.0,0.0,0.0,0.0,1.0,0.0,0.0,0.0,0.0,0.0,0.0,0.0,0.0
I'm interested in information on a new getting a new business loan,business_loan,business_loan,1.0,0.45893869991414205,715,0.0,0.0,0.0,0.0,0.0,1.0,0.0,0.0,0.0,0.0,0.0,0.0,0.0,0.0
I'd like to apply for a new business,business_loan,business_loan,0.91,0.418323700083419,711,0.0,0.0,0.0,0.0,0.0,0.92,0.0,0.0,0.0,0.0,0.0,0.08,0.0,0.0
I'd like some information on getting a new or existing loan,business_loan,business_loan,1.0,0.46093489998020204,714,0.0,0.0,0.0,0.0,0.0,1.0,0.0,0.0,0.0,0.0,0.0,0.0,0.0,0.0
calling in regards to a question that I have for a new loan,business_loan,business_loan,1.0,0.469083599979057,715,0.0,0.0,0.0,0.0,0.0,1.0,0.0,0.0,0.0,0.0,0.0,0.0,0.0,0.0
I have a question about an existing loan,business_loan,business_loan,0.99,0.423687899950891,710,0.0,0.0,0.0,0.0,0.01,0.99,0.0,0.0,0.0,0.0,0.0,0.0,0.0,0.0
hi I'm calling about a business loan,business_loan,business_loan,1.0,0.43784810020588305,710,0.0,0.0,0.0,0.0,0.0,1.0,0.0,0.0,0.0,0.0,0.0,0.0,0.0,0.0
new loan,business_loan,business_loan,1.0,0.452152999816462,704,0.0,0.0,0.0,0.0,0.0,1.0,0.0,0.0,0.0,0.0,0.0,0.0,0.0,0.0
hey I am trying to create a business and I would like to,business_loan,business_loan,0.99,0.466405400075018,715,0.0,0.0,0.0,0.0,0.0,0.99,0.0,0.0,0.0,0.0,0.0,0.01,0.0,0.0
I'd like some information about a business loan,business_loan,business_loan,1.0,0.449224699987098,711,0.0,0.0,0.0,0.0,0.0,1.0,0.0,0.0,0.0,0.0,0.0,0.0,0.0,0.0
I would like to talk about a business loan,business_loan,business_loan,1.0,0.45146020012907606,711,0.0,0.0,0.0,0.0,0.0,1.0,0.0,0.0,0.0,0.0,0.0,0.0,0.0,0.0
hello I am falling to talk about a new business loan that I want to take out and trying to start a business with my husband and I wanted to know how can you trust that process as far as applying for this business law,business_loan,business_loan,1.0,0.402066800044849,747,0.0,0.0,0.0,0.0,0.0,1.0,0.0,0.0,0.0,0.0,0.0,0.0,0.0,0.0
hi there I'm just calling to inquire about getting a new business loan and Howard,business_loan,business_loan,1.0,0.41916189994663,718,0.0,0.0,0.0,0.0,0.0,1.0,0.0,0.0,0.0,0.0,0.0,0.0,0.0,0.0
hello I would like to speak to someone about a business loan,business_loan,business_loan,1.0,0.420709200203418,714,0.0,0.0,0.0,0.0,0.0,1.0,0.0,0.0,0.0,0.0,0.0,0.0,0.0,0.0
I'm calling about a news this thing business phone,business_loan,address,0.73,0.423023900017142,712,0.0,0.75,0.02,0.0,0.0,0.19,0.02,0.0,0.0,0.0,0.0,0.0,0.02,0.0
I was calling to ask about a business loan,business_loan,business_loan,1.0,0.423306799959391,711,0.0,0.0,0.0,0.0,0.0,1.0,0.0,0.0,0.0,0.0,0.0,0.0,0.0,0.0
I would like to get a business loan for a new business,business_loan,business_loan,1.0,0.43506950000301003,714,0.0,0.0,0.0,0.0,0.0,1.0,0.0,0.0,0.0,0.0,0.0,0.0,0.0,0.0
I would like to apply for a new business loan please,business_loan,business_loan,1.0,0.43185539986006904,713,0.0,0.0,0.0,0.0,0.0,1.0,0.0,0.0,0.0,0.0,0.0,0.0,0.0,0.0
I want to obtain a business loan,business_loan,business_loan,1.0,0.43214189982973006,709,0.0,0.0,0.0,0.0,0.0,1.0,0.0,0.0,0.0,0.0,0.0,0.0,0.0,0.0
I have a question about a business loan,business_loan,business_loan,1.0,0.44685770012438303,710,0.0,0.0,0.0,0.0,0.0,1.0,0.0,0.0,0.0,0.0,0.0,0.0,0.0,0.0
can you give me information regarding a business loan,business_loan,business_loan,1.0,0.43368389992974704,711,0.0,0.0,0.0,0.0,0.0,1.0,0.0,0.0,0.0,0.0,0.0,0.0,0.0,0.0
hi I'm calling to ask about the rates on new business loans,business_loan,business_loan,1.0,0.46330010006204203,715,0.0,0.0,0.0,0.0,0.0,1.0,0.0,0.0,0.0,0.0,0.0,0.0,0.0,0.0
I'd like some information about a business loan,business_loan,business_loan,1.0,0.422462199814617,711,0.0,0.0,0.0,0.0,0.0,1.0,0.0,0.0,0.0,0.0,0.0,0.0,0.0,0.0
I need information about a business phone,business_loan,address,0.86,0.47115850006230103,709,0.0,0.87,0.0,0.0,0.0,0.13,0.0,0.0,0.0,0.0,0.0,0.0,0.0,0.0
hello I was calling to see if I was able to open up a new business loan,business_loan,business_loan,1.0,0.414639899972826,719,0.0,0.0,0.0,0.0,0.0,1.0,0.0,0.0,0.0,0.0,0.0,0.0,0.0,0.0
hello I'm calling about my business loan I would like to talk about my business phone and I have a few questions I need answered,business_loan,business_loan,0.96,0.42689789994619703,728,0.0,0.04,0.0,0.0,0.0,0.96,0.0,0.0,0.0,0.0,0.0,0.0,0.0,0.0
hello I would like to make a loan for,business_loan,business_loan,1.0,0.49017670005559905,711,0.0,0.0,0.0,0.0,0.0,1.0,0.0,0.0,0.0,0.0,0.0,0.0,0.0,0.0
business loan,business_loan,business_loan,1.0,0.488907899940386,704,0.0,0.0,0.0,0.0,0.0,1.0,0.0,0.0,0.0,0.0,0.0,0.0,0.0,0.0
hello this is a calling to ask about an existing loan,business_loan,business_loan,0.98,0.461519600125029,713,0.0,0.0,0.0,0.0,0.02,0.98,0.0,0.0,0.0,0.0,0.0,0.0,0.0,0.0
sampling about a pre-existing a business loan that I have with you guys let's have some questions about it,business_loan,business_loan,1.0,0.425316500011831,723,0.0,0.0,0.0,0.0,0.0,1.0,0.0,0.0,0.0,0.0,0.0,0.0,0.0,0.0
hi I'm an account holder have been for 18 years and I'd like to speak to somebody about taking out a business loan,business_loan,business_loan,1.0,0.47256410005502403,729,0.0,0.0,0.0,0.0,0.0,1.0,0.0,0.0,0.0,0.0,0.0,0.0,0.0,0.0
I'm about to make my first payment on my loan but I have a couple questions about it,business_loan,pay_bill,0.74,0.44996000011451504,721,0.0,0.0,0.0,0.0,0.0,0.16,0.0,0.0,0.06,0.0,0.02,0.0,0.0,0.76
hi there I'm working about a business loan I would like to take a new one out,business_loan,business_loan,1.0,0.431193400174379,720,0.0,0.0,0.0,0.0,0.0,1.0,0.0,0.0,0.0,0.0,0.0,0.0,0.0,0.0
hello I would like to take alone,business_loan,joint_account,0.97,0.48659790004603504,709,0.0,0.0,0.0,0.01,0.01,0.0,0.0,0.0,0.0,0.01,0.0,0.97,0.0,0.0
hi I'm calling from Snyder hardware and I need to discuss a business loan it is an existing loan that I need to have a tree figured help please let me know thank you,business_loan,business_loan,1.0,0.415104999905452,737,0.0,0.0,0.0,0.0,0.0,1.0,0.0,0.0,0.0,0.0,0.0,0.0,0.0,0.0
I want to pay a bill and I know I want to know how can I use my credit card to do so,pay_bill,pay_bill,1.0,0.44378580013290003,725,0.0,0.0,0.0,0.0,0.0,0.0,0.0,0.0,0.0,0.0,0.0,0.0,0.0,1.0
hello I'd like to make a payment on my credit card please,pay_bill,pay_bill,0.99,0.46272399998269903,715,0.0,0.0,0.0,0.0,0.0,0.0,0.0,0.0,0.0,0.0,0.01,0.0,0.0,0.99
call to make a payment please,pay_bill,pay_bill,0.9500000000000001,0.49393450003117306,708,0.0,0.0,0.0,0.0,0.0,0.0,0.0,0.0,0.0,0.0,0.05,0.0,0.0,0.9500000000000001
hello what you can help me I like to pay my bill please have some sort of technical issue can you can you call me back please many thanks,pay_bill,pay_bill,1.0,0.635973499855026,731,0.0,0.0,0.0,0.0,0.0,0.0,0.0,0.0,0.0,0.0,0.0,0.0,0.0,1.0
I have a bill I need to make payment,pay_bill,pay_bill,1.0,0.449715499999001,711,0.0,0.0,0.0,0.0,0.0,0.0,0.0,0.0,0.0,0.0,0.0,0.0,0.0,1.0
I'd like to make a bill payment,pay_bill,pay_bill,1.0,0.42980280006304306,710,0.0,0.0,0.0,0.0,0.0,0.0,0.0,0.0,0.0,0.0,0.0,0.0,0.0,1.0
hello I'm just calling in to see if I can pay my bill please because my credit is due right now and was wondering if I can make a payment right now,pay_bill,pay_bill,1.0,0.45406259992159903,735,0.0,0.0,0.0,0.0,0.0,0.0,0.0,0.0,0.0,0.0,0.0,0.0,0.0,1.0
I need to make a payment,pay_bill,pay_bill,0.96,0.45838589989580203,708,0.0,0.0,0.0,0.0,0.0,0.0,0.0,0.0,0.0,0.0,0.04,0.0,0.0,0.96
I would like to pay the bill,pay_bill,pay_bill,1.0,0.41276000021025505,709,0.0,0.0,0.0,0.0,0.0,0.0,0.0,0.0,0.0,0.0,0.0,0.0,0.0,1.0
I have to pay a bill,pay_bill,pay_bill,1.0,0.43992120004259005,708,0.0,0.0,0.0,0.0,0.0,0.0,0.0,0.0,0.0,0.0,0.0,0.0,0.0,1.0
because I would like to my credit card could you,pay_bill,card_issues,0.74,0.46168450010009104,712,0.01,0.0,0.0,0.01,0.03,0.0,0.76,0.0,0.01,0.08,0.02,0.0,0.01,0.07
I have received a bill and would like to make a payment,pay_bill,pay_bill,1.0,0.446982099907472,714,0.0,0.0,0.0,0.0,0.0,0.0,0.0,0.0,0.0,0.0,0.0,0.0,0.0,1.0
oh hi I was wondering if I could make a payment to pay a bill or my electricity,pay_bill,pay_bill,1.0,0.463316600071266,720,0.0,0.0,0.0,0.0,0.0,0.0,0.0,0.0,0.0,0.0,0.0,0.0,0.0,1.0
I have to make a payment,pay_bill,pay_bill,0.9500000000000001,0.43437939998693703,708,0.0,0.0,0.0,0.0,0.0,0.0,0.0,0.0,0.0,0.0,0.05,0.0,0.0,0.9500000000000001
I need to make a payment please,pay_bill,pay_bill,0.9500000000000001,0.46705959993414503,709,0.0,0.0,0.0,0.0,0.0,0.0,0.0,0.0,0.0,0.0,0.05,0.0,0.0,0.9500000000000001
I need to pay a bill is due,pay_bill,pay_bill,1.0,0.417532899882644,710,0.0,0.0,0.0,0.0,0.0,0.0,0.0,0.0,0.0,0.0,0.0,0.0,0.0,1.0
there is a bill I would like to pay,pay_bill,pay_bill,1.0,0.42919040005654,711,0.0,0.0,0.0,0.0,0.0,0.0,0.0,0.0,0.0,0.0,0.0,0.0,0.0,1.0
I have to pay a bill because my payment is due,pay_bill,pay_bill,1.0,0.46329350001178604,713,0.0,0.0,0.0,0.0,0.0,0.0,0.0,0.0,0.0,0.0,0.0,0.0,0.0,1.0
I would like to say one of my bill,pay_bill,pay_bill,0.99,0.433795099845156,711,0.0,0.0,0.0,0.0,0.0,0.0,0.0,0.0,0.0,0.0,0.0,0.0,0.01,0.99
I need to pay bill can you help me,pay_bill,pay_bill,1.0,0.43494930001907,711,0.0,0.0,0.0,0.0,0.0,0.0,0.0,0.0,0.0,0.0,0.0,0.0,0.0,1.0
I need to pay my credit card bill,pay_bill,pay_bill,1.0,0.45980009995400906,710,0.0,0.0,0.0,0.0,0.0,0.0,0.0,0.0,0.0,0.0,0.0,0.0,0.0,1.0
good afternoon I would like to make a payment payable please,pay_bill,pay_bill,0.9400000000000001,0.46700570010580106,713,0.0,0.0,0.0,0.0,0.0,0.0,0.0,0.0,0.0,0.0,0.06,0.0,0.0,0.9400000000000001
I need to make a payment,pay_bill,pay_bill,0.9400000000000001,0.538664299994707,708,0.0,0.0,0.0,0.0,0.0,0.0,0.0,0.0,0.0,0.0,0.06,0.0,0.0,0.9400000000000001
I would like to pay the bill,pay_bill,pay_bill,1.0,0.47737099998630506,709,0.0,0.0,0.0,0.0,0.0,0.0,0.0,0.0,0.0,0.0,0.0,0.0,0.0,1.0
I would like to pay my bill,pay_bill,pay_bill,1.0,0.44608080014586404,709,0.0,0.0,0.0,0.0,0.0,0.0,0.0,0.0,0.0,0.0,0.0,0.0,0.0,1.0
I would like to pay my credit card bill,pay_bill,pay_bill,1.0,0.421200100099667,711,0.0,0.0,0.0,0.0,0.0,0.0,0.0,0.0,0.0,0.0,0.0,0.0,0.0,1.0
I would like to pay bill please,pay_bill,pay_bill,1.0,0.416870399843901,709,0.0,0.0,0.0,0.0,0.0,0.0,0.0,0.0,0.0,0.0,0.0,0.0,0.0,1.0
I am ringing to have a bills to pay,pay_bill,pay_bill,1.0,0.5114572998136281,711,0.0,0.0,0.0,0.0,0.0,0.0,0.0,0.0,0.0,0.0,0.0,0.0,0.0,1.0
I'd like to pay a bill,pay_bill,pay_bill,1.0,0.43345060013234604,709,0.0,0.0,0.0,0.0,0.0,0.0,0.0,0.0,0.0,0.0,0.0,0.0,0.0,1.0
I would like to pay a bill,pay_bill,pay_bill,1.0,0.439560099970549,709,0.0,0.0,0.0,0.0,0.0,0.0,0.0,0.0,0.0,0.0,0.0,0.0,0.0,1.0
I would like to pay my bill please yeah I want to make a payment online by direct debit thank you,pay_bill,pay_bill,0.92,0.43111829995177603,723,0.0,0.0,0.0,0.0,0.0,0.0,0.0,0.0,0.07,0.0,0.0,0.0,0.0,0.93
I have to pay bill,pay_bill,pay_bill,1.0,0.46021310007199606,707,0.0,0.0,0.0,0.0,0.0,0.0,0.0,0.0,0.0,0.0,0.0,0.0,0.0,1.0
I want to pay my bills,pay_bill,pay_bill,1.0,0.43690109997987703,708,0.0,0.0,0.0,0.0,0.0,0.0,0.0,0.0,0.0,0.0,0.0,0.0,0.0,1.0
my credit card bill is due I want to make a payment please,pay_bill,pay_bill,1.0,0.441721000010147,715,0.0,0.0,0.0,0.0,0.0,0.0,0.0,0.0,0.0,0.0,0.0,0.0,0.0,1.0
make payment,pay_bill,pay_bill,0.9400000000000001,0.46179219987243403,704,0.0,0.0,0.0,0.0,0.0,0.0,0.0,0.0,0.0,0.0,0.06,0.0,0.0,0.9400000000000001
hi I'm bringing today because I would like to know how to pay a bill on my credit card bill could you please assist me in how I do that thank you,pay_bill,pay_bill,1.0,0.460319299949333,735,0.0,0.0,0.0,0.0,0.0,0.0,0.0,0.0,0.0,0.0,0.0,0.0,0.0,1.0
hi I'd like to pay bill please,pay_bill,pay_bill,1.0,0.45000259997323105,710,0.0,0.0,0.0,0.0,0.0,0.0,0.0,0.0,0.0,0.0,0.0,0.0,0.0,1.0
you phone up an organisation that you have a service with those want to pay a bill payment debit or credit card,pay_bill,pay_bill,1.0,0.45599650009535203,724,0.0,0.0,0.0,0.0,0.0,0.0,0.0,0.0,0.0,0.0,0.0,0.0,0.0,1.0
pay a bill,pay_bill,pay_bill,1.0,0.481502600014209,705,0.0,0.0,0.0,0.0,0.0,0.0,0.0,0.0,0.0,0.0,0.0,0.0,0.0,1.0
I'd like to pay my credit card bill,pay_bill,pay_bill,1.0,0.421079199993982,711,0.0,0.0,0.0,0.0,0.0,0.0,0.0,0.0,0.0,0.0,0.0,0.0,0.0,1.0
hi I would like to stop all the transactions on my car please can you freeze it,freeze,freeze,1.0,0.481607800116762,719,0.0,0.0,0.0,0.0,0.0,0.0,0.0,0.0,0.0,1.0,0.0,0.0,0.0,0.0
please stop all transactions on my,freeze,freeze,1.0,0.457683800021186,708,0.0,0.0,0.0,0.0,0.0,0.0,0.0,0.0,0.0,1.0,0.0,0.0,0.0,0.0
I want to freeze my card,freeze,freeze,1.0,0.5780706999357791,708,0.0,0.0,0.0,0.0,0.0,0.0,0.0,0.0,0.0,1.0,0.0,0.0,0.0,0.0
hello please could you freeze my card,freeze,freeze,1.0,0.452819899888709,709,0.0,0.0,0.0,0.0,0.0,0.0,0.0,0.0,0.0,1.0,0.0,0.0,0.0,0.0
please freeze my card,freeze,freeze,1.0,0.44502179999835706,706,0.0,0.0,0.0,0.0,0.0,0.0,0.0,0.0,0.0,1.0,0.0,0.0,0.0,0.0
hello there I'm just calling in to ask if I could freeze my debit card please because I've lost it somewhere around my house and I can't seem to find it but I'm worried that I may have dropped it so could you freeze my debit card please just until I find it,freeze,freeze,0.98,0.43440210004337104,759,0.0,0.0,0.0,0.0,0.0,0.0,0.02,0.0,0.0,0.98,0.0,0.0,0.0,0.0
choose me freeze my card,freeze,freeze,1.0,0.478272899985313,707,0.0,0.0,0.0,0.0,0.0,0.0,0.0,0.0,0.0,1.0,0.0,0.0,0.0,0.0
please stop all transactions on my card,freeze,freeze,1.0,0.48676459980197206,709,0.0,0.0,0.0,0.0,0.0,0.0,0.0,0.0,0.0,1.0,0.0,0.0,0.0,0.0
hi can you please stop all the transactions that happen on my card,freeze,freeze,1.0,0.430656500160694,715,0.0,0.0,0.0,0.0,0.0,0.0,0.0,0.0,0.0,1.0,0.0,0.0,0.0,0.0
yeah I fell asleep and I'd like to cancel or freeze my account to make sure no payments can happen and probably the side of freezer in case I'll find it but otherwise can I cancel it and get a new car thanks,freeze,freeze,0.96,0.451404800172895,747,0.0,0.0,0.0,0.0,0.0,0.0,0.01,0.0,0.03,0.96,0.0,0.0,0.0,0.0
hi please please stop all the transactions on my card and completely freeze it thank you,freeze,freeze,1.0,0.41473209997639005,718,0.0,0.0,0.0,0.0,0.0,0.0,0.0,0.0,0.0,1.0,0.0,0.0,0.0,0.0
hello think I may have lost my bank card could you cancel it please,freeze,card_issues,1.0,0.42216120008379204,716,0.0,0.0,0.0,0.0,0.0,0.0,1.0,0.0,0.0,0.0,0.0,0.0,0.0,0.0
freeze my card,freeze,freeze,1.0,0.454297099960967,705,0.0,0.0,0.0,0.0,0.0,0.0,0.0,0.0,0.0,1.0,0.0,0.0,0.0,0.0
I need to freeze my card with immediate effect on all accounts,freeze,freeze,1.0,0.5029430000577121,714,0.0,0.0,0.0,0.0,0.0,0.0,0.0,0.0,0.0,1.0,0.0,0.0,0.0,0.0
I could you stop all transactions on my card could you please freeze my card I need you to block my card from any payments all proceeded direct debits on going,freeze,freeze,1.0,0.51595150004141,734,0.0,0.0,0.0,0.0,0.0,0.0,0.0,0.0,0.0,1.0,0.0,0.0,0.0,0.0
stop all my transactions on my card freeze my card please,freeze,freeze,1.0,0.47348480019718403,713,0.0,0.0,0.0,0.0,0.0,0.0,0.0,0.0,0.0,1.0,0.0,0.0,0.0,0.0
I'd like to put a stop on my card,freeze,freeze,1.0,0.47685089986771306,712,0.0,0.0,0.0,0.0,0.0,0.0,0.0,0.0,0.0,1.0,0.0,0.0,0.0,0.0
please block my card,freeze,freeze,1.0,0.46869110013358206,706,0.0,0.0,0.0,0.0,0.0,0.0,0.0,0.0,0.0,1.0,0.0,0.0,0.0,0.0
hi what did you can help me please sorry to freeze my card as soon as possible I need it completely blocked for any transactions that might occur I need you to please the comment cars on my card thank you,freeze,freeze,1.0,0.456614999799057,743,0.0,0.0,0.0,0.0,0.0,0.0,0.0,0.0,0.0,1.0,0.0,0.0,0.0,0.0
please stop all transactions on my card,freeze,freeze,1.0,0.46526169986464005,709,0.0,0.0,0.0,0.0,0.0,0.0,0.0,0.0,0.0,1.0,0.0,0.0,0.0,0.0
please could you freeze any more transactions on my bank card,freeze,freeze,1.0,0.452192500000819,713,0.0,0.0,0.0,0.0,0.0,0.0,0.0,0.0,0.0,1.0,0.0,0.0,0.0,0.0
please can you freeze my bank card,freeze,freeze,1.0,0.47768869996070806,709,0.0,0.0,0.0,0.0,0.0,0.0,0.0,0.0,0.0,1.0,0.0,0.0,0.0,0.0
can you freeze my card please,freeze,freeze,1.0,0.437689999816939,708,0.0,0.0,0.0,0.0,0.0,0.0,0.0,0.0,0.0,1.0,0.0,0.0,0.0,0.0
hi there either I've lost my card and I just need you to stop all transactions on my card you could have three little block it I'm not sure what your we are eternally yours but I could be done that thank you so much,freeze,freeze,0.66,0.500201500020921,751,0.0,0.0,0.0,0.0,0.0,0.0,0.32,0.0,0.0,0.68,0.0,0.0,0.0,0.0
just blocked my card you freeze my card,freeze,freeze,1.0,0.420901799807325,710,0.0,0.0,0.0,0.0,0.0,0.0,0.0,0.0,0.0,1.0,0.0,0.0,0.0,0.0
I would like to freeze my card,freeze,freeze,1.0,0.42552799987606704,709,0.0,0.0,0.0,0.0,0.0,0.0,0.0,0.0,0.0,1.0,0.0,0.0,0.0,0.0
I need to freeze my card as it has been stolen,freeze,freeze,0.91,0.42960979999043003,713,0.0,0.0,0.0,0.0,0.0,0.0,0.08,0.0,0.0,0.92,0.0,0.0,0.0,0.0
I'm just calling to freeze my card and find it,freeze,freeze,0.74,0.428745100041851,713,0.0,0.0,0.0,0.0,0.0,0.0,0.24,0.0,0.0,0.76,0.0,0.0,0.0,0.0
freeze my card please,freeze,freeze,1.0,0.44560769991949206,706,0.0,0.0,0.0,0.0,0.0,0.0,0.0,0.0,0.0,1.0,0.0,0.0,0.0,0.0
I need to block my card please,freeze,freeze,1.0,0.47885559988208104,709,0.0,0.0,0.0,0.0,0.0,0.0,0.0,0.0,0.0,1.0,0.0,0.0,0.0,0.0
freeze my card,freeze,freeze,1.0,0.453092999989166,705,0.0,0.0,0.0,0.0,0.0,0.0,0.0,0.0,0.0,1.0,0.0,0.0,0.0,0.0
I need to freeze my card,freeze,freeze,1.0,0.46703690011054205,708,0.0,0.0,0.0,0.0,0.0,0.0,0.0,0.0,0.0,1.0,0.0,0.0,0.0,0.0
please block my card,freeze,freeze,1.0,0.39447949989698805,706,0.0,0.0,0.0,0.0,0.0,0.0,0.0,0.0,0.0,1.0,0.0,0.0,0.0,0.0
can you please freeze my card,freeze,freeze,1.0,0.41376839997246806,708,0.0,0.0,0.0,0.0,0.0,0.0,0.0,0.0,0.0,1.0,0.0,0.0,0.0,0.0
please block my card,freeze,freeze,1.0,0.43497899989597505,706,0.0,0.0,0.0,0.0,0.0,0.0,0.0,0.0,0.0,1.0,0.0,0.0,0.0,0.0
I need to freeze my card and block all transactions at the moment,freeze,freeze,1.0,0.409741699928417,715,0.0,0.0,0.0,0.0,0.0,0.0,0.0,0.0,0.0,1.0,0.0,0.0,0.0,0.0
app not working correctly,app_error,app_error,1.0,0.44663410005159604,706,0.0,0.0,1.0,0.0,0.0,0.0,0.0,0.0,0.0,0.0,0.0,0.0,0.0,0.0
will you think as an application for my banking account but the account is not working because there is an issue with the login it doesn't recognise the number that I could be in,app_error,app_error,0.99,0.40659619984216905,737,0.0,0.01,0.99,0.0,0.0,0.0,0.0,0.0,0.0,0.0,0.0,0.0,0.0,0.0
I hate to be a problem with the app and I can't get into my account,app_error,app_error,1.0,0.414615999907255,719,0.0,0.0,1.0,0.0,0.0,0.0,0.0,0.0,0.0,0.0,0.0,0.0,0.0,0.0
and the app crashes everytime I use it,app_error,app_error,1.0,0.46932339994236805,710,0.0,0.0,1.0,0.0,0.0,0.0,0.0,0.0,0.0,0.0,0.0,0.0,0.0,0.0
hi the app for the bank doesn't seem to be working would you be able to help me,app_error,app_error,1.0,0.44244080013595505,721,0.0,0.0,1.0,0.0,0.0,0.0,0.0,0.0,0.0,0.0,0.0,0.0,0.0,0.0
I'm trying to view my balance but the app is not loading,app_error,app_error,0.52,0.47954090009443406,715,0.0,0.0,0.55,0.0,0.45,0.0,0.0,0.0,0.0,0.0,0.0,0.0,0.0,0.0
I am trying to access my account by the app but the app just doesn't load and keeps crashing,app_error,app_error,1.0,0.45994440000504205,722,0.0,0.0,1.0,0.0,0.0,0.0,0.0,0.0,0.0,0.0,0.0,0.0,0.0,0.0
hi yes I use my banking app all the time and today I've just tried to log on and it's not letting me log on I'm having problems so is it possible that you can look into it for me and tried to rectify the problem thank you,app_error,app_error,1.0,0.435006199870258,754,0.0,0.0,1.0,0.0,0.0,0.0,0.0,0.0,0.0,0.0,0.0,0.0,0.0,0.0
hi my salary is in this app isn't working I would like to view my balance but it won't let me view my balance I would one I was wondering if there would be any way that this could be resolved as I really need to,app_error,app_error,0.52,0.431193100055679,750,0.0,0.0,0.55,0.0,0.45,0.0,0.0,0.0,0.0,0.0,0.0,0.0,0.0,0.0
I please use the app and it doesn't look like it's working I can't seem to know my balance,app_error,balance,0.52,0.44344709999859305,724,0.0,0.0,0.45,0.0,0.55,0.0,0.0,0.0,0.0,0.0,0.0,0.0,0.0,0.0
I'm having issues with the new app and I can't seem to get my details to load,app_error,app_error,1.0,0.415932000149041,721,0.0,0.0,1.0,0.0,0.0,0.0,0.0,0.0,0.0,0.0,0.0,0.0,0.0,0.0
hello I'm trying to use your app from the and the bank Lloyds Bank but unfortunately it doesn't work can you give me some indication when the app will be working please ok thank you bye,app_error,app_error,1.0,0.411305000074207,742,0.0,0.0,1.0,0.0,0.0,0.0,0.0,0.0,0.0,0.0,0.0,0.0,0.0,0.0
hello I can't seem to get the new banking app working could you help me that help explain how to do that please,app_error,app_error,1.0,0.45197729999199504,726,0.0,0.0,1.0,0.0,0.0,0.0,0.0,0.0,0.0,0.0,0.0,0.0,0.0,0.0
my apps not working properly I can't get the app to show any of my account details,app_error,app_error,1.0,0.43460619985125903,720,0.0,0.0,1.0,0.0,0.0,0.0,0.0,0.0,0.0,0.0,0.0,0.0,0.0,0.0
hi my bank app isn't working I tried refreshing it but it doesn't come up with my Vaillant I know I've put in the money today so it should be showing it,app_error,app_error,0.99,0.512797000119462,739,0.0,0.0,0.99,0.0,0.0,0.0,0.0,0.0,0.0,0.0,0.0,0.0,0.01,0.0
having issues with my bank card break down,app_error,card_issues,1.0,0.42214759998023504,710,0.0,0.0,0.0,0.0,0.0,0.0,1.0,0.0,0.0,0.0,0.0,0.0,0.0,0.0
I am nothing tried to access my banking app all morning but it keeps crashing it doesn't seem to be working could you help me please,app_error,app_error,1.0,0.46676139999181004,729,0.0,0.0,1.0,0.0,0.0,0.0,0.0,0.0,0.0,0.0,0.0,0.0,0.0,0.0
hi I'm just calling you this I'm trying to get the app to work with my card and it's not loading my new account I can't get into it so I just wondering if you could possibly help me or if I've got any help I can do to make it work,app_error,app_error,0.99,0.417071100091561,759,0.0,0.0,0.99,0.0,0.0,0.0,0.01,0.0,0.0,0.0,0.0,0.0,0.0,0.0
hi there I'm trying to use the app to access my account but it's not working properly,app_error,app_error,1.0,0.5074007001239801,721,0.0,0.0,1.0,0.0,0.0,0.0,0.0,0.0,0.0,0.0,0.0,0.0,0.0,0.0
I've got the app on my mobile phone but it's not working what do I need to do uninstall it all it's not loading my account balance or any of my time,app_error,app_error,1.0,0.413236199878156,737,0.0,0.0,1.0,0.0,0.0,0.0,0.0,0.0,0.0,0.0,0.0,0.0,0.0,0.0
the app is not showing my bank account details correctly,app_error,app_error,1.0,0.453044000081717,712,0.0,0.0,1.0,0.0,0.0,0.0,0.0,0.0,0.0,0.0,0.0,0.0,0.0,0.0
hi I'm just calling cuz I'm trying to do like online banking using the app and it doesn't seem to be working it keeps saying the app does not load as I can't get into the system do you know what's wrong,app_error,app_error,1.0,0.43610269995406203,749,0.0,0.0,1.0,0.0,0.0,0.0,0.0,0.0,0.0,0.0,0.0,0.0,0.0,0.0
app won't let me see my balance,app_error,balance,0.8,0.43621700000949204,710,0.0,0.0,0.19,0.0,0.81,0.0,0.0,0.0,0.0,0.0,0.0,0.0,0.0,0.0
I have been having problems with this up now for a while the absent load my account balance and it says yeah it's been serviced,app_error,balance,0.81,0.42887880001217105,728,0.0,0.0,0.12,0.0,0.8200000000000001,0.0,0.0,0.0,0.01,0.0,0.0,0.0,0.05,0.0
the app says it's on the maintenance so I can't use it at the moment can you help me please,app_error,app_error,1.0,0.45566700003109806,724,0.0,0.0,1.0,0.0,0.0,0.0,0.0,0.0,0.0,0.0,0.0,0.0,0.0,0.0
hi yeah I'm just trying to use your app but it's not loading for me I'm trying to load my account balance it says that it's not in service at the moment so now I can't access my account so I'm just wondering what I can do about it for really do it right now,app_error,app_error,0.98,0.434381500119343,763,0.0,0.0,0.98,0.0,0.02,0.0,0.0,0.0,0.0,0.0,0.0,0.0,0.0,0.0
hi honey I'm hoping you can help I've used it many many times and at the moment it's not working and it's just come up with loads of arrows down understand what's going on please can you help me,app_error,app_error,0.98,0.48871530010364905,746,0.0,0.0,0.98,0.0,0.0,0.0,0.02,0.0,0.0,0.0,0.0,0.0,0.0,0.0
hi my bank app isn't working is there a technical issue or can you help me fix it thank you,app_error,app_error,1.0,0.48524300009012206,723,0.0,0.0,1.0,0.0,0.0,0.0,0.0,0.0,0.0,0.0,0.0,0.0,0.0,0.0
hi there we have what it is I'm trying to set up a new payee to my app on my phone and it's not let me certainly paid to be able to help me with this problem thank you,app_error,app_error,0.62,0.45177430007606706,744,0.0,0.0,0.65,0.0,0.0,0.0,0.0,0.0,0.13,0.0,0.02,0.0,0.0,0.2
the app is not working,app_error,app_error,1.0,0.396896499907597,707,0.0,0.0,1.0,0.0,0.0,0.0,0.0,0.0,0.0,0.0,0.0,0.0,0.0,0.0
I am looking for some help please I've got the app for my account but it's probably not working with my account number,app_error,app_error,1.0,0.512348700081929,727,0.0,0.0,1.0,0.0,0.0,0.0,0.0,0.0,0.0,0.0,0.0,0.0,0.0,0.0
I've just downloaded the app for the bank here and it's not working as an absolute nightmare and it's saying I have an incorrect you have my thumbs up playlist,app_error,app_error,1.0,0.44065190013498,735,0.0,0.0,1.0,0.0,0.0,0.0,0.0,0.0,0.0,0.0,0.0,0.0,0.0,0.0
hello I have a bank account app but it is not working properly maintenance so I cannot access the account,app_error,app_error,1.0,0.404753300128504,722,0.0,0.0,1.0,0.0,0.0,0.0,0.0,0.0,0.0,0.0,0.0,0.0,0.0,0.0
the app is not working properly the page the app is showing in error message the app is being serviced so I can't access my account and you to access my account the app is not working,app_error,app_error,1.0,0.45014739991165703,740,0.0,0.0,1.0,0.0,0.0,0.0,0.0,0.0,0.0,0.0,0.0,0.0,0.0,0.0
ID app isn't working on my phone could I speak to someone to sort it out,app_error,app_error,1.0,0.46114609995856803,719,0.0,0.0,1.0,0.0,0.0,0.0,0.0,0.0,0.0,0.0,0.0,0.0,0.0,0.0
hello I'm trying to use the app on my phone and for getting the bank details but it's not loading correctly just possibly help me,app_error,app_error,1.0,0.42629630002193103,729,0.0,0.0,1.0,0.0,0.0,0.0,0.0,0.0,0.0,0.0,0.0,0.0,0.0,0.0
good morning I've just been on my app it's not working properly when it loads up an error message comes up,app_error,app_error,1.0,0.46365060005337,725,0.0,0.0,1.0,0.0,0.0,0.0,0.0,0.0,0.0,0.0,0.0,0.0,0.0,0.0
cannot access the app,app_error,app_error,1.0,0.43532010004855604,706,0.0,0.0,1.0,0.0,0.0,0.0,0.0,0.0,0.0,0.0,0.0,0.0,0.0,0.0
I'm trying to get on the banking app and it doesn't seem to be working it won't load my account,app_error,app_error,1.0,0.457733900053426,725,0.0,0.0,1.0,0.0,0.0,0.0,0.0,0.0,0.0,0.0,0.0,0.0,0.0,0.0
my banking app isn't working properly,app_error,app_error,1.0,0.430143099976703,709,0.0,0.0,1.0,0.0,0.0,0.0,0.0,0.0,0.0,0.0,0.0,0.0,0.0,0.0
hi I'm trying to use my apps for my banking on my phone and it's not working properly could somebody help,app_error,app_error,1.0,0.46619439986534406,725,0.0,0.0,1.0,0.0,0.0,0.0,0.0,0.0,0.0,0.0,0.0,0.0,0.0,0.0
hello I wish to change my address on my card account,address,address,1.0,0.5061836999375371,713,0.0,1.0,0.0,0.0,0.0,0.0,0.0,0.0,0.0,0.0,0.0,0.0,0.0,0.0
change the address on PayPal,address,address,1.0,0.498800800181925,708,0.0,1.0,0.0,0.0,0.0,0.0,0.0,0.0,0.0,0.0,0.0,0.0,0.0,0.0
hi I just need to change my address as a pain,address,address,1.0,0.49292290001176303,713,0.0,1.0,0.0,0.0,0.0,0.0,0.0,0.0,0.0,0.0,0.0,0.0,0.0,0.0
can I change my address,address,address,1.0,0.47121250000782305,707,0.0,1.0,0.0,0.0,0.0,0.0,0.0,0.0,0.0,0.0,0.0,0.0,0.0,0.0
hi I've just recently moved house and I was wondering how I would be able to change my address,address,address,1.0,0.43858349998481505,722,0.0,1.0,0.0,0.0,0.0,0.0,0.0,0.0,0.0,0.0,0.0,0.0,0.0,0.0
hi yes I've just moved recently passed couple of days no need to change my address on my bank account can you help me to do this please thank you,address,address,1.0,0.49711649981327305,733,0.0,1.0,0.0,0.0,0.0,0.0,0.0,0.0,0.0,0.0,0.0,0.0,0.0,0.0
hi there I need to change my address,address,address,1.0,0.427861399948596,710,0.0,1.0,0.0,0.0,0.0,0.0,0.0,0.0,0.0,0.0,0.0,0.0,0.0,0.0
hello I'm just calling cheers I have recently moved house and would like my address please I just like to know how to go about doing that thank you very much,address,address,1.0,0.40852159983478403,734,0.0,1.0,0.0,0.0,0.0,0.0,0.0,0.0,0.0,0.0,0.0,0.0,0.0,0.0
I heading I need to change my address I moved house yesterday,address,address,1.0,0.436698500066995,714,0.0,1.0,0.0,0.0,0.0,0.0,0.0,0.0,0.0,0.0,0.0,0.0,0.0,0.0
hello I was wondering if I could change my address I'm currently at because I've moved a last week and was wondering if I could change my delivery address,address,address,1.0,0.455980400089174,733,0.0,1.0,0.0,0.0,0.0,0.0,0.0,0.0,0.0,0.0,0.0,0.0,0.0,0.0
I would like to change my address,address,address,1.0,0.49820140004158003,709,0.0,1.0,0.0,0.0,0.0,0.0,0.0,0.0,0.0,0.0,0.0,0.0,0.0,0.0
hi there I would like to change my address today,address,address,1.0,0.44456520001403904,712,0.0,1.0,0.0,0.0,0.0,0.0,0.0,0.0,0.0,0.0,0.0,0.0,0.0,0.0
hi can I change the address for my account please,address,address,1.0,0.577411900041624,712,0.0,1.0,0.0,0.0,0.0,0.0,0.0,0.0,0.0,0.0,0.0,0.0,0.0,0.0
I'd like to change my address please,address,address,1.0,0.508068300085142,710,0.0,1.0,0.0,0.0,0.0,0.0,0.0,0.0,0.0,0.0,0.0,0.0,0.0,0.0
I want to change my address,address,address,1.0,0.42598659987561405,708,0.0,1.0,0.0,0.0,0.0,0.0,0.0,0.0,0.0,0.0,0.0,0.0,0.0,0.0
I want to change my bank address,address,address,1.0,0.441239799838513,709,0.0,1.0,0.0,0.0,0.0,0.0,0.0,0.0,0.0,0.0,0.0,0.0,0.0,0.0
change address,address,address,1.0,0.43861400010064205,704,0.0,1.0,0.0,0.0,0.0,0.0,0.0,0.0,0.0,0.0,0.0,0.0,0.0,0.0
hi I'd like to change my address please,address,address,1.0,0.574737299932166,711,0.0,1.0,0.0,0.0,0.0,0.0,0.0,0.0,0.0,0.0,0.0,0.0,0.0,0.0
hello I would like to change my address please,address,address,1.0,0.457451000111177,711,0.0,1.0,0.0,0.0,0.0,0.0,0.0,0.0,0.0,0.0,0.0,0.0,0.0,0.0
hi I've moved address how can I change my address,address,address,1.0,0.47869589994661504,713,0.0,1.0,0.0,0.0,0.0,0.0,0.0,0.0,0.0,0.0,0.0,0.0,0.0,0.0
afternoon I'm phoning because it would appear that your records show my old address I'd like to change the stress days my speaking to the right department thank you,address,address,1.0,0.428190199891105,737,0.0,1.0,0.0,0.0,0.0,0.0,0.0,0.0,0.0,0.0,0.0,0.0,0.0,0.0
I want to change the address on my account please thank you,address,address,1.0,0.459958099992945,714,0.0,1.0,0.0,0.0,0.0,0.0,0.0,0.0,0.0,0.0,0.0,0.0,0.0,0.0
I would like to change my address,address,address,1.0,0.442206199979409,709,0.0,1.0,0.0,0.0,0.0,0.0,0.0,0.0,0.0,0.0,0.0,0.0,0.0,0.0
I have moved house I want to change my address my address has changed,address,address,1.0,0.46130329999141306,716,0.0,1.0,0.0,0.0,0.0,0.0,0.0,0.0,0.0,0.0,0.0,0.0,0.0,0.0
hi I'd like to change the address that you have against my file,address,address,1.0,0.481876899953931,716,0.0,1.0,0.0,0.0,0.0,0.0,0.0,0.0,0.0,0.0,0.0,0.0,0.0,0.0
I'd like to change my address please,address,address,1.0,0.43997270008549005,710,0.0,1.0,0.0,0.0,0.0,0.0,0.0,0.0,0.0,0.0,0.0,0.0,0.0,0.0
hi yeah I just had to change my address I am currently residing in Nottingham I would like to move to have just moved to London,address,address,1.0,0.44525379990227504,728,0.0,1.0,0.0,0.0,0.0,0.0,0.0,0.0,0.0,0.0,0.0,0.0,0.0,0.0
can you tell me how I go about changing my address please,address,address,1.0,0.45110139995813303,714,0.0,1.0,0.0,0.0,0.0,0.0,0.0,0.0,0.0,0.0,0.0,0.0,0.0,0.0
hello I wonder if you can help me I want to update my address on my policy,address,address,1.0,0.522565900115296,719,0.0,1.0,0.0,0.0,0.0,0.0,0.0,0.0,0.0,0.0,0.0,0.0,0.0,0.0
hi I was hoping to change my address with my bank could you help me,address,address,1.0,0.438981000101193,717,0.0,1.0,0.0,0.0,0.0,0.0,0.0,0.0,0.0,0.0,0.0,0.0,0.0,0.0
I'd like to change my address please,address,address,1.0,0.48332510003820006,710,0.0,1.0,0.0,0.0,0.0,0.0,0.0,0.0,0.0,0.0,0.0,0.0,0.0,0.0
I want to change my address,address,address,1.0,0.49210569984279506,708,0.0,1.0,0.0,0.0,0.0,0.0,0.0,0.0,0.0,0.0,0.0,0.0,0.0,0.0
I am no taste and I would like to change my address please,address,address,1.0,0.490909000160172,715,0.0,1.0,0.0,0.0,0.0,0.0,0.0,0.0,0.0,0.0,0.0,0.0,0.0,0.0
I would like to change the address on my account please,address,address,1.0,0.445894500007852,713,0.0,1.0,0.0,0.0,0.0,0.0,0.0,0.0,0.0,0.0,0.0,0.0,0.0,0.0
hi I'm just ringing to ask you to change my address on your ex I think you change my address,address,address,1.0,0.42391150002367706,723,0.0,1.0,0.0,0.0,0.0,0.0,0.0,0.0,0.0,0.0,0.0,0.0,0.0,0.0
hello I need to change my home address on my account how do I do that please,address,address,1.0,0.45473190001212005,719,0.0,1.0,0.0,0.0,0.0,0.0,0.0,0.0,0.0,0.0,0.0,0.0,0.0,0.0
I've recently moved addresses and I need to update my records cannot be done,address,address,1.0,0.43809400009922606,717,0.0,1.0,0.0,0.0,0.0,0.0,0.0,0.0,0.0,0.0,0.0,0.0,0.0,0.0
I'd like to change my address please,address,address,1.0,0.652414800133556,710,0.0,1.0,0.0,0.0,0.0,0.0,0.0,0.0,0.0,0.0,0.0,0.0,0.0,0.0
change my address for my card,address,address,1.0,0.41989599983207804,708,0.0,1.0,0.0,0.0,0.0,0.0,0.0,0.0,0.0,0.0,0.0,0.0,0.0,0.0
I want to change my address,address,address,1.0,0.45446969987824504,708,0.0,1.0,0.0,0.0,0.0,0.0,0.0,0.0,0.0,0.0,0.0,0.0,0.0,0.0
hi I want to change my address on my account,address,address,1.0,0.457555100088939,712,0.0,1.0,0.0,0.0,0.0,0.0,0.0,0.0,0.0,0.0,0.0,0.0,0.0,0.0
hello I have just recently moved house and I would like to change my address,address,address,1.0,0.421708900015801,717,0.0,1.0,0.0,0.0,0.0,0.0,0.0,0.0,0.0,0.0,0.0,0.0,0.0,0.0
hello I mean cos I want to change my address,address,address,1.0,0.44536929996684105,712,0.0,1.0,0.0,0.0,0.0,0.0,0.0,0.0,0.0,0.0,0.0,0.0,0.0,0.0
hello there I've just moved home so I was wondering if I'll be able to change my address,address,address,1.0,0.45536170015111505,722,0.0,1.0,0.0,0.0,0.0,0.0,0.0,0.0,0.0,0.0,0.0,0.0,0.0,0.0
hi I'm just going with I need to change the address on my card in terms of the details are linked to that card and you did not do that thank you,address,address,1.0,0.44637309992685903,735,0.0,1.0,0.0,0.0,0.0,0.0,0.0,0.0,0.0,0.0,0.0,0.0,0.0,0.0
hi there how much money can I withdraw from the ATM,atm_limit,atm_limit,1.0,0.48496489995159203,713,0.0,0.0,0.0,1.0,0.0,0.0,0.0,0.0,0.0,0.0,0.0,0.0,0.0,0.0
what's what is my ATM can I increase my withdrawal limit on a cash machine how much money can I withdraw,atm_limit,atm_limit,1.0,0.45642479998059504,724,0.0,0.0,0.0,1.0,0.0,0.0,0.0,0.0,0.0,0.0,0.0,0.0,0.0,0.0
how much can I draw out of an ATM in one day,atm_limit,atm_limit,1.0,0.44992970000021104,714,0.0,0.0,0.0,1.0,0.0,0.0,0.0,0.0,0.0,0.0,0.0,0.0,0.0,0.0
how much money can I withdraw please,atm_limit,atm_limit,0.99,0.42075379984453304,709,0.0,0.0,0.0,0.99,0.01,0.0,0.0,0.0,0.0,0.0,0.0,0.0,0.0,0.0
I want to know how much money I can take out of the ATM how much money can I withdraw how much money can I withdraw in a day can I increase the amount of money I can withdraw can I increase my withdrawal in the cash machine,atm_limit,atm_limit,1.0,0.407968099927529,750,0.0,0.0,0.0,1.0,0.0,0.0,0.0,0.0,0.0,0.0,0.0,0.0,0.0,0.0
what is the maximum amount that I can withdraw from an ATM,atm_limit,atm_limit,1.0,0.432077900040894,714,0.0,0.0,0.0,1.0,0.0,0.0,0.0,0.0,0.0,0.0,0.0,0.0,0.0,0.0
hi please could you tell me the maximum amount I can withdraw from ATM thank you,atm_limit,atm_limit,1.0,0.48709330009296503,718,0.0,0.0,0.0,1.0,0.0,0.0,0.0,0.0,0.0,0.0,0.0,0.0,0.0,0.0
hi I'm just wondering what is the maximum amount of money I can withdraw from my bank account on Monday,atm_limit,atm_limit,0.99,0.501675700070336,723,0.0,0.0,0.0,0.99,0.0,0.0,0.0,0.0,0.0,0.0,0.01,0.0,0.0,0.0
I am just wondering if I can speak to somebody about the maximum amount of money I can withdraw with my card from an ATM machine so just wondering if there is a maximum and what that you know we can have a bit more information about that would be really appreciated thank you,atm_limit,atm_limit,1.0,0.44104900001548203,756,0.0,0.0,0.0,1.0,0.0,0.0,0.0,0.0,0.0,0.0,0.0,0.0,0.0,0.0
hi I'm trying to withdraw some money from the ATM cash machine and wondering what is the maximum amount of money that I can withdraw thank you,atm_limit,atm_limit,1.0,0.46454699989408205,730,0.0,0.0,0.0,1.0,0.0,0.0,0.0,0.0,0.0,0.0,0.0,0.0,0.0,0.0
how much can I take out at the cash machine,atm_limit,atm_limit,1.0,0.41096349991858006,712,0.0,0.0,0.0,1.0,0.0,0.0,0.0,0.0,0.0,0.0,0.0,0.0,0.0,0.0
hello I need to withdraw some cash you tell me what the daily limit is on my account please just withdraw cash cashpoint,atm_limit,atm_limit,1.0,0.48897770000621604,727,0.0,0.0,0.0,1.0,0.0,0.0,0.0,0.0,0.0,0.0,0.0,0.0,0.0,0.0
I'm just ringing to ask it what is the actual limit at the ATM I can withdraw my bank account,atm_limit,atm_limit,1.0,0.472965500084683,723,0.0,0.0,0.0,1.0,0.0,0.0,0.0,0.0,0.0,0.0,0.0,0.0,0.0,0.0
hi I'm looking for some information please I'm looking to find out what is the maximum amount of money I can withdraw from a ATM and Monday thanks,atm_limit,atm_limit,1.0,0.45129280001856303,732,0.0,0.0,0.0,1.0,0.0,0.0,0.0,0.0,0.0,0.0,0.0,0.0,0.0,0.0
how much money am I able to withdraw at the ATM,atm_limit,atm_limit,1.0,0.45354279992170604,713,0.0,0.0,0.0,1.0,0.0,0.0,0.0,0.0,0.0,0.0,0.0,0.0,0.0,0.0
oh hi there I was wondering what's the maximum amount of money I can withdraw from an ATM machine,atm_limit,atm_limit,1.0,0.461459200130775,722,0.0,0.0,0.0,1.0,0.0,0.0,0.0,0.0,0.0,0.0,0.0,0.0,0.0,0.0
how much money can I withdraw,atm_limit,atm_limit,0.99,0.43268630001693903,708,0.0,0.0,0.0,0.99,0.01,0.0,0.0,0.0,0.0,0.0,0.0,0.0,0.0,0.0
hi can you let me know my cash withdrawal limit thank you,atm_limit,atm_limit,1.0,0.46066339989192706,714,0.0,0.0,0.0,1.0,0.0,0.0,0.0,0.0,0.0,0.0,0.0,0.0,0.0,0.0
hi I'm I was just wondering what the maximum limit is at the ATM withdrawal of money and and I'm able to increase my withdrawal an access machine from the standard,atm_limit,atm_limit,1.0,0.44561209995299506,735,0.0,0.0,0.0,1.0,0.0,0.0,0.0,0.0,0.0,0.0,0.0,0.0,0.0,0.0
hi I've been trying to withdraw money from my ATM and I was just wondering what is the maximum amount of money I can withdraw thank you,atm_limit,atm_limit,1.0,0.473771800054237,730,0.0,0.0,0.0,1.0,0.0,0.0,0.0,0.0,0.0,0.0,0.0,0.0,0.0,0.0
what's the maximum amount of money I can withdraw from cash machine at one time,atm_limit,atm_limit,1.0,0.42969430005177806,718,0.0,0.0,0.0,1.0,0.0,0.0,0.0,0.0,0.0,0.0,0.0,0.0,0.0,0.0
what is the maximum amount I can withdraw from the ATM,atm_limit,atm_limit,1.0,0.440602299990132,713,0.0,0.0,0.0,1.0,0.0,0.0,0.0,0.0,0.0,0.0,0.0,0.0,0.0,0.0
hey hey Dave I need to talk a lot of cash out from the cash machine and I wanted to know what the daily maximum limit is or is there any way I can increase it cos I need to get quite a big chunk out thanks,atm_limit,atm_limit,1.0,0.450672999955713,749,0.0,0.0,0.0,1.0,0.0,0.0,0.0,0.0,0.0,0.0,0.0,0.0,0.0,0.0
what's the daily limit I can withdraw from an ATM,atm_limit,atm_limit,1.0,0.43772189994342603,713,0.0,0.0,0.0,1.0,0.0,0.0,0.0,0.0,0.0,0.0,0.0,0.0,0.0,0.0
hi I was just wondering what is the maximum limit for withdrawal of cash at the ATM and I was wondering whether I can increase the withdrawal limit from the standard price,atm_limit,atm_limit,1.0,0.43823359999805606,734,0.0,0.0,0.0,1.0,0.0,0.0,0.0,0.0,0.0,0.0,0.0,0.0,0.0,0.0
what is the maximum withdrawal limit at the cash machine,atm_limit,atm_limit,1.0,0.47002119990065605,712,0.0,0.0,0.0,1.0,0.0,0.0,0.0,0.0,0.0,0.0,0.0,0.0,0.0,0.0
what is the maximum amount I can withdraw at an ATM machine,atm_limit,atm_limit,1.0,0.42219260009005605,714,0.0,0.0,0.0,1.0,0.0,0.0,0.0,0.0,0.0,0.0,0.0,0.0,0.0,0.0
how much money can I withdraw from ATM,atm_limit,atm_limit,1.0,0.412060899892821,710,0.0,0.0,0.0,1.0,0.0,0.0,0.0,0.0,0.0,0.0,0.0,0.0,0.0,0.0
am I was hoping to withdraw about £200 a cash in a cash machine what's the limit that I can withdraw,atm_limit,atm_limit,1.0,0.45372039987705604,727,0.0,0.0,0.0,1.0,0.0,0.0,0.0,0.0,0.0,0.0,0.0,0.0,0.0,0.0
I'd like to withdraw money from an ATM what is my current limit for withdrawing cash,atm_limit,atm_limit,1.0,0.43010540003888303,719,0.0,0.0,0.0,1.0,0.0,0.0,0.0,0.0,0.0,0.0,0.0,0.0,0.0,0.0
I wonder what my limit at the ATM is,atm_limit,atm_limit,1.0,0.554249600041657,711,0.0,0.0,0.0,1.0,0.0,0.0,0.0,0.0,0.0,0.0,0.0,0.0,0.0,0.0
how much can I withdraw from a cash machine at once,atm_limit,atm_limit,1.0,0.44947150000371006,713,0.0,0.0,0.0,1.0,0.0,0.0,0.0,0.0,0.0,0.0,0.0,0.0,0.0,0.0
is there any way to find out what my maximum amount of withdrawal is a day at the ATM,atm_limit,atm_limit,1.0,0.433224100153893,721,0.0,0.0,0.0,1.0,0.0,0.0,0.0,0.0,0.0,0.0,0.0,0.0,0.0,0.0
how much money can I withdraw in one go,atm_limit,atm_limit,0.99,0.9873021999374031,711,0.0,0.0,0.0,0.99,0.0,0.0,0.0,0.0,0.0,0.0,0.01,0.0,0.0,0.0
hello I'm just calling to ask how much is my limit my debit card limit when it comes to the drawing money because I want to increase my withdrawal limit at the cash machine or is that not possible,atm_limit,atm_limit,1.0,0.41497789998538703,742,0.0,0.0,0.0,1.0,0.0,0.0,0.0,0.0,0.0,0.0,0.0,0.0,0.0,0.0
hi I'm trying to use my card on the ATM I just want to know what the maximum amount I can withdraw it,atm_limit,atm_limit,1.0,0.45352290011942303,726,0.0,0.0,0.0,1.0,0.0,0.0,0.0,0.0,0.0,0.0,0.0,0.0,0.0,0.0
what's the maximum amount of money I can draw,atm_limit,atm_limit,1.0,0.49585890001617305,712,0.0,0.0,0.0,1.0,0.0,0.0,0.0,0.0,0.0,0.0,0.0,0.0,0.0,0.0
I was just wondering what the maximum amount of money Mozart the ATM is,atm_limit,atm_limit,1.0,0.444184199906885,716,0.0,0.0,0.0,1.0,0.0,0.0,0.0,0.0,0.0,0.0,0.0,0.0,0.0,0.0
hi can you tell me the maximum hours am I allowed to draw on a daily basis from an APM please,atm_limit,atm_limit,1.0,0.42596799996681506,724,0.0,0.0,0.0,1.0,0.0,0.0,0.0,0.0,0.0,0.0,0.0,0.0,0.0,0.0
what's the maximum amount of money that I can withdraw,atm_limit,atm_limit,1.0,0.48873710003681403,713,0.0,0.0,0.0,1.0,0.0,0.0,0.0,0.0,0.0,0.0,0.0,0.0,0.0,0.0
hi I was wondering what the maximum money I can withdraw it,atm_limit,atm_limit,1.0,0.47647710004821403,714,0.0,0.0,0.0,1.0,0.0,0.0,0.0,0.0,0.0,0.0,0.0,0.0,0.0,0.0
hi I need to take out some money from my account with the ATM machine I'm just wondering how much can I take out in one go what's the maximum,atm_limit,atm_limit,1.0,0.497560099931433,734,0.0,0.0,0.0,1.0,0.0,0.0,0.0,0.0,0.0,0.0,0.0,0.0,0.0,0.0
hello hello I want to use my cash card at the cash machine what's the maximum amount I can withdraw each day thanks,atm_limit,atm_limit,1.0,0.417497899848967,726,0.0,0.0,0.0,1.0,0.0,0.0,0.0,0.0,0.0,0.0,0.0,0.0,0.0,0.0
hi there what is the limit on the APM can I want to know how much I can take out at 1 time of the maximum,atm_limit,atm_limit,0.85,0.44843119988217905,730,0.0,0.0,0.0,0.86,0.0,0.0,0.0,0.0,0.0,0.0,0.14,0.0,0.0,0.0
hi there I need weed how much money I can get out in a cash machine and any day,atm_limit,atm_limit,1.0,0.45241679996252004,721,0.0,0.0,0.0,1.0,0.0,0.0,0.0,0.0,0.0,0.0,0.0,0.0,0.0,0.0
hello and wonder whether you can help me I'm trying to withdraw money today and just wondered what is the maximum amount allowed to withdraw during the day,atm_limit,atm_limit,1.0,0.42339299991726803,731,0.0,0.0,0.0,1.0,0.0,0.0,0.0,0.0,0.0,0.0,0.0,0.0,0.0,0.0
hello I'm going on holiday for a few weeks next month and I wanted to ask if I have to do anything to make sure that my cards will work when I am there thank you,abroad,abroad,1.0,0.44751100009307204,739,1.0,0.0,0.0,0.0,0.0,0.0,0.0,0.0,0.0,0.0,0.0,0.0,0.0,0.0
is it possible to use my card when going abroad,abroad,abroad,1.0,0.46387640014290804,712,1.0,0.0,0.0,0.0,0.0,0.0,0.0,0.0,0.0,0.0,0.0,0.0,0.0,0.0
hi can you just let me know if I can use my current account card when I'm abroad thank you,abroad,abroad,1.0,0.42796660005114906,723,1.0,0.0,0.0,0.0,0.0,0.0,0.0,0.0,0.0,0.0,0.0,0.0,0.0,0.0
I am looking for some help I've got a card with the bike and I'm currently like to see if it works I forgot I'm going on holiday for a few weeks so when you do not have any steps I need to take before I go,abroad,abroad,0.86,0.5040538997855031,752,0.87,0.0,0.0,0.0,0.0,0.0,0.12,0.0,0.0,0.01,0.0,0.0,0.0,0.0
no I'm just here to call to find out if my card is able to be used abroad because I'm going to Korea next week and I'm just letting you know that I'm going I'm going to be using my card there so it doesn't get locked out but can I do you know the exchange rate in for my card when it comes to buying things in Korea,abroad,abroad,1.0,0.43962920014746404,777,1.0,0.0,0.0,0.0,0.0,0.0,0.0,0.0,0.0,0.0,0.0,0.0,0.0,0.0
hi I have a bank card with you and I was wondering if it would work Road,abroad,abroad,0.68,0.523775800131261,719,0.7000000000000001,0.0,0.0,0.0,0.0,0.0,0.30000000000000004,0.0,0.0,0.0,0.0,0.0,0.0,0.0
I'm currently bored in Spain and I would like to know if my card works here bored and I don't want to get into any applications if it doesn't work yeah thank you,abroad,abroad,1.0,0.42384479986503704,738,1.0,0.0,0.0,0.0,0.0,0.0,0.0,0.0,0.0,0.0,0.0,0.0,0.0,0.0
hi I'm planning intellectual trip do you know my car will work abroad,abroad,abroad,0.98,0.45159399998374206,716,0.98,0.0,0.0,0.0,0.0,0.0,0.02,0.0,0.0,0.0,0.0,0.0,0.0,0.0
hi can I use my card abroad,abroad,abroad,1.0,0.436367299873381,709,1.0,0.0,0.0,0.0,0.0,0.0,0.0,0.0,0.0,0.0,0.0,0.0,0.0,0.0
hi so I'm going away on holiday and a few weeks time and I will leave my car at his own I need to do to unlock it or maybe any charges or anything like that but it behind to work,abroad,abroad,0.71,0.42127320007421004,744,0.73,0.01,0.01,0.0,0.0,0.0,0.1,0.0,0.01,0.07,0.0,0.0,0.06,0.01
do I need to do anything special to use my card abroad,abroad,abroad,1.0,0.45579989999532705,714,1.0,0.0,0.0,0.0,0.0,0.0,0.0,0.0,0.0,0.0,0.0,0.0,0.0,0.0
hi I'm wanting to use my card abroad do I have to activate it in any way I'll do anything with it or,abroad,abroad,1.0,0.48347919993102506,727,1.0,0.0,0.0,0.0,0.0,0.0,0.0,0.0,0.0,0.0,0.0,0.0,0.0,0.0
hello can I find out whether I need to do anything to use my card when I'm on holiday in another country,abroad,abroad,1.0,0.44990180013701303,725,1.0,0.0,0.0,0.0,0.0,0.0,0.0,0.0,0.0,0.0,0.0,0.0,0.0,0.0
I just needed to know whether my debit card is going to work when I go travelling I'm going to visit a variety of different countries in Europe and Asia and just want to see is it going to work in B what the chart is going to be,abroad,abroad,1.0,0.5459636999294161,752,1.0,0.0,0.0,0.0,0.0,0.0,0.0,0.0,0.0,0.0,0.0,0.0,0.0,0.0
hello I'm going on holiday next week I was just wondering if my card can be used abroad can I use it with chip and pin or contactless that be great thank you,abroad,abroad,1.0,0.489202400203794,738,1.0,0.0,0.0,0.0,0.0,0.0,0.0,0.0,0.0,0.0,0.0,0.0,0.0,0.0
can I use my card abroad,abroad,abroad,1.0,0.43007530015893203,708,1.0,0.0,0.0,0.0,0.0,0.0,0.0,0.0,0.0,0.0,0.0,0.0,0.0,0.0
hi there I need to use my card abroad is that something I can do,abroad,abroad,1.0,0.42474969988688804,717,1.0,0.0,0.0,0.0,0.0,0.0,0.0,0.0,0.0,0.0,0.0,0.0,0.0,0.0
can I use my card abroad,abroad,abroad,1.0,0.473243599990382,708,1.0,0.0,0.0,0.0,0.0,0.0,0.0,0.0,0.0,0.0,0.0,0.0,0.0,0.0
I leave my car abroad can you buy things in a basic hi yes I'm going out for a few weeks I want to ask you to do anything,abroad,abroad,0.97,0.45860040001571106,732,0.97,0.0,0.0,0.0,0.0,0.0,0.01,0.0,0.0,0.02,0.0,0.0,0.0,0.0
hi there just to confirm and I've got a card here I'm just wondering does it work abroad as well as within the UK on a trip on my family and the last thing I want to get the stuff out there with the current and working no cash on me get back to me I'll be sweet thank you very much,abroad,abroad,1.0,0.421785900136455,767,1.0,0.0,0.0,0.0,0.0,0.0,0.0,0.0,0.0,0.0,0.0,0.0,0.0,0.0
hello I'm going overseas to America on Thursday for 2 weeks and I wanted to know if I could use my card but can you let me know if it's ok or if I need to pay any charges,abroad,abroad,1.0,0.42481510015204504,744,1.0,0.0,0.0,0.0,0.0,0.0,0.0,0.0,0.0,0.0,0.0,0.0,0.0,0.0
but I'm going on holiday abroad and I just want to know if my bank card will work whilst on there,abroad,abroad,1.0,0.503037399845197,724,1.0,0.0,0.0,0.0,0.0,0.0,0.0,0.0,0.0,0.0,0.0,0.0,0.0,0.0
hello I'm just wondering whether my card would work abroad,abroad,abroad,1.0,0.43919220007956006,713,1.0,0.0,0.0,0.0,0.0,0.0,0.0,0.0,0.0,0.0,0.0,0.0,0.0,0.0
hello I'm going on holiday and I want to know if I can use my card abroad in America,abroad,abroad,1.0,0.455384199973195,722,1.0,0.0,0.0,0.0,0.0,0.0,0.0,0.0,0.0,0.0,0.0,0.0,0.0,0.0
hi yes I'm going to see my mother who lives in Spain and I just want to know where the my card which I've got which is linked to my bank account where does that work abroad when I'm in Spain thank you,abroad,abroad,1.0,0.46101490012370006,748,1.0,0.0,0.0,0.0,0.0,0.0,0.0,0.0,0.0,0.0,0.0,0.0,0.0,0.0
I'm going on holiday soon am I able to use my card abroad or anything I need to tell you guys first,abroad,abroad,1.0,0.41860600002110004,725,1.0,0.0,0.0,0.0,0.0,0.0,0.0,0.0,0.0,0.0,0.0,0.0,0.0,0.0
hi hello I'm just calling those wondering about I have and whether I be able to use it abroad or I need a I'm going to America and I just wanted to know if I can use it to pay the stuff while I'm out there thanks,abroad,abroad,1.0,0.5524277000222351,752,1.0,0.0,0.0,0.0,0.0,0.0,0.0,0.0,0.0,0.0,0.0,0.0,0.0,0.0
hi I'm just calling to ask if need my my bank card abroad is it possible to use my bank card in Chile,abroad,abroad,1.0,0.524480800144374,726,1.0,0.0,0.0,0.0,0.0,0.0,0.0,0.0,0.0,0.0,0.0,0.0,0.0,0.0
I'm going to Spain in a few weeks and I was wondering if the card will still work there if I have to change anything,abroad,abroad,1.0,0.44965020008385104,728,1.0,0.0,0.0,0.0,0.0,0.0,0.0,0.0,0.0,0.0,0.0,0.0,0.0,0.0
hello I have I need a card abroad can I pay for things when I'm in Spain yeah I'm going for a few weeks I just need to know where I need to do anything,abroad,abroad,1.0,0.422599499812349,739,1.0,0.0,0.0,0.0,0.0,0.0,0.0,0.0,0.0,0.0,0.0,0.0,0.0,0.0
hi I'm off on holiday and I was wondering if I could use my card while I was away,abroad,abroad,1.0,0.44635799992829506,722,1.0,0.0,0.0,0.0,0.0,0.0,0.0,0.0,0.0,0.0,0.0,0.0,0.0,0.0
oh hi I wonder if you can help me I've got a bank card from this bank but I just need to know if it's actually going to work abroad I'm going abroad next week I need to know if it's going to work in France,abroad,abroad,1.0,0.47643580008298103,752,1.0,0.0,0.0,0.0,0.0,0.0,0.0,0.0,0.0,0.0,0.0,0.0,0.0,0.0
hi can I use my card when I'm on holiday can I use in the shops and the cash machine,abroad,abroad,1.0,0.45274770003743403,723,1.0,0.0,0.0,0.0,0.0,0.0,0.0,0.0,0.0,0.0,0.0,0.0,0.0,0.0
hi can I use my new card for payments abroad,abroad,abroad,1.0,0.534318199846893,712,1.0,0.0,0.0,0.0,0.0,0.0,0.0,0.0,0.0,0.0,0.0,0.0,0.0,0.0
can I pay for things when I'm in America,abroad,abroad,1.0,0.44533349992707305,712,1.0,0.0,0.0,0.0,0.0,0.0,0.0,0.0,0.0,0.0,0.0,0.0,0.0,0.0
I am going abroad just wondering if my car's still work,abroad,abroad,0.88,0.44549879990518004,714,0.89,0.0,0.0,0.0,0.01,0.0,0.09,0.0,0.0,0.01,0.0,0.0,0.0,0.0
use card abroad,abroad,abroad,1.0,0.44466879987157804,705,1.0,0.0,0.0,0.0,0.0,0.0,0.0,0.0,0.0,0.0,0.0,0.0,0.0,0.0
hi I'm going on holiday I want to know my car don't work when I'm abroad,abroad,abroad,0.85,0.421170999994501,721,0.86,0.0,0.0,0.0,0.0,0.0,0.13,0.0,0.0,0.01,0.0,0.0,0.0,0.0
card board can I pay for things when I'm in America wanted to ask I have to do anything,abroad,abroad,0.98,0.43143200012855204,722,0.98,0.0,0.0,0.0,0.0,0.0,0.02,0.0,0.0,0.0,0.0,0.0,0.0,0.0
hi I'm going abroad in the next few weeks and I just wanted to check whether my car has be working I'm going to Thailand thanks,abroad,abroad,0.9400000000000001,0.43886719993315604,730,0.9400000000000001,0.0,0.0,0.0,0.0,0.0,0.06,0.0,0.0,0.0,0.0,0.0,0.0,0.0
I am on holiday next week and I just like to know whether I'm able to use my debit card abroad,abroad,abroad,1.0,0.44025059998966704,724,1.0,0.0,0.0,0.0,0.0,0.0,0.0,0.0,0.0,0.0,0.0,0.0,0.0,0.0
hello I'm planning on going to Europe and I'm wondering if my car or work abroad I need two different car service thank you,abroad,abroad,0.97,0.44769880012609004,728,0.97,0.0,0.0,0.0,0.0,0.0,0.03,0.0,0.0,0.0,0.0,0.0,0.0,0.0
hello I would like to use my new credit card abroad,abroad,abroad,1.0,0.425587000092491,713,1.0,0.0,0.0,0.0,0.0,0.0,0.0,0.0,0.0,0.0,0.0,0.0,0.0,0.0
I need to use my card abroad am I able to pay for things when I'm in America,abroad,abroad,1.0,0.42960649984888705,721,1.0,0.0,0.0,0.0,0.0,0.0,0.0,0.0,0.0,0.0,0.0,0.0,0.0,0.0
and wondering if I can use my bank card abroad because I'm taking my holiday thank you,abroad,abroad,1.0,0.501360499998554,720,1.0,0.0,0.0,0.0,0.0,0.0,0.0,0.0,0.0,0.0,0.0,0.0,0.0,0.0
hello I'm want to know if my visa card America the purchases on let me know the next two weeks from 50 February 2021 and stayed for two weeks and I just checked with you,abroad,latest_transactions,0.6000000000000001,0.44164320011623204,744,0.35000000000000003,0.0,0.0,0.0,0.0,0.0,0.0,0.0,0.0,0.02,0.0,0.0,0.63,0.0
how can I set up a joint account,joint_account,joint_account,1.0,0.43768749991431805,710,0.0,0.0,0.0,0.0,0.0,0.0,0.0,0.0,0.0,0.0,0.0,1.0,0.0,0.0
how do I set up a joint account with my partner,joint_account,joint_account,1.0,0.41552729997783905,713,0.0,0.0,0.0,0.0,0.0,0.0,0.0,0.0,0.0,0.0,0.0,1.0,0.0,0.0
hi I want to set up a joint account with my partner and not sure how to do this she could let me know,joint_account,joint_account,1.0,0.425770499976351,726,0.0,0.0,0.0,0.0,0.0,0.0,0.0,0.0,0.0,0.0,0.0,1.0,0.0,0.0
how do I set up a joint account with my partner,joint_account,joint_account,1.0,0.508714399999007,713,0.0,0.0,0.0,0.0,0.0,0.0,0.0,0.0,0.0,0.0,0.0,1.0,0.0,0.0
I'd like to have set off a joint account,joint_account,joint_account,1.0,0.45321339997462906,712,0.0,0.0,0.0,0.0,0.0,0.0,0.0,0.0,0.0,0.0,0.0,1.0,0.0,0.0
I would like to start a joint account,joint_account,joint_account,1.0,0.440636799903586,710,0.0,0.0,0.0,0.0,0.0,0.0,0.0,0.0,0.0,0.0,0.0,1.0,0.0,0.0
can you help me set up a joint account,joint_account,joint_account,1.0,0.457390499999746,711,0.0,0.0,0.0,0.0,0.0,0.0,0.0,0.0,0.0,0.0,0.0,1.0,0.0,0.0
hi there I'm looking to open a joint account and I was just wondering how about that,joint_account,joint_account,1.0,0.43765420001000105,720,0.0,0.0,0.0,0.0,0.0,0.0,0.0,0.0,0.0,0.0,0.0,1.0,0.0,0.0
how do I set up a joint account and can I do it on my app or do I have to come in and do it in person,joint_account,joint_account,1.0,0.470716900192201,730,0.0,0.0,0.0,0.0,0.0,0.0,0.0,0.0,0.0,0.0,0.0,1.0,0.0,0.0
hello can I set up a joint account with my mum thanks,joint_account,joint_account,1.0,0.44542740005999804,714,0.0,0.0,0.0,0.0,0.0,0.0,0.0,0.0,0.0,0.0,0.0,1.0,0.0,0.0
hi can someone help me please I'm just wondering how do I set up a joint account with my husband I want us to be able to access your money thank you,joint_account,joint_account,1.0,0.434373500058427,735,0.0,0.0,0.0,0.0,0.0,0.0,0.0,0.0,0.0,0.0,0.0,1.0,0.0,0.0
alone I'm wondering how I can me and my partner where on the app would I find the option,joint_account,joint_account,0.9400000000000001,0.44876680010929704,722,0.0,0.0,0.06,0.0,0.0,0.0,0.0,0.0,0.0,0.0,0.0,0.9400000000000001,0.0,0.0
how do I set up a joint account,joint_account,joint_account,1.0,0.471478799823671,710,0.0,0.0,0.0,0.0,0.0,0.0,0.0,0.0,0.0,0.0,0.0,1.0,0.0,0.0
how do I set up a joint account with my partner,joint_account,joint_account,1.0,0.48397250007838005,713,0.0,0.0,0.0,0.0,0.0,0.0,0.0,0.0,0.0,0.0,0.0,1.0,0.0,0.0
I'd like to set up a joint account please,joint_account,joint_account,1.0,0.46910739992745204,712,0.0,0.0,0.0,0.0,0.0,0.0,0.0,0.0,0.0,0.0,0.0,1.0,0.0,0.0
I'm looking for a joint account with my partner and looking for more details on how to do this and the benefits from it,joint_account,joint_account,1.0,0.457440899917855,727,0.0,0.0,0.0,0.0,0.0,0.0,0.0,0.0,0.0,0.0,0.0,1.0,0.0,0.0
set up a joint account how do I set up a joint account,joint_account,joint_account,1.0,0.45490620005875804,715,0.0,0.0,0.0,0.0,0.0,0.0,0.0,0.0,0.0,0.0,0.0,1.0,0.0,0.0
hi I'd like to set up a joint account for me and my partner please,joint_account,joint_account,1.0,0.42620320012792906,718,0.0,0.0,0.0,0.0,0.0,0.0,0.0,0.0,0.0,0.0,0.0,1.0,0.0,0.0
how do I set up a joint account,joint_account,joint_account,1.0,0.474398100050166,710,0.0,0.0,0.0,0.0,0.0,0.0,0.0,0.0,0.0,0.0,0.0,1.0,0.0,0.0
set up joint account,joint_account,joint_account,1.0,0.505149699980393,706,0.0,0.0,0.0,0.0,0.0,0.0,0.0,0.0,0.0,0.0,0.0,1.0,0.0,0.0
I give me help me I want to create a joint account,joint_account,joint_account,1.0,0.46331140003167004,714,0.0,0.0,0.0,0.0,0.0,0.0,0.0,0.0,0.0,0.0,0.0,1.0,0.0,0.0
I want an account for me and my husband,joint_account,joint_account,1.0,0.472848800010979,711,0.0,0.0,0.0,0.0,0.0,0.0,0.0,0.0,0.0,0.0,0.0,1.0,0.0,0.0
I want to set up a joint account with my partner,joint_account,joint_account,1.0,0.42693950003013004,713,0.0,0.0,0.0,0.0,0.0,0.0,0.0,0.0,0.0,0.0,0.0,1.0,0.0,0.0
I'd like to set up a joint bank account,joint_account,joint_account,1.0,0.49677779991179705,712,0.0,0.0,0.0,0.0,0.0,0.0,0.0,0.0,0.0,0.0,0.0,1.0,0.0,0.0
I want to open a bank account with my partner's so how can I do so how can I open a joint account,joint_account,joint_account,1.0,0.44338499987497904,726,0.0,0.0,0.0,0.0,0.0,0.0,0.0,0.0,0.0,0.0,0.0,1.0,0.0,0.0
I'd like to set up a joint account,joint_account,joint_account,1.0,0.45039390004239904,711,0.0,0.0,0.0,0.0,0.0,0.0,0.0,0.0,0.0,0.0,0.0,1.0,0.0,0.0
can I set up a joint account with my partner please,joint_account,joint_account,1.0,0.46195859997533206,713,0.0,0.0,0.0,0.0,0.0,0.0,0.0,0.0,0.0,0.0,0.0,1.0,0.0,0.0
hello I'd like to open a joint account with my new partner and I was wondering if you could give me any instruction on how I could do that,joint_account,joint_account,1.0,0.40649030008353204,732,0.0,0.0,0.0,0.0,0.0,0.0,0.0,0.0,0.0,0.0,0.0,1.0,0.0,0.0
I want to set up a joint account how,joint_account,joint_account,1.0,0.42408649995923003,711,0.0,0.0,0.0,0.0,0.0,0.0,0.0,0.0,0.0,0.0,0.0,1.0,0.0,0.0
hi there I was just calling regards to setting up a joint account and just wondering how they would do that if I come into the store or if I could do that on the app trying to get that for me thank you,joint_account,joint_account,1.0,0.45143420016393004,746,0.0,0.0,0.0,0.0,0.0,0.0,0.0,0.0,0.0,0.0,0.0,1.0,0.0,0.0
how do I set up a joint account,joint_account,joint_account,1.0,0.442934500053524,710,0.0,0.0,0.0,0.0,0.0,0.0,0.0,0.0,0.0,0.0,0.0,1.0,0.0,0.0
how can I set up a joint account to me and my husband,joint_account,joint_account,1.0,0.46742889983579505,715,0.0,0.0,0.0,0.0,0.0,0.0,0.0,0.0,0.0,0.0,0.0,1.0,0.0,0.0
I'd like to set up a new bank accounts like it's a joint account so it would be for me and my partner thanks bye,joint_account,joint_account,1.0,0.48044529999606306,729,0.0,0.0,0.0,0.0,0.0,0.0,0.0,0.0,0.0,0.0,0.0,1.0,0.0,0.0
I had a council flat while with you guys are now like to set up a separate joint account my partner can you help me dinner or can I go on the app,joint_account,joint_account,1.0,0.42426229990087405,735,0.0,0.0,0.0,0.0,0.0,0.0,0.0,0.0,0.0,0.0,0.0,1.0,0.0,0.0
please can I have more information about setting up a joint account with my partner,joint_account,joint_account,1.0,0.447829100070521,717,0.0,0.0,0.0,0.0,0.0,0.0,0.0,0.0,0.0,0.0,0.0,1.0,0.0,0.0
I'm looking to set up a joint account for me and my partner,joint_account,joint_account,1.0,0.49696910008788103,716,0.0,0.0,0.0,0.0,0.0,0.0,0.0,0.0,0.0,0.0,0.0,1.0,0.0,0.0
how do I say go about setting up a joint account personal one and the parcel want I have not a person to separate account we we start fuses,joint_account,joint_account,0.99,0.443151300074532,732,0.0,0.0,0.0,0.0,0.0,0.0,0.0,0.0,0.0,0.01,0.0,0.99,0.0,0.0
I would like to set up a joint account how do I do this can I have an account with my partner as a joint account and where in the app will I be able to find the joint account option,joint_account,joint_account,1.0,0.459438600111752,743,0.0,0.0,0.0,0.0,0.0,0.0,0.0,0.0,0.0,0.0,0.0,1.0,0.0,0.0
I like to know what my current balance is,balance,balance,1.0,0.43345030001364604,711,0.0,0.0,0.0,0.0,1.0,0.0,0.0,0.0,0.0,0.0,0.0,0.0,0.0,0.0
show me my account balance,balance,balance,1.0,0.43157640006393105,707,0.0,0.0,0.0,0.0,1.0,0.0,0.0,0.0,0.0,0.0,0.0,0.0,0.0,0.0
could you let me know what my account balance is please,balance,balance,1.0,0.43656919989734805,713,0.0,0.0,0.0,0.0,1.0,0.0,0.0,0.0,0.0,0.0,0.0,0.0,0.0,0.0
how much money do I have in my account,balance,balance,1.0,0.43393149995245,711,0.0,0.0,0.0,0.0,1.0,0.0,0.0,0.0,0.0,0.0,0.0,0.0,0.0,0.0
hi I'd like to make an enquiry about my account balance please,balance,balance,1.0,0.46954399999231106,715,0.0,0.0,0.0,0.0,1.0,0.0,0.0,0.0,0.0,0.0,0.0,0.0,0.0,0.0
please can you tell me my account balance,balance,balance,1.0,0.47979489993304003,710,0.0,0.0,0.0,0.0,1.0,0.0,0.0,0.0,0.0,0.0,0.0,0.0,0.0,0.0
water check my account balance,balance,balance,1.0,0.43030119989998605,707,0.0,0.0,0.0,0.0,1.0,0.0,0.0,0.0,0.0,0.0,0.0,0.0,0.0,0.0
hi I'm calling I'd like to find out what my bank balance is now,balance,balance,1.0,0.45384590001776803,718,0.0,0.0,0.0,0.0,1.0,0.0,0.0,0.0,0.0,0.0,0.0,0.0,0.0,0.0
could you tell me my account balance please,balance,balance,1.0,0.44484889996238003,710,0.0,0.0,0.0,0.0,1.0,0.0,0.0,0.0,0.0,0.0,0.0,0.0,0.0,0.0
what is my current account balance,balance,balance,1.0,0.43485060008242704,708,0.0,0.0,0.0,0.0,1.0,0.0,0.0,0.0,0.0,0.0,0.0,0.0,0.0,0.0
I please show me my current balance on my current account thank you,balance,balance,1.0,0.43820480001159,715,0.0,0.0,0.0,0.0,1.0,0.0,0.0,0.0,0.0,0.0,0.0,0.0,0.0,0.0
what is my account balance,balance,balance,1.0,0.466715099988505,707,0.0,0.0,0.0,0.0,1.0,0.0,0.0,0.0,0.0,0.0,0.0,0.0,0.0,0.0
yes the local ATM machine where I get my balance from isn't working at the moment so is it possible you can give me my balance but as we speak thank you very much it's the current account that I'm interested in please,balance,balance,1.0,0.447644700063392,748,0.0,0.0,0.0,0.0,1.0,0.0,0.0,0.0,0.0,0.0,0.0,0.0,0.0,0.0
what's my current account balance,balance,balance,1.0,0.47558219986967704,708,0.0,0.0,0.0,0.0,1.0,0.0,0.0,0.0,0.0,0.0,0.0,0.0,0.0,0.0
show me my current account balance,balance,balance,1.0,0.45480459998361705,708,0.0,0.0,0.0,0.0,1.0,0.0,0.0,0.0,0.0,0.0,0.0,0.0,0.0,0.0
hi I just need to check my account balance please,balance,balance,1.0,0.43864910001866503,712,0.0,0.0,0.0,0.0,1.0,0.0,0.0,0.0,0.0,0.0,0.0,0.0,0.0,0.0
please show me my account balance,balance,balance,1.0,0.418670299928635,708,0.0,0.0,0.0,0.0,1.0,0.0,0.0,0.0,0.0,0.0,0.0,0.0,0.0,0.0
I was wondering if you could tell me the account,balance,balance,0.77,0.46126969996839706,712,0.0,0.02,0.01,0.0,0.79,0.0,0.0,0.0,0.0,0.0,0.0,0.1,0.08,0.0
hello I'm just calling to ask you if I could check my account balance please and was wondering what my current account balance is,balance,balance,1.0,0.46837959997355905,727,0.0,0.0,0.0,0.0,1.0,0.0,0.0,0.0,0.0,0.0,0.0,0.0,0.0,0.0
is closing my account balance thank you,balance,balance,0.96,0.48086920008063305,709,0.0,0.0,0.0,0.0,0.96,0.0,0.0,0.0,0.0,0.04,0.0,0.0,0.0,0.0
hello I would like to know what the balance of my account is so how much money have I got left in what's available to spend today,balance,balance,1.0,0.49968380015343405,730,0.0,0.0,0.0,0.0,1.0,0.0,0.0,0.0,0.0,0.0,0.0,0.0,0.0,0.0
show me current account balance,balance,balance,1.0,0.444602800067514,707,0.0,0.0,0.0,0.0,1.0,0.0,0.0,0.0,0.0,0.0,0.0,0.0,0.0,0.0
hello I like to check what my current account balance is at the moment and what's the balances of my savings account,balance,balance,1.0,0.47368170018307804,725,0.0,0.0,0.0,0.0,1.0,0.0,0.0,0.0,0.0,0.0,0.0,0.0,0.0,0.0
what is my current account balance,balance,balance,1.0,0.506119400030002,708,0.0,0.0,0.0,0.0,1.0,0.0,0.0,0.0,0.0,0.0,0.0,0.0,0.0,0.0
what is my current account balance,balance,balance,1.0,0.422132299980148,708,0.0,0.0,0.0,0.0,1.0,0.0,0.0,0.0,0.0,0.0,0.0,0.0,0.0,0.0
hi I'm just wondering if you can please I'm just trying to find out my account but not sure at the moment,balance,balance,0.7000000000000001,0.488676199922338,726,0.0,0.01,0.19,0.0,0.72,0.0,0.01,0.0,0.0,0.01,0.0,0.02,0.04,0.0
show me my account balance,balance,balance,1.0,0.416885700076818,707,0.0,0.0,0.0,0.0,1.0,0.0,0.0,0.0,0.0,0.0,0.0,0.0,0.0,0.0
show me my account balance,balance,balance,1.0,0.59286729991436,707,0.0,0.0,0.0,0.0,1.0,0.0,0.0,0.0,0.0,0.0,0.0,0.0,0.0,0.0
can you tell me what's my current account please,balance,balance,0.96,0.412109300028532,712,0.0,0.0,0.0,0.0,0.96,0.0,0.0,0.0,0.0,0.0,0.0,0.01,0.03,0.0
what is my account balance,balance,balance,1.0,0.42739590001292505,707,0.0,0.0,0.0,0.0,1.0,0.0,0.0,0.0,0.0,0.0,0.0,0.0,0.0,0.0
hi I need to find the balance in my account please,balance,balance,1.0,0.437831399962306,713,0.0,0.0,0.0,0.0,1.0,0.0,0.0,0.0,0.0,0.0,0.0,0.0,0.0,0.0
I know this is wondering just going to find out my account bump just needed to know my current account balances and if you could let me know or show me how I can find out what that is,balance,balance,1.0,0.42975709983147603,741,0.0,0.0,0.0,0.0,1.0,0.0,0.0,0.0,0.0,0.0,0.0,0.0,0.0,0.0
what is my current account balance,balance,balance,1.0,0.427809200016781,708,0.0,0.0,0.0,0.0,1.0,0.0,0.0,0.0,0.0,0.0,0.0,0.0,0.0,0.0
I am wanting to know what my account balances please will you show me my current account darling I want to know what the money is in my account so I can see my account balance,balance,balance,1.0,0.436149399960413,738,0.0,0.0,0.0,0.0,1.0,0.0,0.0,0.0,0.0,0.0,0.0,0.0,0.0,0.0
what's my account balance please,balance,balance,1.0,0.43183310003951103,708,0.0,0.0,0.0,0.0,1.0,0.0,0.0,0.0,0.0,0.0,0.0,0.0,0.0,0.0
account balance,balance,balance,1.0,0.44263550010509706,704,0.0,0.0,0.0,0.0,1.0,0.0,0.0,0.0,0.0,0.0,0.0,0.0,0.0,0.0
hi could you please show me my current account balance,balance,balance,1.0,0.566921799909323,712,0.0,0.0,0.0,0.0,1.0,0.0,0.0,0.0,0.0,0.0,0.0,0.0,0.0,0.0
hi how you doing I just need to know my account balance is today and see if I've got any transactions pending thank you,balance,balance,0.99,0.47614850010722803,727,0.0,0.0,0.0,0.0,0.99,0.0,0.0,0.0,0.0,0.0,0.0,0.0,0.01,0.0
please show me my account balance,balance,balance,1.0,0.45309969992376803,708,0.0,0.0,0.0,0.0,1.0,0.0,0.0,0.0,0.0,0.0,0.0,0.0,0.0,0.0
hello please can you tell me my account balance,balance,balance,1.0,0.514437899924814,711,0.0,0.0,0.0,0.0,1.0,0.0,0.0,0.0,0.0,0.0,0.0,0.0,0.0,0.0
hello I wonder if you can help me I'm after my current balance of my current account could you possibly let me know thank you,balance,balance,1.0,0.475219399901106,728,0.0,0.0,0.0,0.0,1.0,0.0,0.0,0.0,0.0,0.0,0.0,0.0,0.0,0.0
what is my account balance,balance,balance,1.0,0.502874899888411,707,0.0,0.0,0.0,0.0,1.0,0.0,0.0,0.0,0.0,0.0,0.0,0.0,0.0,0.0
my bank card doesn't seem to be working I can't pay for anything using that,card_issues,card_issues,1.0,0.41068149986676805,719,0.0,0.0,0.0,0.0,0.0,0.0,1.0,0.0,0.0,0.0,0.0,0.0,0.0,0.0
hi there I'm having troubles in my card it doesn't seem to you working can you help,card_issues,card_issues,1.0,0.5103711001574991,721,0.0,0.0,0.0,0.0,0.0,0.0,1.0,0.0,0.0,0.0,0.0,0.0,0.0,0.0
I tried to use my bank card in a shop and my card was declined,card_issues,card_issues,1.0,0.46350509999319905,717,0.0,0.0,0.0,0.0,0.0,0.0,1.0,0.0,0.0,0.0,0.0,0.0,0.0,0.0
hi I'm just wondering if you're happy with my bank card please my cash but it's not working,card_issues,card_issues,1.0,0.468664099927991,723,0.0,0.0,0.0,0.0,0.0,0.0,1.0,0.0,0.0,0.0,0.0,0.0,0.0,0.0
I can't use my card unfortunately like I've tried paying so many times and it just doesn't go through the can't machine just accept my card keep saying declined I just don't understand why could you please help me,card_issues,card_issues,1.0,0.394602000014856,746,0.0,0.0,0.0,0.0,0.0,0.0,1.0,0.0,0.0,0.0,0.0,0.0,0.0,0.0
hi I'm how do you need to make a payment on my card and it says declined,card_issues,card_issues,0.99,0.457231800071895,720,0.0,0.0,0.0,0.0,0.0,0.0,0.99,0.0,0.0,0.0,0.0,0.0,0.0,0.01
my car doesn't do to work in there do you know why that might be,card_issues,app_error,0.29,0.438358000013977,718,0.09,0.02,0.339999999999999,0.01,0.03,0.01,0.34,0.01,0.08,0.02,0.01,0.0,0.02,0.02
my car doesn't seem to work would you be able to help you sort this,card_issues,card_issues,0.44,0.432554300175979,718,0.01,0.0,0.43,0.0,0.01,0.0,0.48,0.0,0.02,0.01,0.01,0.0,0.0,0.03
hello I was ordering something on Amazon but my card declined and literally Trinity it does not work at all even for other apps such as like Ebay or any any any transactions I was wondering if you can look into this matter for me,card_issues,card_issues,1.0,0.45428669988177706,747,0.0,0.0,0.0,0.0,0.0,0.0,1.0,0.0,0.0,0.0,0.0,0.0,0.0,0.0
hi my car doesn't seem to be working,card_issues,card_issues,0.4,0.464331799885258,711,0.01,0.0,0.41000000000000003,0.0,0.03,0.03,0.44,0.0,0.01,0.01,0.01,0.0,0.01,0.04
hi I'm trying to use my card in the shop and it won't work,card_issues,card_issues,1.0,0.412536600138992,718,0.0,0.0,0.0,0.0,0.0,0.0,1.0,0.0,0.0,0.0,0.0,0.0,0.0,0.0
hi I'm just calling coz my card was declined in a supermarket this morning can you tell me why why my payment declined,card_issues,card_issues,1.0,0.42706429981626504,726,0.0,0.0,0.0,0.0,0.0,0.0,1.0,0.0,0.0,0.0,0.0,0.0,0.0,0.0
hello my card was declined can you help me,card_issues,card_issues,1.0,0.406091800192371,711,0.0,0.0,0.0,0.0,0.0,0.0,1.0,0.0,0.0,0.0,0.0,0.0,0.0,0.0
hi cards not working in ATM,card_issues,card_issues,1.0,0.44805110013112404,708,0.0,0.0,0.0,0.0,0.0,0.0,1.0,0.0,0.0,0.0,0.0,0.0,0.0,0.0
can you help me with my card,card_issues,card_issues,1.0,0.45206749998033,709,0.0,0.0,0.0,0.0,0.0,0.0,1.0,0.0,0.0,0.0,0.0,0.0,0.0,0.0
I was declined a payment on my card can you help please,card_issues,card_issues,1.0,0.41719319997355303,714,0.0,0.0,0.0,0.0,0.0,0.0,1.0,0.0,0.0,0.0,0.0,0.0,0.0,0.0
just wondering my card has been declined with not give me any reason why I like can you shed some light on,card_issues,card_issues,1.0,0.46219190000556404,724,0.0,0.0,0.0,0.0,0.0,0.0,1.0,0.0,0.0,0.0,0.0,0.0,0.0,0.0
I need help with my heart it's not allowing me to use it and supermarket when I'm trying to pay it doesn't work I don't understand why my payment card has been declined as I have money in my account please can you help with my card,card_issues,card_issues,0.99,0.432956499978899,753,0.0,0.0,0.0,0.0,0.0,0.0,0.99,0.0,0.0,0.01,0.0,0.0,0.0,0.0
hi what you can help me please I can't issue with my car I'm trying to use that and it's just not letting me money out the car I don't know if there's a problem with check on what issue is he called me I'm not a problem I would really like some company,card_issues,card_issues,0.49,0.43119279993698,762,0.01,0.0,0.03,0.4,0.0,0.0,0.53,0.0,0.0,0.02,0.0,0.0,0.0,0.0
hello I'm ringing because I have an issue with my bank card whenever I try to use it in a shop it just says it's declined but the is plenty of money in there I wondered if you could help me,card_issues,card_issues,1.0,0.436501699965447,745,0.0,0.0,0.0,0.0,0.0,0.0,1.0,0.0,0.0,0.0,0.0,0.0,0.0,0.0
my car doesn't seem to be working,card_issues,card_issues,0.42,0.463805200066417,710,0.03,0.0,0.41000000000000003,0.0,0.02,0.01,0.46,0.0,0.01,0.01,0.01,0.0,0.0,0.04
can you help me with my car I can't use it it doesn't work,card_issues,card_issues,0.62,0.46328120003454304,718,0.0,0.0,0.27,0.0,0.01,0.02,0.65,0.0,0.0,0.01,0.0,0.0,0.0,0.04
hi there I'd like to know why my card doesn't work it doesn't work in either an ATM or a payment point and I'm unable to use it pay for things can you help me fix this issue or replace my car for me please,card_issues,card_issues,1.0,0.42888780008070104,751,0.0,0.0,0.0,0.0,0.0,0.0,1.0,0.0,0.0,0.0,0.0,0.0,0.0,0.0
oh hello there I wonder if you can help me I've been using my Coventry in my car but it's been declined can you let me know why,card_issues,card_issues,1.0,0.45679940003901703,734,0.0,0.0,0.0,0.0,0.0,0.0,1.0,0.0,0.0,0.0,0.0,0.0,0.0,0.0
hi I've recently been sent a new bank card for my account I've tried to use his card and it's not letting me pay for anything I tried to pay for things in the shops and it just keeps getting too kind wondering if so I might be able to help because there is money in there I'm not too sure why,card_issues,card_issues,1.0,0.44879809999838405,768,0.0,0.0,0.0,0.0,0.0,0.0,1.0,0.0,0.0,0.0,0.0,0.0,0.0,0.0
my card is not working,card_issues,card_issues,1.0,0.418825499946251,707,0.0,0.0,0.0,0.0,0.0,0.0,1.0,0.0,0.0,0.0,0.0,0.0,0.0,0.0
I'm having an issue with my card it does not work and won't pay for thing,card_issues,card_issues,1.0,0.44734019995667,720,0.0,0.0,0.0,0.0,0.0,0.0,1.0,0.0,0.0,0.0,0.0,0.0,0.0,0.0
if my car's not working at the minute I have tried it and the payments declining it's not it's not going through,card_issues,card_issues,0.73,0.41416210005991105,727,0.0,0.0,0.01,0.0,0.0,0.0,0.75,0.0,0.14,0.0,0.02,0.0,0.01,0.07
hello I seem to be having a problem making payments with my bank card I don't know what the problem is would you like to know,card_issues,card_issues,1.0,0.429867699975147,729,0.0,0.0,0.0,0.0,0.0,0.0,1.0,0.0,0.0,0.0,0.0,0.0,0.0,0.0
can you help me with my card my payment was declined,card_issues,card_issues,1.0,0.44264420005492805,713,0.0,0.0,0.0,0.0,0.0,0.0,1.0,0.0,0.0,0.0,0.0,0.0,0.0,0.0
how can I speak to someone about a card not working,card_issues,card_issues,1.0,0.43090060004033104,713,0.0,0.0,0.0,0.0,0.0,0.0,1.0,0.0,0.0,0.0,0.0,0.0,0.0,0.0
my debit card won't work there is money in my account,card_issues,card_issues,1.0,0.43260019994340804,714,0.0,0.0,0.0,0.0,0.0,0.0,1.0,0.0,0.0,0.0,0.0,0.0,0.0,0.0
I'm looking for some help I've just had in your bank card but when I went to use it and it doesn't do to register and if you have been declined can you help please,card_issues,card_issues,0.99,0.45375690003857005,740,0.0,0.0,0.01,0.0,0.0,0.0,0.99,0.0,0.0,0.0,0.0,0.0,0.0,0.0
hi yes I've just been to the local shop to buy something and when I presented my card it wouldn't work but payment was declined it's just not working at all so I wonder whether you can sort the matter out for me please,card_issues,card_issues,1.0,0.438296600012108,749,0.0,0.0,0.0,0.0,0.0,0.0,1.0,0.0,0.0,0.0,0.0,0.0,0.0,0.0
why is my card not working,card_issues,card_issues,1.0,0.42972670006565705,708,0.0,0.0,0.0,0.0,0.0,0.0,1.0,0.0,0.0,0.0,0.0,0.0,0.0,0.0
hi I was wondering if you can help me I've been trying to use my card and it won't pay,card_issues,card_issues,1.0,0.416148199932649,724,0.0,0.0,0.0,0.0,0.0,0.0,1.0,0.0,0.0,0.0,0.0,0.0,0.0,0.0
I Disney help me I'm trying to pay with my card on my card not working,card_issues,card_issues,1.0,0.44437139993533403,719,0.0,0.0,0.0,0.0,0.0,0.0,1.0,0.0,0.0,0.0,0.0,0.0,0.0,0.0
hi yeah what is I've just been out the my card declined and I know I know about the money in now but the card keeps declining I'm wondering if you can help me,card_issues,card_issues,1.0,0.46038700011558803,738,0.0,0.0,0.0,0.0,0.0,0.0,1.0,0.0,0.0,0.0,0.0,0.0,0.0,0.0
I've got cars with you when it's not working it's not letting me pay even though I've got enough money in my account,card_issues,card_issues,0.91,0.404878000030294,729,0.0,0.0,0.05,0.0,0.0,0.0,0.92,0.0,0.0,0.01,0.0,0.0,0.0,0.02
hi I'm just confirming my card not working but I tried to use it and not getting any money out I'm not sure why so I just wondered if you could look into what happened,card_issues,card_issues,1.0,0.42822720017284105,739,0.0,0.0,0.0,0.0,0.0,0.0,1.0,0.0,0.0,0.0,0.0,0.0,0.0,0.0
my card isn't working it's not letting me take any money out,card_issues,card_issues,0.99,0.40326090017333605,716,0.0,0.0,0.0,0.01,0.0,0.0,0.99,0.0,0.0,0.0,0.0,0.0,0.0,0.0
hello my bank card is not working and it won't take payment,card_issues,card_issues,1.0,0.42979590012691904,715,0.0,0.0,0.0,0.0,0.0,0.0,1.0,0.0,0.0,0.0,0.0,0.0,0.0,0.0
hi yeah I'm just trying to make transaction using my debit card I know there's something you can put it was declined twice and I didn't they do it again so be nice to know what the problem is,card_issues,card_issues,1.0,0.422203799942508,744,0.0,0.0,0.0,0.0,0.0,0.0,1.0,0.0,0.0,0.0,0.0,0.0,0.0,0.0
my car is no longer working or refuses to give me any money,card_issues,card_issues,0.67,0.46306150010786906,715,0.01,0.0,0.04,0.2,0.02,0.0,0.6900000000000001,0.01,0.0,0.01,0.01,0.0,0.0,0.0
business phone,business_loan,address,0.9,0.45183809986338,704,0.0,0.91,0.0,0.0,0.0,0.09,0.0,0.0,0.0,0.0,0.0,0.0,0.0,0.0
I'm calling to enquire about a new business loan but I would like to take out,business_loan,business_loan,1.0,0.508832399966195,720,0.0,0.0,0.0,0.0,0.0,1.0,0.0,0.0,0.0,0.0,0.0,0.0,0.0,0.0
I have a question about setting up a new business loan,business_loan,business_loan,1.0,0.43921920005232,713,0.0,0.0,0.0,0.0,0.0,1.0,0.0,0.0,0.0,0.0,0.0,0.0,0.0,0.0
just wondering if you can give me a lay down and protocol on hire bikes I go to acquire a new business start-up in the past couple of weeks and I would like to go further plan whatever you need,business_loan,business_loan,1.0,0.500839399872347,743,0.0,0.0,0.0,0.0,0.0,1.0,0.0,0.0,0.0,0.0,0.0,0.0,0.0,0.0
hi there I was just calling about a businessman and a wedding what I need to do together new loan out with you guys more cars thank you very much,business_loan,business_loan,0.99,0.505812499905005,732,0.0,0.0,0.0,0.0,0.0,0.99,0.0,0.0,0.0,0.0,0.0,0.01,0.0,0.0
hi I'm calling about my existing business line with your firm my little some details about the payment plan and I have interest in a new business loan if that's ok,business_loan,business_loan,1.0,0.51731860009022,735,0.0,0.0,0.0,0.0,0.0,1.0,0.0,0.0,0.0,0.0,0.0,0.0,0.0,0.0
I am ringing about a previous phone and I'll I can look into a new loan for a business loan business idea that I've got thank you,business_loan,business_loan,1.0,0.46748990006744806,731,0.0,0.0,0.0,0.0,0.0,1.0,0.0,0.0,0.0,0.0,0.0,0.0,0.0,0.0
hi I've just been calling about a new business loan and I was wondering if you could help,business_loan,business_loan,1.0,0.501468200003728,721,0.0,0.0,0.0,0.0,0.0,1.0,0.0,0.0,0.0,0.0,0.0,0.0,0.0,0.0
new business loan,business_loan,business_loan,1.0,0.545940799871459,705,0.0,0.0,0.0,0.0,0.0,1.0,0.0,0.0,0.0,0.0,0.0,0.0,0.0,0.0
new loan,business_loan,business_loan,1.0,0.41028649988584204,704,0.0,0.0,0.0,0.0,0.0,1.0,0.0,0.0,0.0,0.0,0.0,0.0,0.0,0.0
I'm calling about a business loan,business_loan,business_loan,1.0,0.45496220001950805,709,0.0,0.0,0.0,0.0,0.0,1.0,0.0,0.0,0.0,0.0,0.0,0.0,0.0,0.0
I would like to request a new business loan,business_loan,business_loan,1.0,0.402028499869629,711,0.0,0.0,0.0,0.0,0.0,1.0,0.0,0.0,0.0,0.0,0.0,0.0,0.0,0.0
hi I'm calling about setting up a new business loan please,business_loan,business_loan,1.0,0.44728179997764506,714,0.0,0.0,0.0,0.0,0.0,1.0,0.0,0.0,0.0,0.0,0.0,0.0,0.0,0.0
hi yeah I wonder if you can help I'd like to discuss taking a loan out against the business account can you help me on this,business_loan,business_loan,1.0,0.45890269987285104,729,0.0,0.0,0.0,0.0,0.0,1.0,0.0,0.0,0.0,0.0,0.0,0.0,0.0,0.0
hi how do I set up a business loan bank,business_loan,business_loan,1.0,0.45049600000493206,712,0.0,0.0,0.0,0.0,0.0,1.0,0.0,0.0,0.0,0.0,0.0,0.0,0.0,0.0
hello I'd like to enquire about starting a new business loan please,business_loan,business_loan,1.0,0.49771220004186006,716,0.0,0.0,0.0,0.0,0.0,1.0,0.0,0.0,0.0,0.0,0.0,0.0,0.0,0.0
I am calling about the buying for a new business plan,business_loan,business_loan,0.99,0.42118860012851606,713,0.0,0.0,0.0,0.0,0.0,0.99,0.0,0.0,0.0,0.0,0.01,0.0,0.0,0.0
I have a question about business loan,business_loan,business_loan,1.0,0.422950000036507,709,0.0,0.0,0.0,0.0,0.0,1.0,0.0,0.0,0.0,0.0,0.0,0.0,0.0,0.0
I'm calling up taking out a new business loan,business_loan,business_loan,1.0,0.508584399940446,712,0.0,0.0,0.0,0.0,0.0,1.0,0.0,0.0,0.0,0.0,0.0,0.0,0.0,0.0
hello I'd like to enquire about a new business phone it's for an existing business,business_loan,address,0.72,0.431302699958905,720,0.0,0.74,0.0,0.0,0.0,0.22,0.03,0.0,0.0,0.0,0.0,0.01,0.0,0.0
I'm calling about a business loan to help fund my business,business_loan,business_loan,1.0,0.439183600014075,714,0.0,0.0,0.0,0.0,0.0,1.0,0.0,0.0,0.0,0.0,0.0,0.0,0.0,0.0
I'm calling for more information on the business loan,business_loan,business_loan,1.0,0.44275359995663105,712,0.0,0.0,0.0,0.0,0.0,1.0,0.0,0.0,0.0,0.0,0.0,0.0,0.0,0.0
good afternoon I'm calling this regards to taking out a business phone please,business_loan,address,0.78,0.421794800087809,716,0.0,0.8,0.0,0.0,0.0,0.2,0.0,0.0,0.0,0.0,0.0,0.0,0.0,0.0
I'd like to apply for a new business loan,business_loan,business_loan,1.0,0.553304100176319,712,0.0,0.0,0.0,0.0,0.0,1.0,0.0,0.0,0.0,0.0,0.0,0.0,0.0,0.0
I'd like to get some information about business loan,business_loan,business_loan,1.0,0.43049710011109704,712,0.0,0.0,0.0,0.0,0.0,1.0,0.0,0.0,0.0,0.0,0.0,0.0,0.0,0.0
can you give me some information about a new business loan,business_loan,business_loan,1.0,0.411063499981537,713,0.0,0.0,0.0,0.0,0.0,1.0,0.0,0.0,0.0,0.0,0.0,0.0,0.0,0.0
I have started a business now I would like to take out a loan I need to talk to you about my existing low I have some episode,business_loan,business_loan,1.0,0.597277899971231,730,0.0,0.0,0.0,0.0,0.0,1.0,0.0,0.0,0.0,0.0,0.0,0.0,0.0,0.0
hi I'm calling to discuss a new business loan,business_loan,business_loan,1.0,0.419885900104418,712,0.0,0.0,0.0,0.0,0.0,1.0,0.0,0.0,0.0,0.0,0.0,0.0,0.0,0.0
I'm calling about new business loan,business_loan,business_loan,1.0,0.650158199947327,709,0.0,0.0,0.0,0.0,0.0,1.0,0.0,0.0,0.0,0.0,0.0,0.0,0.0,0.0
hi I'm looking at starting up a new business could you tell me about your business loan plans please,business_loan,business_loan,1.0,0.46628619986586206,722,0.0,0.0,0.0,0.0,0.0,1.0,0.0,0.0,0.0,0.0,0.0,0.0,0.0,0.0
like you're making a call to a financial organisation to discuss a new Lola or a business which to be a start-up loan or a progression continuation Road,business_loan,business_loan,1.0,0.48764789989218105,732,0.0,0.0,0.0,0.0,0.0,1.0,0.0,0.0,0.0,0.0,0.0,0.0,0.0,0.0
please could you tell me the latest race or a set amount of money please,business_loan,latest_transactions,0.77,0.517385800136253,717,0.0,0.0,0.0,0.01,0.2,0.0,0.0,0.0,0.0,0.0,0.0,0.0,0.79,0.0
hello I'm calling about business loan,business_loan,business_loan,1.0,0.46718179993331405,709,0.0,0.0,0.0,0.0,0.0,1.0,0.0,0.0,0.0,0.0,0.0,0.0,0.0,0.0
hi I want to find out about taking out a business loan please,business_loan,business_loan,1.0,0.42774030007421904,715,0.0,0.0,0.0,0.0,0.0,1.0,0.0,0.0,0.0,0.0,0.0,0.0,0.0,0.0
hi I'm looking to get a new business loan,business_loan,business_loan,1.0,0.46234369999729,712,0.0,0.0,0.0,0.0,0.0,1.0,0.0,0.0,0.0,0.0,0.0,0.0,0.0,0.0
I'm calling about a business loan,business_loan,business_loan,1.0,0.459213299909606,709,0.0,0.0,0.0,0.0,0.0,1.0,0.0,0.0,0.0,0.0,0.0,0.0,0.0,0.0
I want I know about a new line,business_loan,business_loan,0.62,0.41106640012003404,710,0.0,0.02,0.03,0.04,0.099999999999999,0.65,0.01,0.0,0.01,0.0,0.01,0.07,0.06,0.0
hi it's going to about a business Link,business_loan,business_loan,0.98,0.43895359989255606,711,0.0,0.0,0.02,0.0,0.0,0.98,0.0,0.0,0.0,0.0,0.0,0.0,0.0,0.0
hello I need to take out a business loan how do I go about applying,business_loan,business_loan,1.0,0.461648999946191,717,0.0,0.0,0.0,0.0,0.0,1.0,0.0,0.0,0.0,0.0,0.0,0.0,0.0,0.0
information request for new business loan,business_loan,business_loan,1.0,0.40558969997800803,708,0.0,0.0,0.0,0.0,0.0,1.0,0.0,0.0,0.0,0.0,0.0,0.0,0.0,0.0
hi yes I have a business bank account with you and I'm just enquiring about whether I could take out a loan as well if you would mind helping me thank you,business_loan,business_loan,1.0,0.404883499955758,737,0.0,0.0,0.0,0.0,0.0,1.0,0.0,0.0,0.0,0.0,0.0,0.0,0.0,0.0
I have a question about an existing loan,business_loan,business_loan,0.99,0.43385299993678905,710,0.0,0.0,0.0,0.0,0.01,0.99,0.0,0.0,0.0,0.0,0.0,0.0,0.0,0.0
hello I am calling about a business loan I have a few questions about it I was wondering if I could have one please,business_loan,business_loan,1.0,0.47901690006256104,726,0.0,0.0,0.0,0.0,0.0,1.0,0.0,0.0,0.0,0.0,0.0,0.0,0.0,0.0
hello can you help me about business loan I have a question about it I need a new long so I need to get into further detail before actually getting a new mum,business_loan,business_loan,1.0,0.40481159999035304,735,0.0,0.0,0.0,0.0,0.0,1.0,0.0,0.0,0.0,0.0,0.0,0.0,0.0,0.0
hi I'm calling in interested in taking out a business loan could you please talk me through all of the logistics,business_loan,business_loan,1.0,0.452894799876958,724,0.0,0.0,0.0,0.0,0.0,1.0,0.0,0.0,0.0,0.0,0.0,0.0,0.0,0.0
I'd like to discuss my current direct debit,direct_debit,direct_debit,1.0,0.431595499860122,711,0.0,0.0,0.0,0.0,0.0,0.0,0.0,0.0,1.0,0.0,0.0,0.0,0.0,0.0
army back direct debits show me back direct debit I want to return a direct debit,direct_debit,direct_debit,1.0,0.481255199993029,719,0.0,0.0,0.0,0.0,0.0,0.0,0.0,0.0,1.0,0.0,0.0,0.0,0.0,0.0
show me my direct debits,direct_debit,direct_debit,0.91,0.398553799837827,708,0.0,0.0,0.0,0.0,0.0,0.0,0.0,0.0,0.92,0.0,0.0,0.0,0.08,0.0
I have a question with direct debits can you explain the interest rates on them and just go about it,direct_debit,direct_debit,1.0,0.424269299954175,723,0.0,0.0,0.0,0.0,0.0,0.0,0.0,0.0,1.0,0.0,0.0,0.0,0.0,0.0
Higham Avenue she was my direct debits show me them please so I can see if they've been set up properly one doesn't seem to be going through,direct_debit,direct_debit,1.0,0.439046599902212,735,0.0,0.0,0.0,0.0,0.0,0.0,0.0,0.0,1.0,0.0,0.0,0.0,0.0,0.0
open up a bank station to discuss direct debit how is work and how returned direct debits work just to find out how the whole process that works in affects your statutory rights,direct_debit,direct_debit,1.0,0.47847370011731905,736,0.0,0.0,0.0,0.0,0.0,0.0,0.0,0.0,1.0,0.0,0.0,0.0,0.0,0.0
I want to return a direct debit,direct_debit,direct_debit,1.0,0.47345010004937604,709,0.0,0.0,0.0,0.0,0.0,0.0,0.0,0.0,1.0,0.0,0.0,0.0,0.0,0.0
I've got an issue with one of my direct debit,direct_debit,direct_debit,1.0,0.6280407998710871,713,0.0,0.0,0.0,0.0,0.0,0.0,0.0,0.0,1.0,0.0,0.0,0.0,0.0,0.0
hi I have some questions about direct debit,direct_debit,direct_debit,1.0,0.433256099931895,710,0.0,0.0,0.0,0.0,0.0,0.0,0.0,0.0,1.0,0.0,0.0,0.0,0.0,0.0
I would like to know about direct debit,direct_debit,direct_debit,1.0,0.680182500043883,710,0.0,0.0,0.0,0.0,0.0,0.0,0.0,0.0,1.0,0.0,0.0,0.0,0.0,0.0
I need to cancel a direct debit,direct_debit,direct_debit,1.0,0.45678390003740704,709,0.0,0.0,0.0,0.0,0.0,0.0,0.0,0.0,1.0,0.0,0.0,0.0,0.0,0.0
I have a question about direct debits,direct_debit,direct_debit,1.0,0.43737270007841206,710,0.0,0.0,0.0,0.0,0.0,0.0,0.0,0.0,1.0,0.0,0.0,0.0,0.0,0.0
how do I set up a direct debit,direct_debit,direct_debit,1.0,0.48847809992730606,710,0.0,0.0,0.0,0.0,0.0,0.0,0.0,0.0,1.0,0.0,0.0,0.0,0.0,0.0
list my direct debits,direct_debit,direct_debit,0.98,0.47357659996487206,707,0.0,0.0,0.0,0.0,0.0,0.0,0.0,0.0,0.98,0.0,0.0,0.0,0.02,0.0
can I set up a direct debit,direct_debit,direct_debit,1.0,0.455216499976813,709,0.0,0.0,0.0,0.0,0.0,0.0,0.0,0.0,1.0,0.0,0.0,0.0,0.0,0.0
hello I'm trying to go online to cancel a direct debit but not sure how to go about this please can you give me some more information please,direct_debit,direct_debit,1.0,0.46817600005306304,731,0.0,0.0,0.0,0.0,0.0,0.0,0.0,0.0,1.0,0.0,0.0,0.0,0.0,0.0
I usually all of my direct debit,direct_debit,direct_debit,0.99,0.44511090009473203,709,0.0,0.0,0.0,0.0,0.0,0.0,0.0,0.0,0.99,0.0,0.0,0.0,0.0,0.01
hey I'm just calling in to ask you if I have any direct debits that I hate her mind up for and could I be possible to see my direct debits as I want to return any direct debit,direct_debit,direct_debit,1.0,0.43775090016424606,744,0.0,0.0,0.0,0.0,0.0,0.0,0.0,0.0,1.0,0.0,0.0,0.0,0.0,0.0
need to find out about my direct debit,direct_debit,direct_debit,1.0,0.42710330011323006,710,0.0,0.0,0.0,0.0,0.0,0.0,0.0,0.0,1.0,0.0,0.0,0.0,0.0,0.0
I have got a question about direct debits I don't they work,direct_debit,direct_debit,1.0,0.497313000028952,716,0.0,0.0,0.0,0.0,0.0,0.0,0.0,0.0,1.0,0.0,0.0,0.0,0.0,0.0
I'd like to know about direct debit,direct_debit,direct_debit,1.0,0.46360350004397305,710,0.0,0.0,0.0,0.0,0.0,0.0,0.0,0.0,1.0,0.0,0.0,0.0,0.0,0.0
I need some help organising my direct debits that are still current,direct_debit,direct_debit,1.0,0.45137010002508704,715,0.0,0.0,0.0,0.0,0.0,0.0,0.0,0.0,1.0,0.0,0.0,0.0,0.0,0.0
tell me about direct debit,direct_debit,direct_debit,1.0,0.43925329996272905,707,0.0,0.0,0.0,0.0,0.0,0.0,0.0,0.0,1.0,0.0,0.0,0.0,0.0,0.0
I was wondering if you can,direct_debit,balance,0.56,0.44500679988414005,708,0.0,0.02,0.06,0.04,0.59,0.01,0.03,0.01,0.02,0.02,0.06,0.01,0.08,0.05
show me my direct debit,direct_debit,direct_debit,0.92,0.508720600046217,707,0.0,0.0,0.0,0.0,0.0,0.0,0.0,0.0,0.93,0.0,0.0,0.0,0.07,0.0
please tell me what information about your direct debit how to set direct debit up,direct_debit,direct_debit,1.0,0.46340300003066603,717,0.0,0.0,0.0,0.0,0.0,0.0,0.0,0.0,1.0,0.0,0.0,0.0,0.0,0.0
can you show me on my outgoing direct debits,direct_debit,direct_debit,0.71,0.48652309994213205,712,0.0,0.0,0.0,0.0,0.0,0.0,0.0,0.0,0.73,0.0,0.0,0.0,0.27,0.0
unless you tell me about my direct debit so that's why I'm contacting me I would like you to show my existing direct debits and I would also like to return a current direct debit set up,direct_debit,direct_debit,1.0,0.46391330007463605,742,0.0,0.0,0.0,0.0,0.0,0.0,0.0,0.0,1.0,0.0,0.0,0.0,0.0,0.0
I'd like to cancel a diary give it please,direct_debit,direct_debit,0.9500000000000001,0.43738470016978603,712,0.0,0.0,0.0,0.0,0.0,0.0,0.04,0.0,0.9500000000000001,0.01,0.0,0.0,0.0,0.0
could you tell me some stuff about direct debit please,direct_debit,direct_debit,1.0,0.42881530011072705,712,0.0,0.0,0.0,0.0,0.0,0.0,0.0,0.0,1.0,0.0,0.0,0.0,0.0,0.0
show me my direct debit,direct_debit,direct_debit,0.9,0.420717699918895,707,0.0,0.0,0.0,0.0,0.0,0.0,0.0,0.0,0.91,0.0,0.0,0.0,0.09,0.0
where can you let me know where it's a bit sad please thanks,direct_debit,app_error,0.30000000000000004,0.41482609999366105,716,0.02,0.21,0.35000000000000003,0.0,0.16,0.0,0.04,0.0,0.01,0.02,0.01,0.01,0.16,0.01
I would like to return a if you don't mind,direct_debit,card_issues,0.48,0.41222919989377205,713,0.01,0.0,0.01,0.01,0.01,0.0,0.52,0.06,0.05,0.09,0.11,0.0,0.1,0.03
hi there can you please explain to me how direct debits work I would like to pay for a service which requires a direct debit and I want to know how I can set one up,direct_debit,direct_debit,1.0,0.46369589981622905,739,0.0,0.0,0.0,0.0,0.0,0.0,0.0,0.0,1.0,0.0,0.0,0.0,0.0,0.0
please display my direct debits for me,direct_debit,direct_debit,0.84,0.42670559999533,710,0.0,0.0,0.0,0.0,0.0,0.0,0.0,0.0,0.85,0.0,0.0,0.0,0.15,0.0
what is the direct debit how should I be taking this up what do I need to use it for what I like to do the cases that are eat this up or,direct_debit,direct_debit,1.0,0.44362070015631605,735,0.0,0.0,0.0,0.0,0.0,0.0,0.0,0.0,1.0,0.0,0.0,0.0,0.0,0.0
I find out more about direct debit,direct_debit,direct_debit,1.0,0.49554140004329306,709,0.0,0.0,0.0,0.0,0.0,0.0,0.0,0.0,1.0,0.0,0.0,0.0,0.0,0.0
hi I'm calling to find out about which direct debits on a bank account if you could just let me know if you could list the different direct debit so I've already got set up just want to check which ones were there and how much therefore,direct_debit,direct_debit,0.98,0.42969090002588906,752,0.0,0.0,0.0,0.0,0.0,0.0,0.0,0.0,0.98,0.0,0.0,0.0,0.02,0.0
hi hello I'd like to discuss my direct debits I think her son not current and I shouldn't continues I need to know how to check them and have cancelled,direct_debit,direct_debit,1.0,0.44152459991164505,735,0.0,0.0,0.0,0.0,0.0,0.0,0.0,0.0,1.0,0.0,0.0,0.0,0.0,0.0
question about direct debits,direct_debit,direct_debit,1.0,0.458252700045704,707,0.0,0.0,0.0,0.0,0.0,0.0,0.0,0.0,1.0,0.0,0.0,0.0,0.0,0.0
what's my current direct debit,direct_debit,direct_debit,0.97,0.469242600025609,708,0.0,0.0,0.0,0.0,0.0,0.0,0.0,0.0,0.97,0.0,0.0,0.0,0.03,0.0
please show me my direct debit,direct_debit,direct_debit,0.87,0.44796040002256604,708,0.0,0.0,0.0,0.0,0.0,0.0,0.0,0.0,0.88,0.0,0.0,0.0,0.12,0.0
I've got a question about my recent transactions as there's one that's come up and I don't recognise the payment but I just wanted to check that with you and see if you could explain it to me,latest_transactions,latest_transactions,1.0,0.43663910008035606,744,0.0,0.0,0.0,0.0,0.0,0.0,0.0,0.0,0.0,0.0,0.0,0.0,1.0,0.0
I'm ringing if I don't recognise a recent transaction,latest_transactions,latest_transactions,0.81,0.40712310001254004,713,0.0,0.0,0.0,0.0,0.0,0.0,0.01,0.0,0.0,0.17,0.0,0.0,0.8200000000000001,0.0
hi can I be showing my latest transactions to my account please,latest_transactions,latest_transactions,1.0,0.43781959987245506,714,0.0,0.0,0.0,0.0,0.0,0.0,0.0,0.0,0.0,0.0,0.0,0.0,1.0,0.0
show me transactions from the last 30-days,latest_transactions,latest_transactions,1.0,0.46830120007507503,712,0.0,0.0,0.0,0.0,0.0,0.0,0.0,0.0,0.0,0.0,0.0,0.0,1.0,0.0
yeah I recognise the payment,latest_transactions,latest_transactions,1.0,0.433228600071743,707,0.0,0.0,0.0,0.0,0.0,0.0,0.0,0.0,0.0,0.0,0.0,0.0,1.0,0.0
and my latest transactions please,latest_transactions,latest_transactions,1.0,0.44326830003410506,707,0.0,0.0,0.0,0.0,0.0,0.0,0.0,0.0,0.0,0.0,0.0,0.0,1.0,0.0
I owe you show me like my latest transactions,latest_transactions,latest_transactions,1.0,0.453745799837633,711,0.0,0.0,0.0,0.0,0.0,0.0,0.0,0.0,0.0,0.0,0.0,0.0,1.0,0.0
can I look at my recent transactions,latest_transactions,latest_transactions,1.0,0.434247999917715,709,0.0,0.0,0.0,0.0,0.0,0.0,0.0,0.0,0.0,0.0,0.0,0.0,1.0,0.0
hello I was just because I was taking the online banking and there was a payment put through that but I don't know about when I'm about so it's just wondering where you get it cleared up,latest_transactions,latest_transactions,0.98,0.420337800169363,742,0.0,0.0,0.0,0.0,0.0,0.0,0.0,0.0,0.0,0.0,0.02,0.0,0.98,0.0
I need to look at my recent transactions,latest_transactions,latest_transactions,1.0,0.46466429997235503,710,0.0,0.0,0.0,0.0,0.0,0.0,0.0,0.0,0.0,0.0,0.0,0.0,1.0,0.0
I would like to see my latest transactions please so that I can verify them,latest_transactions,latest_transactions,1.0,0.478698899969458,717,0.0,0.0,0.0,0.0,0.0,0.0,0.0,0.0,0.0,0.0,0.0,0.0,1.0,0.0
hi I was just wondering if I could get a hold of my latest transactions just make sure everything's ok on my account not sure if there's any payment iPad recently have not been able to justify but hopefully you can help me,latest_transactions,latest_transactions,1.0,0.452790000010281,748,0.0,0.0,0.0,0.0,0.0,0.0,0.0,0.0,0.0,0.0,0.0,0.0,1.0,0.0
where can I see my most recent transactions,latest_transactions,latest_transactions,1.0,0.44006179994903505,710,0.0,0.0,0.0,0.0,0.0,0.0,0.0,0.0,0.0,0.0,0.0,0.0,1.0,0.0
I've noticed our transaction on my bank statement and I'm unsure of water is can you help me please tell me what payments for and who is 2,latest_transactions,latest_transactions,1.0,0.48250970011577005,733,0.0,0.0,0.0,0.0,0.0,0.0,0.0,0.0,0.0,0.0,0.0,0.0,1.0,0.0
I've just had a text and I don't recognise some of the transactions on it so can we go through them just to make sure that they probably add me and just said thanks,latest_transactions,latest_transactions,1.0,0.42664210009388603,738,0.0,0.0,0.0,0.0,0.0,0.0,0.0,0.0,0.0,0.0,0.0,0.0,1.0,0.0
I would like to my transactions train,latest_transactions,latest_transactions,0.88,0.414778700098395,709,0.01,0.0,0.0,0.0,0.0,0.0,0.01,0.0,0.01,0.06999999999999901,0.01,0.0,0.89,0.0
I need help with my latest transactions please,latest_transactions,latest_transactions,1.0,0.43118500011041705,710,0.0,0.0,0.0,0.0,0.0,0.0,0.0,0.0,0.0,0.0,0.0,0.0,1.0,0.0
show me my latest of transaction please,latest_transactions,latest_transactions,1.0,0.46949680009856803,709,0.0,0.0,0.0,0.0,0.0,0.0,0.0,0.0,0.0,0.0,0.0,0.0,1.0,0.0
show me my recent transactions,latest_transactions,latest_transactions,1.0,0.472209099913015,707,0.0,0.0,0.0,0.0,0.0,0.0,0.0,0.0,0.0,0.0,0.0,0.0,1.0,0.0
show me a list of my recent transactions,latest_transactions,latest_transactions,1.0,0.49076600000262205,710,0.0,0.0,0.0,0.0,0.0,0.0,0.0,0.0,0.0,0.0,0.0,0.0,1.0,0.0
please show me my latest transactions,latest_transactions,latest_transactions,1.0,0.44888540008105304,708,0.0,0.0,0.0,0.0,0.0,0.0,0.0,0.0,0.0,0.0,0.0,0.0,1.0,0.0
please show me my latest transactions,latest_transactions,latest_transactions,1.0,0.417655800003558,708,0.0,0.0,0.0,0.0,0.0,0.0,0.0,0.0,0.0,0.0,0.0,0.0,1.0,0.0
show me my most recent transactions,latest_transactions,latest_transactions,1.0,0.44453940005041603,708,0.0,0.0,0.0,0.0,0.0,0.0,0.0,0.0,0.0,0.0,0.0,0.0,1.0,0.0
hi it's a payment I don't recognise on my transaction history and I'd like to investigate this further thank you,latest_transactions,latest_transactions,1.0,0.447762799914926,725,0.0,0.0,0.0,0.0,0.0,0.0,0.0,0.0,0.0,0.0,0.0,0.0,1.0,0.0
hi I was wondering if it would be possible to have a look at my latest transactions just because there's a payment on there that I don't I don't recognise it so I was wondering whether would be able to have a quick look at it,latest_transactions,latest_transactions,1.0,0.435506099835038,751,0.0,0.0,0.0,0.0,0.0,0.0,0.0,0.0,0.0,0.0,0.0,0.0,1.0,0.0
I've been looking through my transactions and I don't recognise a payment there is appearing on my online banking but I do not recognise,latest_transactions,latest_transactions,0.96,0.419495600042864,728,0.0,0.0,0.0,0.0,0.0,0.0,0.01,0.0,0.0,0.03,0.0,0.0,0.96,0.0
I need to check all my recent transactions please,latest_transactions,latest_transactions,1.0,0.44704340002499504,711,0.0,0.0,0.0,0.0,0.0,0.0,0.0,0.0,0.0,0.0,0.0,0.0,1.0,0.0
hello yeah I'd like to talk about a payment on my credit card I don't recognise it thank you,latest_transactions,latest_transactions,0.98,0.40746550005860604,723,0.0,0.0,0.0,0.0,0.0,0.0,0.01,0.0,0.0,0.01,0.0,0.0,0.98,0.0
can you tell me what the last payment is for please,latest_transactions,latest_transactions,1.0,0.41032229992561003,713,0.0,0.0,0.0,0.0,0.0,0.0,0.0,0.0,0.0,0.0,0.0,0.0,1.0,0.0
I'd like to check my most recent transactions please,latest_transactions,latest_transactions,1.0,0.416993000078946,712,0.0,0.0,0.0,0.0,0.0,0.0,0.0,0.0,0.0,0.0,0.0,0.0,1.0,0.0
hello yes I've just been looking at my bank account online and there's a there's a payment transaction that I'm not too sure about could you let me know who it was or where it where it's gone so as I do not recognise the person that says thank you,latest_transactions,latest_transactions,1.0,0.429830300156027,757,0.0,0.0,0.0,0.0,0.0,0.0,0.0,0.0,0.0,0.0,0.0,0.0,1.0,0.0
hello I was wondering if you could help me go through my list of latest recent transactions,latest_transactions,latest_transactions,1.0,0.46031599980778903,719,0.0,0.0,0.0,0.0,0.0,0.0,0.0,0.0,0.0,0.0,0.0,0.0,1.0,0.0
I am calling you about some recent transactions on my bank account I just wanted to check the last few transactions because I wasn't sure if they gone through properly or not thanks,latest_transactions,latest_transactions,1.0,0.452013599919155,736,0.0,0.0,0.0,0.0,0.0,0.0,0.0,0.0,0.0,0.0,0.0,0.0,1.0,0.0
I'm calling about a recent payment I've noticed on my transactions I don't recognise can you tell me a bit more about this one please it is 12-lb at the Spar on Wednesday the 12th of March 2019,latest_transactions,latest_transactions,1.0,0.536450700135901,754,0.0,0.0,0.0,0.0,0.0,0.0,0.0,0.0,0.0,0.0,0.0,0.0,1.0,0.0
I'd like to see my most recent transactions there's a payment that I don't recognise,latest_transactions,latest_transactions,1.0,0.520807399880141,720,0.0,0.0,0.0,0.0,0.0,0.0,0.0,0.0,0.0,0.0,0.0,0.0,1.0,0.0
get out my latest transactions they are just to confirm that the payment for me cos one and it's not totally sure sure about you just,latest_transactions,latest_transactions,1.0,0.44701089989393905,729,0.0,0.0,0.0,0.0,0.0,0.0,0.0,0.0,0.0,0.0,0.0,0.0,1.0,0.0
my dad wants to check my recent transactions,latest_transactions,latest_transactions,0.99,0.407772300066426,710,0.0,0.0,0.0,0.0,0.0,0.0,0.0,0.0,0.0,0.0,0.0,0.01,0.99,0.0
I would like to make a query about a recent transaction,latest_transactions,latest_transactions,1.0,0.441850499948486,713,0.0,0.0,0.0,0.0,0.0,0.0,0.0,0.0,0.0,0.0,0.0,0.0,1.0,0.0
there is a payment that I do not recognise,latest_transactions,latest_transactions,0.99,0.39641440007835604,711,0.0,0.0,0.0,0.0,0.0,0.0,0.0,0.0,0.0,0.01,0.0,0.0,0.99,0.0
please can you tell me all my most recent transactions,latest_transactions,latest_transactions,1.0,0.42781320004723905,712,0.0,0.0,0.0,0.0,0.0,0.0,0.0,0.0,0.0,0.0,0.0,0.0,1.0,0.0
hi could I have some more information about my latest transaction there's a paint that I'm not aware of,latest_transactions,latest_transactions,1.0,0.44848379981704,723,0.0,0.0,0.0,0.0,0.0,0.0,0.0,0.0,0.0,0.0,0.0,0.0,1.0,0.0
I want to see my last few transactions,latest_transactions,latest_transactions,1.0,0.42280479986220604,710,0.0,0.0,0.0,0.0,0.0,0.0,0.0,0.0,0.0,0.0,0.0,0.0,1.0,0.0
I'm trying to make a large payment online and it says I'm guessing a text message,high_value_payment,high_value_payment,1.0,0.424031500006094,720,0.0,0.0,0.0,0.0,0.0,0.0,0.0,0.0,0.0,0.0,1.0,0.0,0.0,0.0
pay a large sum payment,high_value_payment,high_value_payment,1.0,0.45544879999943005,707,0.0,0.0,0.0,0.0,0.0,0.0,0.0,0.0,0.0,0.0,1.0,0.0,0.0,0.0
I'm trying to make a large payment,high_value_payment,high_value_payment,1.0,0.44233350013382705,710,0.0,0.0,0.0,0.0,0.0,0.0,0.0,0.0,0.0,0.0,1.0,0.0,0.0,0.0
I'm trying to make a large payment online I'm waiting for a confirmation code,high_value_payment,high_value_payment,1.0,0.47123799985274606,718,0.0,0.0,0.0,0.0,0.0,0.0,0.0,0.0,0.0,0.0,1.0,0.0,0.0,0.0
hi I'm trying to make a large payment and I'm still waiting for an SMS code,high_value_payment,high_value_payment,1.0,0.450287899933755,720,0.0,0.0,0.0,0.0,0.0,0.0,0.0,0.0,0.0,0.0,1.0,0.0,0.0,0.0
hi I'm trying to make a large payment on mine and it says I'm going to get a text message,high_value_payment,high_value_payment,1.0,0.421210200060158,724,0.0,0.0,0.0,0.0,0.0,0.0,0.0,0.0,0.0,0.0,1.0,0.0,0.0,0.0
I'm trying to pick a large payment online and it says I'm going to get a text message what does this mean,high_value_payment,high_value_payment,1.0,0.43147810013033405,726,0.0,0.0,0.0,0.0,0.0,0.0,0.0,0.0,0.0,0.0,1.0,0.0,0.0,0.0
I'm trying to make a large payment online it says I'm getting a text message awesome I supposed to do,high_value_payment,high_value_payment,1.0,0.551216799998655,724,0.0,0.0,0.0,0.0,0.0,0.0,0.0,0.0,0.0,0.0,1.0,0.0,0.0,0.0
a large amount of money into my account,high_value_payment,high_value_payment,0.86,0.413478000089526,710,0.0,0.0,0.0,0.0,0.01,0.0,0.0,0.11,0.0,0.0,0.87,0.0,0.01,0.0
I'm trying to make a large payment and I'm looking to get an SMS confirmation,high_value_payment,high_value_payment,1.0,0.46775790001265705,719,0.0,0.0,0.0,0.0,0.0,0.0,0.0,0.0,0.0,0.0,1.0,0.0,0.0,0.0
trying to make a large transfer large amount of money in his bank account is giving me a confirmation code what do I do with this,high_value_payment,high_value_payment,1.0,0.44524479983374404,728,0.0,0.0,0.0,0.0,0.0,0.0,0.0,0.0,0.0,0.0,1.0,0.0,0.0,0.0
hi I'm trying to make large payment online however it says that it has sent me a text message with payment code but I haven't received anything you'd be able to help thank you,high_value_payment,high_value_payment,1.0,0.4204180999659,739,0.0,0.0,0.0,0.0,0.0,0.0,0.0,0.0,0.0,0.0,1.0,0.0,0.0,0.0
I'm trying to make a large payment online and I don't know what to do with the message that I've been sent to my phone,high_value_payment,high_value_payment,1.0,0.42305550002492903,730,0.0,0.0,0.0,0.0,0.0,0.0,0.0,0.0,0.0,0.0,1.0,0.0,0.0,0.0
hi I'm looking to make a word to purchase online and the screen that's coming up saying that I will get a confirmation code via SMS my phone and I just want to make sure that this was actually you guys,high_value_payment,high_value_payment,0.24,0.47719839983619705,745,0.01,0.01,0.27,0.0,0.0,0.0,0.14,0.0,0.0,0.01,0.29000000000000004,0.0,0.11,0.15
trying to make a large payment online and it says I'm getting a text message,high_value_payment,high_value_payment,1.0,0.44077189988456605,718,0.0,0.0,0.0,0.0,0.0,0.0,0.0,0.0,0.0,0.0,1.0,0.0,0.0,0.0
I need help making a large payment that I need to use a code and text message and I don't understand the money to help,high_value_payment,high_value_payment,1.0,0.40974080003798,728,0.0,0.0,0.0,0.0,0.0,0.0,0.0,0.0,0.0,0.0,1.0,0.0,0.0,0.0
how can I speak to someone to find how to make a high price payment,high_value_payment,high_value_payment,1.0,0.44290879997424704,717,0.0,0.0,0.0,0.0,0.0,0.0,0.0,0.0,0.0,0.0,1.0,0.0,0.0,0.0
I just received a text message saying that I want to make a large payment,high_value_payment,high_value_payment,1.0,0.427901499904692,717,0.0,0.0,0.0,0.0,0.0,0.0,0.0,0.0,0.0,0.0,1.0,0.0,0.0,0.0
but to pay some money in the bank but I keep getting text message can you help me,high_value_payment,cash_deposit,0.21,0.423500099917873,720,0.0,0.0,0.16,0.0,0.02,0.0,0.01,0.27,0.05,0.02,0.13,0.0,0.19,0.15
which ones make a large payments to the bank price payment and will need to send a confirmation code to your mobile to get security information that is for the right person and there is no activity,high_value_payment,high_value_payment,1.0,0.448934300104156,739,0.0,0.0,0.0,0.0,0.0,0.0,0.0,0.0,0.0,0.0,1.0,0.0,0.0,0.0
oh hello I'm trying to pay in a large amount into my bank and I've been told I have to use an SMS to let me know what that is,high_value_payment,high_value_payment,0.98,0.42603090009652006,734,0.0,0.0,0.0,0.0,0.0,0.0,0.0,0.02,0.0,0.0,0.98,0.0,0.0,0.0
I need to make a big payment online and I need to get a text message to think,high_value_payment,high_value_payment,1.0,0.47556379996240106,720,0.0,0.0,0.0,0.0,0.0,0.0,0.0,0.0,0.0,0.0,1.0,0.0,0.0,0.0
I'm trying to make a large payment online and it keeps on getting better message but I'm not and I'm not sure where I've gone over the limit so can you talk me through the process thanks,high_value_payment,high_value_payment,1.0,0.43049290007911606,743,0.0,0.0,0.0,0.0,0.0,0.0,0.0,0.0,0.0,0.0,1.0,0.0,0.0,0.0
hi I'm trying to transfer large amount of money and it says I have to see you there text message with a curler could you explain to me what this isn't what it means,high_value_payment,high_value_payment,1.0,0.45010000001639106,739,0.0,0.0,0.0,0.0,0.0,0.0,0.0,0.0,0.0,0.0,1.0,0.0,0.0,0.0
I need to pay a large amount will you be sending me the confirmation code by SMS,high_value_payment,high_value_payment,1.0,0.40035249991342403,719,0.0,0.0,0.0,0.0,0.0,0.0,0.0,0.0,0.0,0.0,1.0,0.0,0.0,0.0
hi there I'm just calling because I'm looking to make a high price payment and online and it says I'm going to get a text message and I don't know what these text messages payment codes or how I can help I'll be amazing thank you,high_value_payment,high_value_payment,1.0,0.45382399996742606,753,0.0,0.0,0.0,0.0,0.0,0.0,0.0,0.0,0.0,0.0,1.0,0.0,0.0,0.0
I need an SMS message code to make a large bank payment,high_value_payment,high_value_payment,1.0,0.42808159999549306,714,0.0,0.0,0.0,0.0,0.0,0.0,0.0,0.0,0.0,0.0,1.0,0.0,0.0,0.0
I'm trying to pay a large sum of money into my account but I keep season text messages which I'm not sure what to do with,high_value_payment,high_value_payment,0.99,0.47713909996673404,730,0.0,0.0,0.0,0.0,0.0,0.0,0.0,0.01,0.0,0.0,0.99,0.0,0.0,0.0
I'm trying to make a larger purchase on mine and I'm waiting on the text message,high_value_payment,high_value_payment,1.0,0.40680880006402703,720,0.0,0.0,0.0,0.0,0.0,0.0,0.0,0.0,0.0,0.0,1.0,0.0,0.0,0.0
I want to pay a large amount into my account how do I use the code by text,high_value_payment,high_value_payment,0.91,0.49320610007271104,720,0.0,0.0,0.0,0.0,0.0,0.0,0.0,0.08,0.0,0.0,0.92,0.0,0.0,0.0
I'm going to make a large payment but I'm going to receive a text message from my bank to get an SMS code to confirm payment,high_value_payment,high_value_payment,1.0,0.43286309996619804,730,0.0,0.0,0.0,0.0,0.0,0.0,0.0,0.0,0.0,0.0,1.0,0.0,0.0,0.0
large payment,high_value_payment,high_value_payment,1.0,0.41823479998856705,704,0.0,0.0,0.0,0.0,0.0,0.0,0.0,0.0,0.0,0.0,1.0,0.0,0.0,0.0
I want to find a payment on the launch song and it said it would text me in it,high_value_payment,latest_transactions,0.97,0.47037349990569005,721,0.0,0.0,0.0,0.0,0.0,0.0,0.0,0.0,0.0,0.0,0.01,0.0,0.97,0.02
I'm trying to make a large payment online it says I'm getting a text message I don't know what these text messages the payment codes I'm supposed to be getting,high_value_payment,high_value_payment,1.0,0.44970589992590204,736,0.0,0.0,0.0,0.0,0.0,0.0,0.0,0.0,0.0,0.0,1.0,0.0,0.0,0.0
hi there the payment on my going to make online is being deemed as a high price payment and it says I'm supposed to be receiving a text message I don't know what these text message payment codes I get that space to do how my pretty use them if you could help me that please,high_value_payment,high_value_payment,1.0,0.44438410014845403,760,0.0,0.0,0.0,0.0,0.0,0.0,0.0,0.0,0.0,0.0,1.0,0.0,0.0,0.0
I want to make a large payment online and it says I will be sent a confirmation code over text is that right,high_value_payment,high_value_payment,1.0,0.40830160002224103,725,0.0,0.0,0.0,0.0,0.0,0.0,0.0,0.0,0.0,0.0,1.0,0.0,0.0,0.0
hi I need to make a large payments of a bill and I haven't received the text message on my phone yet what do I do,high_value_payment,high_value_payment,0.9,0.44505569990724303,729,0.0,0.0,0.0,0.0,0.0,0.0,0.0,0.0,0.0,0.0,0.91,0.0,0.0,0.09
hey I was wondering if you could help me with this enquiry or enquiry I have so I'm I'm actually paying a large amount of money to buy something from the store and it says that I'm I'll be getting a text message but I don't really know these payment goes and what I need to do could you help me on that my puppies,high_value_payment,high_value_payment,1.0,0.46852590003982103,772,0.0,0.0,0.0,0.0,0.0,0.0,0.0,0.0,0.0,0.0,1.0,0.0,0.0,0.0
hi yeah I'm trying to make a large deposit transaction and says I'm going to receive a text message but I don't know what to do with it,high_value_payment,cash_deposit,0.52,0.469031899934634,733,0.0,0.0,0.0,0.0,0.0,0.0,0.0,0.55,0.0,0.0,0.45,0.0,0.0,0.0
hi I'm trying to make a large payment online I keep getting SMS messages with codes and I'm not sure what the clothes supposed to do,high_value_payment,high_value_payment,1.0,0.448745100060477,730,0.0,0.0,0.0,0.0,0.0,0.0,0.0,0.0,0.0,0.0,1.0,0.0,0.0,0.0
I'm trying to make a large payment into my bank account online it says that see the text message I don't know what I'm meant to do text messages,high_value_payment,high_value_payment,1.0,0.40940529992803903,734,0.0,0.0,0.0,0.0,0.0,0.0,0.0,0.0,0.0,0.0,1.0,0.0,0.0,0.0
can I deposit the money,cash_deposit,cash_deposit,1.0,0.46829739981330903,707,0.0,0.0,0.0,0.0,0.0,0.0,0.0,1.0,0.0,0.0,0.0,0.0,0.0,0.0
hi I'm just wondering how I transfer money to my account please,cash_deposit,high_value_payment,0.9500000000000001,0.461692199809476,715,0.0,0.0,0.0,0.0,0.0,0.0,0.0,0.03,0.01,0.0,0.9500000000000001,0.0,0.0,0.01
hi can you let me know how I can deposit money into my account,cash_deposit,cash_deposit,1.0,0.47662060009315604,716,0.0,0.0,0.0,0.0,0.0,0.0,0.0,1.0,0.0,0.0,0.0,0.0,0.0,0.0
I would like to put money in my account can you give me some help on how to deposit money to do it or how I can talk to it thanks,cash_deposit,cash_deposit,1.0,0.430112899979576,733,0.0,0.0,0.0,0.0,0.0,0.0,0.0,1.0,0.0,0.0,0.0,0.0,0.0,0.0
how do I deposit money into my account,cash_deposit,cash_deposit,1.0,0.43762589991092604,710,0.0,0.0,0.0,0.0,0.0,0.0,0.0,1.0,0.0,0.0,0.0,0.0,0.0,0.0
how do I transfer money into my car,cash_deposit,high_value_payment,0.66,0.43187569989822805,710,0.0,0.0,0.0,0.0,0.0,0.01,0.0,0.08,0.04,0.0,0.68,0.0,0.0,0.19
hello I need to know how to transfer money into my account,cash_deposit,high_value_payment,0.6900000000000001,0.47673240001313305,714,0.0,0.0,0.0,0.0,0.0,0.0,0.0,0.28,0.01,0.0,0.71,0.0,0.0,0.0
hi how can I make a cash deposit please,cash_deposit,cash_deposit,1.0,0.467310999985784,711,0.0,0.0,0.0,0.0,0.0,0.0,0.0,1.0,0.0,0.0,0.0,0.0,0.0,0.0
can I deposit some money into my account,cash_deposit,cash_deposit,1.0,0.41975079989060704,710,0.0,0.0,0.0,0.0,0.0,0.0,0.0,1.0,0.0,0.0,0.0,0.0,0.0,0.0
I want to deposit money into my account,cash_deposit,cash_deposit,1.0,0.473424799973145,710,0.0,0.0,0.0,0.0,0.0,0.0,0.0,1.0,0.0,0.0,0.0,0.0,0.0,0.0
I am I need to deposit some money into my account I want to know the easiest way of doing it whether to transfer or I need to go to the bank,cash_deposit,cash_deposit,0.99,0.468501200200989,734,0.0,0.0,0.0,0.0,0.0,0.0,0.0,0.99,0.0,0.0,0.01,0.0,0.0,0.0
I need to transfer some money into my account how can I do this,cash_deposit,high_value_payment,0.81,0.44664340000599606,716,0.0,0.0,0.0,0.0,0.0,0.0,0.0,0.18,0.0,0.0,0.8200000000000001,0.0,0.0,0.0
I would like to deposit money into my bank account,cash_deposit,cash_deposit,1.0,0.44362190016545305,712,0.0,0.0,0.0,0.0,0.0,0.0,0.0,1.0,0.0,0.0,0.0,0.0,0.0,0.0
I wish to deposit money into my account account,cash_deposit,cash_deposit,1.0,0.45816369983367605,711,0.0,0.0,0.0,0.0,0.0,0.0,0.0,1.0,0.0,0.0,0.0,0.0,0.0,0.0
can I put some money in my account please,cash_deposit,cash_deposit,1.0,0.506278899963945,711,0.0,0.0,0.0,0.0,0.0,0.0,0.0,1.0,0.0,0.0,0.0,0.0,0.0,0.0
I've left transfer money to my account please,cash_deposit,high_value_payment,0.9500000000000001,0.464092700043693,711,0.0,0.0,0.0,0.0,0.01,0.0,0.0,0.01,0.0,0.0,0.9500000000000001,0.0,0.03,0.0
please can I deposit money into my account,cash_deposit,cash_deposit,1.0,0.47760710003785706,710,0.0,0.0,0.0,0.0,0.0,0.0,0.0,1.0,0.0,0.0,0.0,0.0,0.0,0.0
can I deposit the money into my account,cash_deposit,cash_deposit,1.0,0.511000199941918,710,0.0,0.0,0.0,0.0,0.0,0.0,0.0,1.0,0.0,0.0,0.0,0.0,0.0,0.0
deposit money,cash_deposit,cash_deposit,1.0,0.44497229997068605,704,0.0,0.0,0.0,0.0,0.0,0.0,0.0,1.0,0.0,0.0,0.0,0.0,0.0,0.0
hi I just want to because it Mummy this morning please into my account,cash_deposit,cash_deposit,0.39,0.49898930010385806,717,0.0,0.0,0.05,0.01,0.15,0.0,0.02,0.43,0.02,0.08,0.1,0.06,0.06,0.02
how do I deposit money into my account,cash_deposit,cash_deposit,1.0,0.475564199965447,710,0.0,0.0,0.0,0.0,0.0,0.0,0.0,1.0,0.0,0.0,0.0,0.0,0.0,0.0
can I deposit money,cash_deposit,cash_deposit,1.0,0.427785800071433,706,0.0,0.0,0.0,0.0,0.0,0.0,0.0,1.0,0.0,0.0,0.0,0.0,0.0,0.0
oh hi there could you tell me how I can put money in my account please,cash_deposit,cash_deposit,1.0,0.43773389980196903,718,0.0,0.0,0.0,0.0,0.0,0.0,0.0,1.0,0.0,0.0,0.0,0.0,0.0,0.0
I wonder if you can help me because someone is my company,cash_deposit,joint_account,0.76,0.485696799820289,714,0.0,0.01,0.0,0.0,0.01,0.19,0.0,0.0,0.01,0.0,0.0,0.78,0.0,0.0
I just wondering if I could deposit some money into my account directly right,cash_deposit,cash_deposit,0.99,0.42664250009693205,716,0.0,0.0,0.0,0.0,0.0,0.0,0.0,0.99,0.01,0.0,0.0,0.0,0.0,0.0
how do I put money into my account,cash_deposit,cash_deposit,0.99,0.44505389989353705,710,0.0,0.0,0.0,0.0,0.0,0.0,0.0,0.99,0.0,0.0,0.01,0.0,0.0,0.0
play I need to deposit some money into my account and I was just wondering if someone might be able to tell me how I can go about doing that,cash_deposit,cash_deposit,1.0,0.436253400053828,732,0.0,0.0,0.0,0.0,0.0,0.0,0.0,1.0,0.0,0.0,0.0,0.0,0.0,0.0
hello hi I'd like to deposit money into my account how would I be able to do this,cash_deposit,cash_deposit,1.0,0.44082950009033006,721,0.0,0.0,0.0,0.0,0.0,0.0,0.0,1.0,0.0,0.0,0.0,0.0,0.0,0.0
can you please help me off show me how to deposit money into my bank,cash_deposit,cash_deposit,1.0,0.437668099999427,717,0.0,0.0,0.0,0.0,0.0,0.0,0.0,1.0,0.0,0.0,0.0,0.0,0.0,0.0
hi I need to put the money in my account please,cash_deposit,cash_deposit,1.0,0.41620620014145904,713,0.0,0.0,0.0,0.0,0.0,0.0,0.0,1.0,0.0,0.0,0.0,0.0,0.0,0.0
I would like to transfer some money into my account,cash_deposit,high_value_payment,0.78,0.47332620015367805,712,0.0,0.0,0.0,0.0,0.0,0.0,0.0,0.2,0.0,0.0,0.8,0.0,0.0,0.0
hi I'd like to make a deposit into my account how can I do that,cash_deposit,cash_deposit,1.0,0.442198500037193,718,0.0,0.0,0.0,0.0,0.0,0.0,0.0,1.0,0.0,0.0,0.0,0.0,0.0,0.0
I'm wanting to transfer some money to my account and I don't know how to deposit the money can you show me how to transfer the money into my account or how I can deposit but I need to transfer some money and deposit into my account,cash_deposit,cash_deposit,0.92,0.46212709997780604,751,0.0,0.0,0.0,0.0,0.0,0.0,0.0,0.93,0.0,0.0,0.07,0.0,0.0,0.0
I'd like to deposit money into my bank account,cash_deposit,cash_deposit,1.0,0.46526279998943204,712,0.0,0.0,0.0,0.0,0.0,0.0,0.0,1.0,0.0,0.0,0.0,0.0,0.0,0.0
hi can I deposit money into my account,cash_deposit,cash_deposit,1.0,0.49565059994347305,710,0.0,0.0,0.0,0.0,0.0,0.0,0.0,1.0,0.0,0.0,0.0,0.0,0.0,0.0
please can I deposit some money in my bank,cash_deposit,cash_deposit,1.0,0.453644399996846,711,0.0,0.0,0.0,0.0,0.0,0.0,0.0,1.0,0.0,0.0,0.0,0.0,0.0,0.0
how can I put money into my bank account,cash_deposit,cash_deposit,1.0,0.43426280003041,711,0.0,0.0,0.0,0.0,0.0,0.0,0.0,1.0,0.0,0.0,0.0,0.0,0.0,0.0
hi I would like to put money into my bank account please thank you,cash_deposit,cash_deposit,1.0,0.43947930005379005,716,0.0,0.0,0.0,0.0,0.0,0.0,0.0,1.0,0.0,0.0,0.0,0.0,0.0,0.0
yes I've just sold my car and the person has taken a lot of cash and can you tell me where can I deposit my money please is it in the local bank for and where do I take it thank you,cash_deposit,cash_deposit,1.0,0.568350000074133,745,0.0,0.0,0.0,0.0,0.0,0.0,0.0,1.0,0.0,0.0,0.0,0.0,0.0,0.0
ever question about deposit where can I deposit my money for deposit work,cash_deposit,cash_deposit,1.0,0.47200080007314604,715,0.0,0.0,0.0,0.0,0.0,0.0,0.0,1.0,0.0,0.0,0.0,0.0,0.0,0.0
hi I'd like to deposit money please,cash_deposit,cash_deposit,1.0,0.481183599913492,710,0.0,0.0,0.0,0.0,0.0,0.0,0.0,1.0,0.0,0.0,0.0,0.0,0.0,0.0
good afternoon I wonder if you can help me I'm trying to deposit the money into my bank account cash but the branch isn't open locally can you tell me where I can do this please I mean obviously I can't do it online or on the app but I do need someone physically to do it so if you could let me know where that is near me please be grateful thank you,cash_deposit,cash_deposit,1.0,0.6884762998670341,779,0.0,0.0,0.0,0.0,0.0,0.0,0.0,1.0,0.0,0.0,0.0,0.0,0.0,0.0
hi I want to make a deposit into my account but I'm not sure how to do this,cash_deposit,cash_deposit,1.0,0.5096880998462431,721,0.0,0.0,0.0,0.0,0.0,0.0,0.0,1.0,0.0,0.0,0.0,0.0,0.0,0.0
where can I deposit some money into my account please,cash_deposit,cash_deposit,1.0,0.5191426000092171,712,0.0,0.0,0.0,0.0,0.0,0.0,0.0,1.0,0.0,0.0,0.0,0.0,0.0,0.0
I would like to pay my electricity bill using my card can you please assist,pay_bill,pay_bill,1.0,0.450628500198945,717,0.0,0.0,0.0,0.0,0.0,0.0,0.0,0.0,0.0,0.0,0.0,0.0,0.0,1.0
hello I like to pay for Bill I would actually like to make a payment but yeah could you help me,pay_bill,pay_bill,1.0,0.489668200025334,723,0.0,0.0,0.0,0.0,0.0,0.0,0.0,0.0,0.0,0.0,0.0,0.0,0.0,1.0
pay a bill,pay_bill,pay_bill,1.0,0.43812049995176405,705,0.0,0.0,0.0,0.0,0.0,0.0,0.0,0.0,0.0,0.0,0.0,0.0,0.0,1.0
my credit card payment is due,pay_bill,pay_bill,0.99,0.475843699881806,708,0.0,0.0,0.0,0.0,0.0,0.0,0.0,0.0,0.01,0.0,0.0,0.0,0.0,0.99
hi I would like to make a new payment for a bill,pay_bill,pay_bill,1.0,0.45799719984643106,714,0.0,0.0,0.0,0.0,0.0,0.0,0.0,0.0,0.0,0.0,0.0,0.0,0.0,1.0
hello my credit card bills due,pay_bill,pay_bill,0.99,0.41333299991674705,708,0.0,0.0,0.0,0.0,0.01,0.0,0.0,0.0,0.0,0.0,0.0,0.0,0.0,0.99
hello I've just recently opened up an account with your bank and I wanted to find out how I can go about paying bills using my savings account,pay_bill,pay_bill,1.0,0.478773799957707,731,0.0,0.0,0.0,0.0,0.0,0.0,0.0,0.0,0.0,0.0,0.0,0.0,0.0,1.0
hey there I'm just calling about making a payment for Bill that I've got coming up I'm just wondering if you could lend me a hand with that please,pay_bill,pay_bill,1.0,0.45112399989739005,734,0.0,0.0,0.0,0.0,0.0,0.0,0.0,0.0,0.0,0.0,0.0,0.0,0.0,1.0
ID like to pay bills due and I don't send it out to do it online,pay_bill,pay_bill,0.98,0.44271629978902605,719,0.0,0.0,0.02,0.0,0.0,0.0,0.0,0.0,0.0,0.0,0.0,0.0,0.0,0.98
ID like to pay the bill,pay_bill,pay_bill,1.0,0.428508899873122,708,0.0,0.0,0.0,0.0,0.0,0.0,0.0,0.0,0.0,0.0,0.0,0.0,0.0,1.0
I like to pay my bill please thank you,pay_bill,pay_bill,1.0,0.40138980001211105,711,0.0,0.0,0.0,0.0,0.0,0.0,0.0,0.0,0.0,0.0,0.0,0.0,0.0,1.0
I want to make a payment on my credit card bill,pay_bill,pay_bill,1.0,0.40923130000010105,713,0.0,0.0,0.0,0.0,0.0,0.0,0.0,0.0,0.0,0.0,0.0,0.0,0.0,1.0
I would like to pay my credit card bill,pay_bill,pay_bill,1.0,0.550800699973478,711,0.0,0.0,0.0,0.0,0.0,0.0,0.0,0.0,0.0,0.0,0.0,0.0,0.0,1.0
hello how do I make a payment using BPAY,pay_bill,pay_bill,1.0,0.438847800018265,712,0.0,0.0,0.0,0.0,0.0,0.0,0.0,0.0,0.0,0.0,0.0,0.0,0.0,1.0
I need to pay a bill,pay_bill,pay_bill,1.0,0.46221959986723904,708,0.0,0.0,0.0,0.0,0.0,0.0,0.0,0.0,0.0,0.0,0.0,0.0,0.0,1.0
good afternoon look I've got my credit card bill due in statements come in and I just like to make a payment on that thank you,pay_bill,pay_bill,1.0,0.439302699873223,729,0.0,0.0,0.0,0.0,0.0,0.0,0.0,0.0,0.0,0.0,0.0,0.0,0.0,1.0
I have to pay a bill,pay_bill,pay_bill,1.0,0.434943599859252,708,0.0,0.0,0.0,0.0,0.0,0.0,0.0,0.0,0.0,0.0,0.0,0.0,0.0,1.0
hello ID like to make a payment for a bill it's due and a couple of days can you walk me through the steps of how to do that thank you,pay_bill,pay_bill,1.0,0.512959100073203,734,0.0,0.0,0.0,0.0,0.0,0.0,0.0,0.0,0.0,0.0,0.0,0.0,0.0,1.0
I need to pay bill ID like to do it on my credit card can you tell me how,pay_bill,pay_bill,1.0,0.42401620000600804,721,0.0,0.0,0.0,0.0,0.0,0.0,0.0,0.0,0.0,0.0,0.0,0.0,0.0,1.0
make payment,pay_bill,pay_bill,0.9400000000000001,0.5297063000034541,704,0.0,0.0,0.0,0.0,0.0,0.0,0.0,0.0,0.0,0.0,0.06,0.0,0.0,0.9400000000000001
I would like to make a payment,pay_bill,pay_bill,0.96,0.5079487001057711,709,0.0,0.0,0.0,0.0,0.0,0.0,0.0,0.0,0.0,0.0,0.04,0.0,0.0,0.96
I have a builder Bay and I'm running late for my payment,pay_bill,pay_bill,0.9,0.594481199979782,715,0.0,0.0,0.0,0.0,0.0,0.0,0.0,0.0,0.01,0.0,0.08,0.0,0.0,0.91
I want to pay my credit card bill,pay_bill,pay_bill,1.0,0.465154799865558,710,0.0,0.0,0.0,0.0,0.0,0.0,0.0,0.0,0.0,0.0,0.0,0.0,0.0,1.0
I've just received my credit card bill and I don't understand how you pay it can you help me,pay_bill,pay_bill,1.0,0.48954139999113905,723,0.0,0.0,0.0,0.0,0.0,0.0,0.0,0.0,0.0,0.0,0.0,0.0,0.0,1.0
I've just received my gas bill and ID like to know how to pay using my internet banking are you able to assist,pay_bill,pay_bill,1.0,0.43629609979689105,726,0.0,0.0,0.0,0.0,0.0,0.0,0.0,0.0,0.0,0.0,0.0,0.0,0.0,1.0
I need to pay a bill ID like to make payment,pay_bill,pay_bill,1.0,0.504762300057336,713,0.0,0.0,0.0,0.0,0.0,0.0,0.0,0.0,0.0,0.0,0.0,0.0,0.0,1.0
hi there I'm going to pay off my credit card bill,pay_bill,pay_bill,1.0,0.46590579999610704,714,0.0,0.0,0.0,0.0,0.0,0.0,0.0,0.0,0.0,0.0,0.0,0.0,0.0,1.0
yes ID like to pay my bill today using a credit card,pay_bill,pay_bill,1.0,0.48825299995951305,714,0.0,0.0,0.0,0.0,0.0,0.0,0.0,0.0,0.0,0.0,0.0,0.0,0.0,1.0
ID like to pay bill,pay_bill,pay_bill,1.0,0.42896970012225205,707,0.0,0.0,0.0,0.0,0.0,0.0,0.0,0.0,0.0,0.0,0.0,0.0,0.0,1.0
hi I'm just wanting to make a payment can you help me about please,pay_bill,pay_bill,0.9500000000000001,0.44024379993788904,717,0.0,0.0,0.0,0.0,0.0,0.0,0.0,0.0,0.0,0.0,0.05,0.0,0.0,0.9500000000000001
bill payment,pay_bill,pay_bill,1.0,0.412815699819475,704,0.0,0.0,0.0,0.0,0.0,0.0,0.0,0.0,0.0,0.0,0.0,0.0,0.0,1.0
hi just calling about paying a bill ID like to make it id like to make a payment please,pay_bill,pay_bill,1.0,0.717308200197294,721,0.0,0.0,0.0,0.0,0.0,0.0,0.0,0.0,0.0,0.0,0.0,0.0,0.0,1.0
I need to make a payment an overdue payment,pay_bill,pay_bill,1.0,0.44378930004313505,711,0.0,0.0,0.0,0.0,0.0,0.0,0.0,0.0,0.0,0.0,0.0,0.0,0.0,1.0
I need to pay the bill for my savings account,pay_bill,pay_bill,1.0,0.46266870014369404,712,0.0,0.0,0.0,0.0,0.0,0.0,0.0,0.0,0.0,0.0,0.0,0.0,0.0,1.0
I have a bill to pay in GBP can I make a payment,pay_bill,pay_bill,0.99,0.43884790013544206,715,0.01,0.0,0.0,0.0,0.0,0.0,0.0,0.0,0.0,0.0,0.0,0.0,0.0,0.99
I have a bill to pay can I please make a payment for that bill thank you,pay_bill,pay_bill,1.0,0.42424399987794403,719,0.0,0.0,0.0,0.0,0.0,0.0,0.0,0.0,0.0,0.0,0.0,0.0,0.0,1.0
make a bill payment,pay_bill,pay_bill,1.0,0.563506999984383,706,0.0,0.0,0.0,0.0,0.0,0.0,0.0,0.0,0.0,0.0,0.0,0.0,0.0,1.0
yes good morning I would just like to make a payment from my credit card basically just for electricity bill on this page to help me process that transaction I don't like paying online first I like to bring up in processing,pay_bill,pay_bill,1.0,0.42921400000341203,745,0.0,0.0,0.0,0.0,0.0,0.0,0.0,0.0,0.0,0.0,0.0,0.0,0.0,1.0
double bit stew and I won't know how I can make this payment,pay_bill,pay_bill,0.44,0.48717699991539104,716,0.0,0.0,0.0,0.0,0.14,0.01,0.01,0.0,0.01,0.0,0.33,0.01,0.01,0.48
hey mate calling about my bill that stew I want to pay it can I do that over the phone thank you,pay_bill,pay_bill,1.0,0.46047570020891704,724,0.0,0.0,0.0,0.0,0.0,0.0,0.0,0.0,0.0,0.0,0.0,0.0,0.0,1.0
I want to pay one of my bills,pay_bill,pay_bill,1.0,0.422719700029119,710,0.0,0.0,0.0,0.0,0.0,0.0,0.0,0.0,0.0,0.0,0.0,0.0,0.0,1.0
hi just calling about a bill I have to make payment on,pay_bill,pay_bill,1.0,0.43672150000929805,714,0.0,0.0,0.0,0.0,0.0,0.0,0.0,0.0,0.0,0.0,0.0,0.0,0.0,1.0
I want to pay a bill,pay_bill,pay_bill,1.0,0.45605270005762505,708,0.0,0.0,0.0,0.0,0.0,0.0,0.0,0.0,0.0,0.0,0.0,0.0,0.0,1.0
I would like to pay my credit card bill please,pay_bill,pay_bill,1.0,0.45412790006957904,712,0.0,0.0,0.0,0.0,0.0,0.0,0.0,0.0,0.0,0.0,0.0,0.0,0.0,1.0
hi ID like to make a payment with my bank account,pay_bill,pay_bill,0.8300000000000001,0.466549900127574,713,0.0,0.0,0.0,0.0,0.0,0.0,0.0,0.0,0.03,0.0,0.13,0.0,0.0,0.84
good afternoon I am wishing to pay a bill over the phone I was just wondering how I go about 200 as I have an urgent payment to Meek,pay_bill,pay_bill,0.99,0.46233699982985804,735,0.0,0.0,0.0,0.0,0.0,0.0,0.0,0.0,0.0,0.0,0.01,0.0,0.0,0.99
just wanted to pay a bill,pay_bill,pay_bill,1.0,0.41409590002149305,708,0.0,0.0,0.0,0.0,0.0,0.0,0.0,0.0,0.0,0.0,0.0,0.0,0.0,1.0
I need to make a payment on my credit card bill,pay_bill,pay_bill,1.0,0.42153530009090906,713,0.0,0.0,0.0,0.0,0.0,0.0,0.0,0.0,0.0,0.0,0.0,0.0,0.0,1.0
ID like to pay my credit card bill,pay_bill,pay_bill,1.0,0.6534474000800401,710,0.0,0.0,0.0,0.0,0.0,0.0,0.0,0.0,0.0,0.0,0.0,0.0,0.0,1.0
hello my car has been stolen ID like to put a hold on all transactions,freeze,freeze,0.88,0.49058940005488605,717,0.0,0.0,0.0,0.0,0.0,0.0,0.11,0.0,0.0,0.89,0.0,0.0,0.0,0.0
I would like to stop all transactions and freeze my credit card,freeze,freeze,1.0,0.47137480019591704,714,0.0,0.0,0.0,0.0,0.0,0.0,0.0,0.0,0.0,1.0,0.0,0.0,0.0,0.0
n I prove my card on the internet,freeze,card_issues,0.88,0.476139200152829,710,0.02,0.0,0.03,0.0,0.0,0.0,0.89,0.0,0.0,0.01,0.04,0.0,0.0,0.01
could you please put a freeze on my card,freeze,freeze,1.0,0.42083469987846905,711,0.0,0.0,0.0,0.0,0.0,0.0,0.0,0.0,0.0,1.0,0.0,0.0,0.0,0.0
I want to stop all future transaction from taking place freeze my card,freeze,freeze,1.0,0.401241299929097,715,0.0,0.0,0.0,0.0,0.0,0.0,0.0,0.0,0.0,1.0,0.0,0.0,0.0,0.0
a s good morning I just want to put a block on my ATM card at the moment please,freeze,freeze,1.0,0.5054722998756911,721,0.0,0.0,0.0,0.0,0.0,0.0,0.0,0.0,0.0,1.0,0.0,0.0,0.0,0.0
please freeze my card,freeze,freeze,1.0,0.510952699929475,706,0.0,0.0,0.0,0.0,0.0,0.0,0.0,0.0,0.0,1.0,0.0,0.0,0.0,0.0
hello can you please freeze my card,freeze,freeze,1.0,0.43072850001044505,709,0.0,0.0,0.0,0.0,0.0,0.0,0.0,0.0,0.0,1.0,0.0,0.0,0.0,0.0
hello I would like to freeze all transactions on my car as of right now is that possible I feel I've lost my car recently and I'm not entirely sure where all her might have it,freeze,freeze,0.88,0.46659950003959205,740,0.0,0.0,0.0,0.0,0.0,0.0,0.11,0.0,0.0,0.89,0.0,0.0,0.0,0.0
stop all transactions on my card,freeze,freeze,1.0,0.475495799910277,708,0.0,0.0,0.0,0.0,0.0,0.0,0.0,0.0,0.0,1.0,0.0,0.0,0.0,0.0
I took all my transaction on my card,freeze,latest_transactions,0.92,0.45192799996584604,710,0.01,0.0,0.0,0.0,0.0,0.0,0.02,0.0,0.0,0.03,0.01,0.0,0.93,0.0
card like to freeze my card in a for transaction Bank,freeze,freeze,1.0,0.477582499850541,713,0.0,0.0,0.0,0.0,0.0,0.0,0.0,0.0,0.0,1.0,0.0,0.0,0.0,0.0
hi I'm just calling because ID like to freeze all transactions on my,freeze,freeze,1.0,0.428906500106677,716,0.0,0.0,0.0,0.0,0.0,0.0,0.0,0.0,0.0,1.0,0.0,0.0,0.0,0.0
I don't want any more transaction I like hard please,freeze,high_value_payment,0.45,0.479825200047343,713,0.0,0.0,0.01,0.08,0.01,0.0,0.04,0.05,0.03,0.1,0.49,0.0,0.18,0.01
I would like to freeze my card can you please freeze my can't thanks,freeze,freeze,1.0,0.43075870000757205,717,0.0,0.0,0.0,0.0,0.0,0.0,0.0,0.0,0.0,1.0,0.0,0.0,0.0,0.0
yes good afternoon look at like to stop all transactions on my car off reason it's been stolen and it is point if further and no more transactions are on the card thank you,freeze,card_issues,0.61,0.45484240003861404,737,0.0,0.0,0.0,0.0,0.0,0.0,0.64,0.0,0.0,0.36,0.0,0.0,0.0,0.0
I've lost my card no just like to stop I'll put a freezer in it thanks,freeze,freeze,0.6900000000000001,0.40294099994935,720,0.0,0.0,0.0,0.0,0.0,0.0,0.29,0.0,0.0,0.71,0.0,0.0,0.0,0.0
please put a stop on my card,freeze,freeze,1.0,0.5018356000073251,709,0.0,0.0,0.0,0.0,0.0,0.0,0.0,0.0,0.0,1.0,0.0,0.0,0.0,0.0
hi there I can you please freeze my account,freeze,freeze,1.0,0.417229000013321,711,0.0,0.0,0.0,0.0,0.0,0.0,0.0,0.0,0.0,1.0,0.0,0.0,0.0,0.0
hi I'm calling up but ID like to you freeze my card,freeze,freeze,1.0,0.46100339991971806,715,0.0,0.0,0.0,0.0,0.0,0.0,0.0,0.0,0.0,1.0,0.0,0.0,0.0,0.0
I just like to freeze my credit card stop all the transaction and coming off,freeze,freeze,1.0,0.433646599994972,717,0.0,0.0,0.0,0.0,0.0,0.0,0.0,0.0,0.0,1.0,0.0,0.0,0.0,0.0
I have noticed suspicious activity on my credit card how can I freeze my card so they can't take any more money,freeze,freeze,1.0,0.45732280006632203,725,0.0,0.0,0.0,0.0,0.0,0.0,0.0,0.0,0.0,1.0,0.0,0.0,0.0,0.0
please block all transactions on my credit card,freeze,freeze,1.0,0.5484995997976511,710,0.0,0.0,0.0,0.0,0.0,0.0,0.0,0.0,0.0,1.0,0.0,0.0,0.0,0.0
ID like to block my card from using any transaction,freeze,freeze,1.0,0.49999679997563307,712,0.0,0.0,0.0,0.0,0.0,0.0,0.0,0.0,0.0,1.0,0.0,0.0,0.0,0.0
please block my card,freeze,freeze,1.0,0.461244999896734,706,0.0,0.0,0.0,0.0,0.0,0.0,0.0,0.0,0.0,1.0,0.0,0.0,0.0,0.0
I need to freeze my car because I've misplaced it,freeze,freeze,0.77,0.426095499889925,713,0.0,0.0,0.0,0.0,0.0,0.0,0.21,0.0,0.0,0.79,0.0,0.0,0.0,0.0
stop all transactions on my card,freeze,freeze,1.0,0.453551199985668,708,0.0,0.0,0.0,0.0,0.0,0.0,0.0,0.0,0.0,1.0,0.0,0.0,0.0,0.0
hi can you please block my card I want my card Frozen,freeze,freeze,1.0,0.43624399998225205,714,0.0,0.0,0.0,0.0,0.0,0.0,0.0,0.0,0.0,1.0,0.0,0.0,0.0,0.0
stop all transactions on my card,freeze,freeze,1.0,0.429982699919492,708,0.0,0.0,0.0,0.0,0.0,0.0,0.0,0.0,0.0,1.0,0.0,0.0,0.0,0.0
clip to stop all the transaction on my card I just lost it so I need to freeze my card and put a block on any transactions over the last 24 hours as I lost my card and it needs to be this big locked,freeze,freeze,0.84,0.44382679997943303,749,0.0,0.0,0.0,0.0,0.0,0.0,0.15,0.0,0.0,0.85,0.0,0.0,0.0,0.0
I am calling because I want to freeze my card on a block all future purchases please,freeze,freeze,1.0,0.47284909989684804,719,0.0,0.0,0.0,0.0,0.0,0.0,0.0,0.0,0.0,1.0,0.0,0.0,0.0,0.0
please put a stop to any transaction on my car,freeze,freeze,0.88,0.440963699948042,712,0.0,0.0,0.0,0.0,0.0,0.0,0.0,0.0,0.03,0.89,0.08,0.0,0.0,0.0
please freeze my card,freeze,freeze,1.0,0.39064060011878604,706,0.0,0.0,0.0,0.0,0.0,0.0,0.0,0.0,0.0,1.0,0.0,0.0,0.0,0.0
I believe my car has been stolen please freeze my card,freeze,freeze,0.9500000000000001,0.483977099880576,713,0.0,0.0,0.0,0.0,0.0,0.0,0.05,0.0,0.0,0.9500000000000001,0.0,0.0,0.0,0.0
hi I want to stop all transactions going out of my account please about the account Frozen as soon as possible,freeze,freeze,1.0,0.443879999918863,723,0.0,0.0,0.0,0.0,0.0,0.0,0.0,0.0,0.0,1.0,0.0,0.0,0.0,0.0
I need to freeze my card,freeze,freeze,1.0,0.40865839994512504,708,0.0,0.0,0.0,0.0,0.0,0.0,0.0,0.0,0.0,1.0,0.0,0.0,0.0,0.0
can you freeze my cards for me,freeze,freeze,1.0,0.46123670018278,709,0.0,0.0,0.0,0.0,0.0,0.0,0.0,0.0,0.0,1.0,0.0,0.0,0.0,0.0
I want to freeze my card,freeze,freeze,1.0,0.47127759992145,708,0.0,0.0,0.0,0.0,0.0,0.0,0.0,0.0,0.0,1.0,0.0,0.0,0.0,0.0
freeze my card,freeze,freeze,1.0,0.441077800001949,705,0.0,0.0,0.0,0.0,0.0,0.0,0.0,0.0,0.0,1.0,0.0,0.0,0.0,0.0
I lost my car today I'm ID like to freeze my car so that there are no unexpected transaction,freeze,freeze,0.8300000000000001,0.42884819977916705,722,0.0,0.0,0.0,0.0,0.0,0.0,0.16,0.0,0.0,0.84,0.0,0.0,0.0,0.0
hey mate I'm on lock my cardos lost my card so I need the freezer to stop all transactions can you please do that for me,freeze,freeze,0.89,0.44466829998418606,730,0.0,0.0,0.0,0.0,0.0,0.0,0.1,0.0,0.0,0.9,0.0,0.0,0.0,0.0
I want to put a temporary freeze on my card please,freeze,freeze,1.0,0.432723100064322,713,0.0,0.0,0.0,0.0,0.0,0.0,0.0,0.0,0.0,1.0,0.0,0.0,0.0,0.0
I like to enquire about cancelling also freezing all transactions on my account on my card thanks you can help,freeze,freeze,1.0,0.426607200177386,723,0.0,0.0,0.0,0.0,0.0,0.0,0.0,0.0,0.0,1.0,0.0,0.0,0.0,0.0
hey mate I'm just at the pub last night and look I've lost my card there's been no transaction on it so far but I just really need it frozen as soon as possible if you do that for me you'd be a bloody legend thank you so much,freeze,freeze,0.91,0.42302530002780203,755,0.0,0.0,0.0,0.0,0.0,0.0,0.08,0.0,0.0,0.92,0.0,0.0,0.0,0.0
I need some help to freeze my card,freeze,freeze,1.0,0.5044187000021331,710,0.0,0.0,0.0,0.0,0.0,0.0,0.0,0.0,0.0,1.0,0.0,0.0,0.0,0.0
lock card immediately,freeze,freeze,1.0,0.45208499999716806,705,0.0,0.0,0.0,0.0,0.0,0.0,0.0,0.0,0.0,1.0,0.0,0.0,0.0,0.0
oh hi there I've just discovered that my card has gone missing and ID like to freeze my car so that no transaction connect her can you help me help me with that please thanks,freeze,freeze,0.89,0.44130169996060403,738,0.0,0.0,0.0,0.0,0.0,0.0,0.1,0.0,0.0,0.9,0.0,0.0,0.0,0.0
the after start load the app does not load my new account balance is is that the app is being serviced and now I cannot access my account,app_error,app_error,1.0,0.429266500053927,730,0.0,0.0,1.0,0.0,0.0,0.0,0.0,0.0,0.0,0.0,0.0,0.0,0.0,0.0
log into reason around materials keep getting me down,app_error,app_error,0.86,0.460234300000593,711,0.0,0.0,0.87,0.0,0.05,0.0,0.05,0.0,0.0,0.0,0.0,0.0,0.02,0.01
the App isn't loading properly it is not loading my new account balance,app_error,app_error,0.97,0.46523290011100404,716,0.0,0.0,0.97,0.0,0.03,0.0,0.0,0.0,0.0,0.0,0.0,0.0,0.0,0.0
hi I don't think my apps working properly,app_error,app_error,1.0,0.45281970012001604,711,0.0,0.0,1.0,0.0,0.0,0.0,0.0,0.0,0.0,0.0,0.0,0.0,0.0,0.0
I'm trying to use the new app but the app does not load it keeps freezing,app_error,app_error,1.0,0.47597369994036803,719,0.0,0.0,1.0,0.0,0.0,0.0,0.0,0.0,0.0,0.0,0.0,0.0,0.0,0.0
the app does not load and it is not working for me can you please help,app_error,app_error,1.0,0.442313800100237,718,0.0,0.0,1.0,0.0,0.0,0.0,0.0,0.0,0.0,0.0,0.0,0.0,0.0,0.0
the app keep crashing everytime I try to open it,app_error,app_error,1.0,0.45184120000340006,712,0.0,0.0,1.0,0.0,0.0,0.0,0.0,0.0,0.0,0.0,0.0,0.0,0.0,0.0
hi there I'm having a bit of an issue with the app it doesn't seem to be loading my new account balance just wanted you can help me please,app_error,app_error,0.8300000000000001,0.43243029993027404,733,0.0,0.0,0.84,0.0,0.16,0.0,0.0,0.0,0.0,0.0,0.0,0.0,0.0,0.0
the App isn't working,app_error,app_error,1.0,0.48048330005258305,707,0.0,0.0,1.0,0.0,0.0,0.0,0.0,0.0,0.0,0.0,0.0,0.0,0.0,0.0
the app does not worried,app_error,app_error,0.99,0.421799300005659,707,0.0,0.0,0.99,0.0,0.01,0.0,0.0,0.0,0.0,0.0,0.0,0.0,0.0,0.0
I'm having trouble making transfers on the app,app_error,app_error,0.8300000000000001,0.43850710010156,711,0.0,0.0,0.84,0.0,0.0,0.0,0.0,0.0,0.0,0.0,0.16,0.0,0.0,0.0
hello I need some help with the mobile app I've tried to login as giving me an error code,app_error,app_error,1.0,0.41509850020520306,722,0.0,0.0,1.0,0.0,0.0,0.0,0.0,0.0,0.0,0.0,0.0,0.0,0.0,0.0
yeah g'day mate I moment some kind of problem with the app it's not loading my account balance just trying to figure out what's going on thanks,app_error,app_error,0.98,0.470109200105071,733,0.0,0.0,0.98,0.0,0.02,0.0,0.0,0.0,0.0,0.0,0.0,0.0,0.0,0.0
I'm having difficulties loading my account from the app,app_error,app_error,1.0,0.47604310000315303,712,0.0,0.0,1.0,0.0,0.0,0.0,0.0,0.0,0.0,0.0,0.0,0.0,0.0,0.0
hi my name is Brayden and I was just using recently using the application on my phone and noticed that the App isn't loading at the moment I can't load or something about my account information so I was just wondering if the app is being serviced or if it's down at the moment or what the problem was,app_error,app_error,1.0,0.48103679995983806,765,0.0,0.0,1.0,0.0,0.0,0.0,0.0,0.0,0.0,0.0,0.0,0.0,0.0,0.0
hi there I'm just calling to say that the app doesn't work,app_error,app_error,1.0,0.48221540008671504,716,0.0,0.0,1.0,0.0,0.0,0.0,0.0,0.0,0.0,0.0,0.0,0.0,0.0,0.0
the app for my bank is not working at the moment how can I access my money,app_error,app_error,1.0,0.47588700009509904,719,0.0,0.0,1.0,0.0,0.0,0.0,0.0,0.0,0.0,0.0,0.0,0.0,0.0,0.0
I deactivate not load for my account,app_error,freeze,0.75,0.48981299996376004,709,0.0,0.0,0.17,0.0,0.0,0.0,0.02,0.0,0.04,0.77,0.0,0.0,0.0,0.0
we're having issues with the online banking app I'm not sure what's wrong with but when I try to login it keeps crashing so what I've done is I've deleted it and we installed it but it still does the same thing and it's not working is there any way that you can call me back and assist me thank you,app_error,app_error,1.0,0.46165379998274103,769,0.0,0.0,1.0,0.0,0.0,0.0,0.0,0.0,0.0,0.0,0.0,0.0,0.0,0.0
hi I'm trying to access my account but the App isn't working,app_error,app_error,1.0,0.437180500011891,716,0.0,0.0,1.0,0.0,0.0,0.0,0.0,0.0,0.0,0.0,0.0,0.0,0.0,0.0
hi I'm just calling because I'm having a bit of an issue with the bank app it doesn't seem to be working properly I'm not really sure what to do next,app_error,app_error,1.0,0.45371060003526503,737,0.0,0.0,1.0,0.0,0.0,0.0,0.0,0.0,0.0,0.0,0.0,0.0,0.0,0.0
hi I'm using your app and is not working right now I can't get it to access my account,app_error,app_error,1.0,0.43033010000362903,723,0.0,0.0,1.0,0.0,0.0,0.0,0.0,0.0,0.0,0.0,0.0,0.0,0.0,0.0
I downloaded the app and the app doesn't seem to be working with my current phone so I was wondering if there's any other way I can access me information without the app that would be good because I just can't get it to work,app_error,app_error,1.0,0.46662249998189503,750,0.0,0.0,1.0,0.0,0.0,0.0,0.0,0.0,0.0,0.0,0.0,0.0,0.0,0.0
hi so I downloaded the phone app for your bank and it's not working like I go to sign in and it freezes and tells me that my password is incorrect and then the past at the app will force shut itself,app_error,app_error,1.0,0.45381710003130105,745,0.0,0.0,1.0,0.0,0.0,0.0,0.0,0.0,0.0,0.0,0.0,0.0,0.0,0.0
I updated the app now crashes when I try and open it,app_error,app_error,1.0,0.48914560000412105,714,0.0,0.0,1.0,0.0,0.0,0.0,0.0,0.0,0.0,0.0,0.0,0.0,0.0,0.0
hi I'm trying to use the app but it won't load my account balance I'm able to use it,app_error,app_error,0.77,0.44551010010764003,724,0.0,0.0,0.79,0.0,0.21,0.0,0.0,0.0,0.0,0.0,0.0,0.0,0.0,0.0
so I'm trying to use an app and for the backup and the app is not working properly it's not working on my phone and then I don't know why,app_error,app_error,1.0,0.48821610002778404,735,0.0,0.0,1.0,0.0,0.0,0.0,0.0,0.0,0.0,0.0,0.0,0.0,0.0,0.0
help with your Android app I can't get into it at all it just shows me a error as soon as I open the app,app_error,app_error,1.0,0.44556179991923206,728,0.0,0.0,1.0,0.0,0.0,0.0,0.0,0.0,0.0,0.0,0.0,0.0,0.0,0.0
my Atlas is to login,app_error,app_error,1.0,0.41273950017057304,707,0.0,0.0,1.0,0.0,0.0,0.0,0.0,0.0,0.0,0.0,0.0,0.0,0.0,0.0
hi there I'm just calling in regards to your app not working it says that the app is being serviced and now I can access my account,app_error,app_error,1.0,0.46515460009686604,730,0.0,0.0,1.0,0.0,0.0,0.0,0.0,0.0,0.0,0.0,0.0,0.0,0.0,0.0
the app for my bank account is not loading,app_error,app_error,1.0,0.44838989991694606,711,0.0,0.0,1.0,0.0,0.0,0.0,0.0,0.0,0.0,0.0,0.0,0.0,0.0,0.0
tickle and let you know the apps not working with not let me with my new account balance,app_error,app_error,0.92,0.44877969985827804,721,0.0,0.0,0.93,0.0,0.07,0.0,0.0,0.0,0.0,0.0,0.0,0.0,0.0,0.0
the App isn't working even when I refresh it not loading,app_error,app_error,1.0,0.43339339992962705,714,0.0,0.0,1.0,0.0,0.0,0.0,0.0,0.0,0.0,0.0,0.0,0.0,0.0,0.0
hi I'm just calling about a technical issue with your bank app I'm trying to get on at the moment and it says the app can't contact the bank server and retrieve my details,app_error,app_error,1.0,0.49222809984348703,739,0.0,0.0,1.0,0.0,0.0,0.0,0.0,0.0,0.0,0.0,0.0,0.0,0.0,0.0
hi I wonder what happened to the banking apps today because he doesn't seem so I'm walking I can't access to my account either,app_error,app_error,1.0,0.46676119999028703,729,0.0,0.0,1.0,0.0,0.0,0.0,0.0,0.0,0.0,0.0,0.0,0.0,0.0,0.0
I have downloaded your bank e app,app_error,app_error,0.99,0.429764800006523,709,0.0,0.0,0.99,0.0,0.01,0.0,0.0,0.0,0.0,0.0,0.0,0.0,0.0,0.0
I'm having trouble accessing the app it says I cannot access it at the moment please try again later,app_error,app_error,1.0,0.402284399839118,722,0.0,0.0,1.0,0.0,0.0,0.0,0.0,0.0,0.0,0.0,0.0,0.0,0.0,0.0
having a problem loading the bank app,app_error,app_error,1.0,0.44057630002498605,709,0.0,0.0,1.0,0.0,0.0,0.0,0.0,0.0,0.0,0.0,0.0,0.0,0.0,0.0
the app is not working I can't access my account,app_error,app_error,1.0,0.445512000005692,713,0.0,0.0,1.0,0.0,0.0,0.0,0.0,0.0,0.0,0.0,0.0,0.0,0.0,0.0
hello I was only download your Banks app Apple Store and I go and open the app crashes,app_error,app_error,1.0,0.433109399862587,720,0.0,0.0,1.0,0.0,0.0,0.0,0.0,0.0,0.0,0.0,0.0,0.0,0.0,0.0
hello I've recently been using that for your bank but that does not seem to Levitt,app_error,app_error,0.64,0.48376609990373204,720,0.01,0.02,0.67,0.0,0.04,0.0,0.06,0.0,0.05,0.02,0.03,0.01,0.08,0.01
the average having trouble loading,app_error,app_error,0.97,0.429998299805447,707,0.0,0.0,0.97,0.0,0.02,0.0,0.0,0.0,0.0,0.0,0.0,0.0,0.01,0.0
oh hi there I'm hoping to withdraw some money from my ATM or using ATM just wondering how much I can take out is there a limit thanks,atm_limit,atm_limit,1.0,0.46650839992798804,731,0.0,0.0,0.0,1.0,0.0,0.0,0.0,0.0,0.0,0.0,0.0,0.0,0.0,0.0
hi just calling to query what a maximum withdrawal limit is at the ATM,atm_limit,atm_limit,1.0,0.44713849993422605,716,0.0,0.0,0.0,1.0,0.0,0.0,0.0,0.0,0.0,0.0,0.0,0.0,0.0,0.0
could I please withdraw some money from the ATM on how much is the maximum amount of money that I could possibly withdraw,atm_limit,atm_limit,1.0,0.402878700057044,725,0.0,0.0,0.0,1.0,0.0,0.0,0.0,0.0,0.0,0.0,0.0,0.0,0.0,0.0
I'm wondering how much money I can take out of any 1 time,atm_limit,atm_limit,0.98,0.46985469991341205,717,0.0,0.0,0.0,0.98,0.0,0.0,0.0,0.0,0.0,0.0,0.02,0.0,0.0,0.0
I need to get money out tomorrow and I'm just wondering what's the maximum I can withdraw from my account thanks,atm_limit,atm_limit,1.0,0.434430299792438,725,0.0,0.0,0.0,1.0,0.0,0.0,0.0,0.0,0.0,0.0,0.0,0.0,0.0,0.0
what's the total amount that I can withdraw,atm_limit,atm_limit,0.8200000000000001,0.409819799941033,711,0.0,0.0,0.0,0.8300000000000001,0.17,0.0,0.0,0.0,0.0,0.0,0.0,0.0,0.0,0.0
I wonder what the maximum amount of money I can withdraw his,atm_limit,atm_limit,1.0,0.46813610009849005,714,0.0,0.0,0.0,1.0,0.0,0.0,0.0,0.0,0.0,0.0,0.0,0.0,0.0,0.0
where's my maximum limit I can withdraw at one of your guys is ATMs,atm_limit,atm_limit,1.0,0.46901929983869106,718,0.0,0.0,0.0,1.0,0.0,0.0,0.0,0.0,0.0,0.0,0.0,0.0,0.0,0.0
I want to redraw money from the ATM and I'm wondering what is the maximum amount of money I can redraw at the ATM is that possible for me to increase my withdrawal limit at a cash machine or do I have to do it on the apps or something else,atm_limit,atm_limit,1.0,0.49517700006254006,754,0.0,0.0,0.0,1.0,0.0,0.0,0.0,0.0,0.0,0.0,0.0,0.0,0.0,0.0
what is my withdrawal limit at ATM,atm_limit,atm_limit,1.0,0.44276380003429905,709,0.0,0.0,0.0,1.0,0.0,0.0,0.0,0.0,0.0,0.0,0.0,0.0,0.0,0.0
good afternoon look I'm just actually it one of your ATMs right now and I need to pay cash and I'm just wondering what the maximum amount that I can withdraw right now it's like s and help with that at the fantastic thank you,atm_limit,atm_limit,1.0,0.48449860000982803,751,0.0,0.0,0.0,1.0,0.0,0.0,0.0,0.0,0.0,0.0,0.0,0.0,0.0,0.0
I am I'm going to withdraw my from the ATM I'm wondering how much money can I withdraw,atm_limit,atm_limit,1.0,0.466087599983438,722,0.0,0.0,0.0,1.0,0.0,0.0,0.0,0.0,0.0,0.0,0.0,0.0,0.0,0.0
I'm wondering how much money I can withdraw from the ATM,atm_limit,atm_limit,1.0,0.433802300132811,714,0.0,0.0,0.0,1.0,0.0,0.0,0.0,0.0,0.0,0.0,0.0,0.0,0.0,0.0
hello I'm calling about using an ATM just wondering what the maximum amount of money I can take out at any 1 time is,atm_limit,atm_limit,1.0,0.46080269990488804,728,0.0,0.0,0.0,1.0,0.0,0.0,0.0,0.0,0.0,0.0,0.0,0.0,0.0,0.0
what is the maximum amount of money I can withdraw from my account at one time thank you,atm_limit,atm_limit,1.0,0.44423509994521704,720,0.0,0.0,0.0,1.0,0.0,0.0,0.0,0.0,0.0,0.0,0.0,0.0,0.0,0.0
hi I just wanted to double check how much money I may need to take out at the ATM,atm_limit,atm_limit,1.0,0.457825599936768,721,0.0,0.0,0.0,1.0,0.0,0.0,0.0,0.0,0.0,0.0,0.0,0.0,0.0,0.0
what is the maximum amount of money that I can withdraw how can I increase my withdrawal limit at the cash machine,atm_limit,atm_limit,1.0,0.45837000012397705,724,0.0,0.0,0.0,1.0,0.0,0.0,0.0,0.0,0.0,0.0,0.0,0.0,0.0,0.0
what is my maximum ATM withdrawal amount,atm_limit,atm_limit,1.0,0.45517270010896005,709,0.0,0.0,0.0,1.0,0.0,0.0,0.0,0.0,0.0,0.0,0.0,0.0,0.0,0.0
hi so I'm new to the bank and at the moment I'm trying to withdraw money from my local ATM however I'm a bit unsure as to how much I can she withdraw her transaction as well as also have per day,atm_limit,atm_limit,1.0,0.45597549993544806,747,0.0,0.0,0.0,1.0,0.0,0.0,0.0,0.0,0.0,0.0,0.0,0.0,0.0,0.0
what's the limit I can take out of my account each day,atm_limit,atm_limit,1.0,0.453993099974468,715,0.0,0.0,0.0,1.0,0.0,0.0,0.0,0.0,0.0,0.0,0.0,0.0,0.0,0.0
I want to take some money out of the ATM what's the max I can take out,atm_limit,atm_limit,1.0,0.501966800075024,720,0.0,0.0,0.0,1.0,0.0,0.0,0.0,0.0,0.0,0.0,0.0,0.0,0.0,0.0
I want to withdraw some money and I need to know the maximum amount that I can live for so can you tell me the amount of money that I can lick took my account,atm_limit,atm_limit,0.49,0.46377559984102806,737,0.0,0.0,0.0,0.53,0.47000000000000003,0.0,0.0,0.0,0.0,0.0,0.0,0.0,0.0,0.0
I try to withdraw some money from a machine and I'm just wondering how much I can withdraw Huawei what's what's the most I can withdraw,atm_limit,atm_limit,1.0,0.42880029999651004,731,0.0,0.0,0.0,1.0,0.0,0.0,0.0,0.0,0.0,0.0,0.0,0.0,0.0,0.0
what is the limit at the ATM,atm_limit,atm_limit,1.0,0.45357770007103604,709,0.0,0.0,0.0,1.0,0.0,0.0,0.0,0.0,0.0,0.0,0.0,0.0,0.0,0.0
so I'm just at an ATM and I'm wondering how much can I get out of this ATM but what's the biggest amount I can get out,atm_limit,atm_limit,1.0,0.49452559999190204,732,0.0,0.0,0.0,1.0,0.0,0.0,0.0,0.0,0.0,0.0,0.0,0.0,0.0,0.0
can you please tell me what my ATM withdrawal limit is please,atm_limit,atm_limit,1.0,0.43934170017018903,714,0.0,0.0,0.0,1.0,0.0,0.0,0.0,0.0,0.0,0.0,0.0,0.0,0.0,0.0
how much money can I take out of the ATM at one time,atm_limit,atm_limit,1.0,0.442006799858063,715,0.0,0.0,0.0,1.0,0.0,0.0,0.0,0.0,0.0,0.0,0.0,0.0,0.0,0.0
clue I'm ringing up to try and find out about what's my limit to draw cash from my from the ATM,atm_limit,atm_limit,1.0,0.42656509997323105,726,0.0,0.0,0.0,1.0,0.0,0.0,0.0,0.0,0.0,0.0,0.0,0.0,0.0,0.0
how much money can I take out of the ATM,atm_limit,atm_limit,1.0,0.44533709995448506,712,0.0,0.0,0.0,1.0,0.0,0.0,0.0,0.0,0.0,0.0,0.0,0.0,0.0,0.0
what's the limit on my credit card when I use it in an ATM,atm_limit,atm_limit,1.0,0.43981670006178303,717,0.0,0.0,0.0,1.0,0.0,0.0,0.0,0.0,0.0,0.0,0.0,0.0,0.0,0.0
I want to do with at the moment for my ATM and I want to do us what's the withdrawal limit of this bank and if the limit is below what I want can I increase the limit somehow please get back to me,atm_limit,atm_limit,1.0,0.633229500148445,747,0.0,0.0,0.0,1.0,0.0,0.0,0.0,0.0,0.0,0.0,0.0,0.0,0.0,0.0
what is Maya limit at the ATM,atm_limit,atm_limit,1.0,0.46794159989804,709,0.0,0.0,0.0,1.0,0.0,0.0,0.0,0.0,0.0,0.0,0.0,0.0,0.0,0.0
hello I'm just trying to figure out what the withdrawal limit from an ATM is and if I can increase it's not thanks,atm_limit,atm_limit,1.0,0.452246999833732,727,0.0,0.0,0.0,1.0,0.0,0.0,0.0,0.0,0.0,0.0,0.0,0.0,0.0,0.0
hello is this the bank that I'm currently using ID like to know my current limit at the ATM as to how much money I can withdraw and if there's any way I can increase their thank you,atm_limit,atm_limit,1.0,0.39773640013299805,742,0.0,0.0,0.0,1.0,0.0,0.0,0.0,0.0,0.0,0.0,0.0,0.0,0.0,0.0
hi there I'm just calling in regards to the limit at the ATM is there a way I can increase my withdrawal limit at the cash machine,atm_limit,atm_limit,1.0,0.5040786999743431,730,0.0,0.0,0.0,1.0,0.0,0.0,0.0,0.0,0.0,0.0,0.0,0.0,0.0,0.0
how much money in one day,atm_limit,atm_limit,0.8300000000000001,0.459633799968287,708,0.0,0.0,0.0,0.84,0.11,0.0,0.0,0.0,0.0,0.0,0.04,0.0,0.01,0.0
cash can I withdraw at an ATM,atm_limit,atm_limit,1.0,0.42327390005812005,709,0.0,0.0,0.0,1.0,0.0,0.0,0.0,0.0,0.0,0.0,0.0,0.0,0.0,0.0
I was hoping to find out what the maximum withdrawal limit is on getting money out of my debit card from an ATM,atm_limit,atm_limit,1.0,0.42720829998143,725,0.0,0.0,0.0,1.0,0.0,0.0,0.0,0.0,0.0,0.0,0.0,0.0,0.0,0.0
hello I'm just wondering how much money I can withdraw from the ATM machine at the moment and also what would be the maximum amount ID be allowed out her today from the machine thank you,atm_limit,atm_limit,1.0,0.484977100044488,739,0.0,0.0,0.0,1.0,0.0,0.0,0.0,0.0,0.0,0.0,0.0,0.0,0.0,0.0
hey mate I'm a fairly large transaction that I need to make in cash and I was wondering what the daily withdrawal amount was for the for the ATM and if there's any way that I might be able to increase that if it's a bit too low for what I'm looking for thanks,atm_limit,atm_limit,1.0,0.44738419982604605,760,0.0,0.0,0.0,1.0,0.0,0.0,0.0,0.0,0.0,0.0,0.0,0.0,0.0,0.0
how much in total can I withdraw from the ATM,atm_limit,atm_limit,1.0,0.482241800054907,712,0.0,0.0,0.0,1.0,0.0,0.0,0.0,0.0,0.0,0.0,0.0,0.0,0.0,0.0
what is the maximum amount of money I can withdraw from the ATM,atm_limit,atm_limit,1.0,0.454249099828302,715,0.0,0.0,0.0,1.0,0.0,0.0,0.0,0.0,0.0,0.0,0.0,0.0,0.0,0.0
what's the maximum amount of money actor withdraw,atm_limit,atm_limit,0.99,0.454680900089442,711,0.0,0.0,0.0,0.99,0.0,0.0,0.0,0.0,0.0,0.0,0.0,0.0,0.01,0.0
what is the maximum I can withdraw please from a cash machine,atm_limit,atm_limit,1.0,0.43541310005821204,714,0.0,0.0,0.0,1.0,0.0,0.0,0.0,0.0,0.0,0.0,0.0,0.0,0.0,0.0
what is the maximum withdrawal from ATM,atm_limit,atm_limit,1.0,0.43006659997627106,709,0.0,0.0,0.0,1.0,0.0,0.0,0.0,0.0,0.0,0.0,0.0,0.0,0.0,0.0
I like to withdraw money from the cash machine but what is the limit can you tell me how much money I can withdraw,atm_limit,atm_limit,1.0,0.5025537000037731,726,0.0,0.0,0.0,1.0,0.0,0.0,0.0,0.0,0.0,0.0,0.0,0.0,0.0,0.0
good morning I would leave I would like to know,atm_limit,balance,0.77,0.427839200012385,712,0.05,0.03,0.01,0.01,0.79,0.0,0.02,0.0,0.01,0.03,0.02,0.0,0.03,0.0
I'm just wondering what's the maximum amount that I can withdraw from the ATM,atm_limit,atm_limit,1.0,0.41919019981287403,718,0.0,0.0,0.0,1.0,0.0,0.0,0.0,0.0,0.0,0.0,0.0,0.0,0.0,0.0
hello how's this wondering how much money can I withdraw,atm_limit,atm_limit,1.0,0.45656799990683705,713,0.0,0.0,0.0,1.0,0.0,0.0,0.0,0.0,0.0,0.0,0.0,0.0,0.0,0.0
hi I just wanted to choir about the limit of my ATM withdrawal them at my atm I just wanted to just double check say how much I can ask you withdraw so thank you,atm_limit,atm_limit,1.0,0.434053800068795,737,0.0,0.0,0.0,1.0,0.0,0.0,0.0,0.0,0.0,0.0,0.0,0.0,0.0,0.0
I will like to change my address,address,address,1.0,0.44740950013510805,709,0.0,1.0,0.0,0.0,0.0,0.0,0.0,0.0,0.0,0.0,0.0,0.0,0.0,0.0
I need to change my address,address,address,1.0,0.424482099944725,708,0.0,1.0,0.0,0.0,0.0,0.0,0.0,0.0,0.0,0.0,0.0,0.0,0.0,0.0
I want to change my address,address,address,1.0,0.45721439993940205,708,0.0,1.0,0.0,0.0,0.0,0.0,0.0,0.0,0.0,0.0,0.0,0.0,0.0,0.0
I want to change my address,address,address,1.0,0.448790800059214,708,0.0,1.0,0.0,0.0,0.0,0.0,0.0,0.0,0.0,0.0,0.0,0.0,0.0,0.0
I can I there I have just recently moved house and ID like some assistants please with changing my address that's ok,address,address,1.0,0.426570799900218,725,0.0,1.0,0.0,0.0,0.0,0.0,0.0,0.0,0.0,0.0,0.0,0.0,0.0,0.0
I would like to change my address,address,address,1.0,0.411973900161683,709,0.0,1.0,0.0,0.0,0.0,0.0,0.0,0.0,0.0,0.0,0.0,0.0,0.0,0.0
I need to update my address,address,address,1.0,0.5191138000227511,708,0.0,1.0,0.0,0.0,0.0,0.0,0.0,0.0,0.0,0.0,0.0,0.0,0.0,0.0
I want to change my address,address,address,1.0,0.47658280003815806,708,0.0,1.0,0.0,0.0,0.0,0.0,0.0,0.0,0.0,0.0,0.0,0.0,0.0,0.0
hi I would like to change my address,address,address,1.0,0.46960620000027103,710,0.0,1.0,0.0,0.0,0.0,0.0,0.0,0.0,0.0,0.0,0.0,0.0,0.0,0.0
hi I want to change my address please,address,address,1.0,0.42827310017310005,710,0.0,1.0,0.0,0.0,0.0,0.0,0.0,0.0,0.0,0.0,0.0,0.0,0.0,0.0
I want to change my address,address,address,1.0,0.47890980006195605,708,0.0,1.0,0.0,0.0,0.0,0.0,0.0,0.0,0.0,0.0,0.0,0.0,0.0,0.0
hello I'm looking to change my address how would I go about changing this,address,address,1.0,0.41507399990223304,717,0.0,1.0,0.0,0.0,0.0,0.0,0.0,0.0,0.0,0.0,0.0,0.0,0.0,0.0
hiya I need a change my address so would you be able to help me out and doing this thanks,address,address,1.0,0.446753199910745,723,0.0,1.0,0.0,0.0,0.0,0.0,0.0,0.0,0.0,0.0,0.0,0.0,0.0,0.0
hello I'm calling as I need to change my address,address,address,1.0,0.48377299983985705,713,0.0,1.0,0.0,0.0,0.0,0.0,0.0,0.0,0.0,0.0,0.0,0.0,0.0,0.0
I'm hoping to change my current home address please,address,address,1.0,0.43381359986960805,712,0.0,1.0,0.0,0.0,0.0,0.0,0.0,0.0,0.0,0.0,0.0,0.0,0.0,0.0
my address I want to change my address,address,address,1.0,0.43986790021881406,710,0.0,1.0,0.0,0.0,0.0,0.0,0.0,0.0,0.0,0.0,0.0,0.0,0.0,0.0
hi I'm just calling up because I have noticed that I want to change my address I needed to be changed on some of my phone's so I'm just looking to be able to change my address,address,address,1.0,0.433760700048878,742,0.0,1.0,0.0,0.0,0.0,0.0,0.0,0.0,0.0,0.0,0.0,0.0,0.0,0.0
I've moved house and ID like to change my address please,address,address,1.0,0.458762699970975,714,0.0,1.0,0.0,0.0,0.0,0.0,0.0,0.0,0.0,0.0,0.0,0.0,0.0,0.0
hi it is the ANZ bank yet so I was just calling in regards to changing my address so I've just moved houses and I was just wondering if I could get my letters forwarded to my new address as there's a 1 my can is currently registered it,address,address,1.0,0.467623099917545,755,0.0,1.0,0.0,0.0,0.0,0.0,0.0,0.0,0.0,0.0,0.0,0.0,0.0,0.0
hey I've moved houses and I want to change my address,address,address,1.0,0.423131000017747,714,0.0,1.0,0.0,0.0,0.0,0.0,0.0,0.0,0.0,0.0,0.0,0.0,0.0,0.0
play I was bringing up kids ID like to change my address,address,address,1.0,0.44278139993548304,714,0.0,1.0,0.0,0.0,0.0,0.0,0.0,0.0,0.0,0.0,0.0,0.0,0.0,0.0
ID like to change my address,address,address,1.0,0.476364000001922,708,0.0,1.0,0.0,0.0,0.0,0.0,0.0,0.0,0.0,0.0,0.0,0.0,0.0,0.0
I like to change my address please,address,address,1.0,0.474773599999025,709,0.0,1.0,0.0,0.0,0.0,0.0,0.0,0.0,0.0,0.0,0.0,0.0,0.0,0.0
good afternoon I'm ringing up wishing to change my address I've actually just recently moved and I would like to just voice you this so you can update and therefore you are where where I am now,address,address,1.0,0.46560269990004605,741,0.0,1.0,0.0,0.0,0.0,0.0,0.0,0.0,0.0,0.0,0.0,0.0,0.0,0.0
my address,address,address,1.0,0.544133600080385,704,0.0,1.0,0.0,0.0,0.0,0.0,0.0,0.0,0.0,0.0,0.0,0.0,0.0,0.0
now I'm looking to change my address please,address,address,1.0,0.44961289991624603,711,0.0,1.0,0.0,0.0,0.0,0.0,0.0,0.0,0.0,0.0,0.0,0.0,0.0,0.0
how can I change my address,address,address,1.0,0.44095769990235506,708,0.0,1.0,0.0,0.0,0.0,0.0,0.0,0.0,0.0,0.0,0.0,0.0,0.0,0.0
Immerse problem I want to change my address,address,address,1.0,0.44719749991782004,712,0.0,1.0,0.0,0.0,0.0,0.0,0.0,0.0,0.0,0.0,0.0,0.0,0.0,0.0
hey I would like to change my address,address,address,1.0,0.48376740003004604,710,0.0,1.0,0.0,0.0,0.0,0.0,0.0,0.0,0.0,0.0,0.0,0.0,0.0,0.0
hey there I'm just going to change my address,address,address,1.0,0.451143499929457,712,0.0,1.0,0.0,0.0,0.0,0.0,0.0,0.0,0.0,0.0,0.0,0.0,0.0,0.0
hi I'm just calling because I've moved recently and I just wanted to update my address,address,address,1.0,0.476374799851328,720,0.0,1.0,0.0,0.0,0.0,0.0,0.0,0.0,0.0,0.0,0.0,0.0,0.0,0.0
I would like to change my address,address,address,1.0,0.47352300002239606,709,0.0,1.0,0.0,0.0,0.0,0.0,0.0,0.0,0.0,0.0,0.0,0.0,0.0,0.0
hello I would like to change my address please,address,address,1.0,0.46330719999969006,711,0.0,1.0,0.0,0.0,0.0,0.0,0.0,0.0,0.0,0.0,0.0,0.0,0.0,0.0
I am going to change my address thanks,address,address,1.0,0.45705029997043306,710,0.0,1.0,0.0,0.0,0.0,0.0,0.0,0.0,0.0,0.0,0.0,0.0,0.0,0.0
can I please change my address,address,address,1.0,0.45694619999267105,708,0.0,1.0,0.0,0.0,0.0,0.0,0.0,0.0,0.0,0.0,0.0,0.0,0.0,0.0
hi I just said the address of my come please,address,address,1.0,0.492950199870392,712,0.0,1.0,0.0,0.0,0.0,0.0,0.0,0.0,0.0,0.0,0.0,0.0,0.0,0.0
I want to change my address,address,address,1.0,0.527499699965119,708,0.0,1.0,0.0,0.0,0.0,0.0,0.0,0.0,0.0,0.0,0.0,0.0,0.0,0.0
hey there I'm just calling about my address I've recently moved and I'm just needing to change it hopefully you can just lend me a hand with that one thanks,address,address,1.0,0.48163609998300605,735,0.0,1.0,0.0,0.0,0.0,0.0,0.0,0.0,0.0,0.0,0.0,0.0,0.0,0.0
I would like to change my address,address,address,1.0,0.557680099969729,709,0.0,1.0,0.0,0.0,0.0,0.0,0.0,0.0,0.0,0.0,0.0,0.0,0.0,0.0
hi I would like to change my career address because I've moved house last week is that possible,address,address,1.0,0.431663699913769,721,0.0,1.0,0.0,0.0,0.0,0.0,0.0,0.0,0.0,0.0,0.0,0.0,0.0,0.0
I need to change my address,address,address,1.0,0.45260050008073405,708,0.0,1.0,0.0,0.0,0.0,0.0,0.0,0.0,0.0,0.0,0.0,0.0,0.0,0.0
I want to change my address,address,address,1.0,0.47626710007898504,708,0.0,1.0,0.0,0.0,0.0,0.0,0.0,0.0,0.0,0.0,0.0,0.0,0.0,0.0
hello is this the bank ID like to change my address please,address,address,1.0,0.42158159986138305,714,0.0,1.0,0.0,0.0,0.0,0.0,0.0,0.0,0.0,0.0,0.0,0.0,0.0,0.0
hi how would I go about changing my address,address,address,1.0,0.45218600006774,711,0.0,1.0,0.0,0.0,0.0,0.0,0.0,0.0,0.0,0.0,0.0,0.0,0.0,0.0
I want to change my address,address,address,1.0,0.566380299860611,708,0.0,1.0,0.0,0.0,0.0,0.0,0.0,0.0,0.0,0.0,0.0,0.0,0.0,0.0
hi my name is John Smith I'm just calling because I want to change my address listed with your bank from 1 Smith Street to 2 Smith Street please,address,address,1.0,0.49574050004594006,734,0.0,1.0,0.0,0.0,0.0,0.0,0.0,0.0,0.0,0.0,0.0,0.0,0.0,0.0
ID like to change my address please,address,address,1.0,0.49271359993144803,709,0.0,1.0,0.0,0.0,0.0,0.0,0.0,0.0,0.0,0.0,0.0,0.0,0.0,0.0
I want to change my address,address,address,1.0,0.48010809998959303,708,0.0,1.0,0.0,0.0,0.0,0.0,0.0,0.0,0.0,0.0,0.0,0.0,0.0,0.0
hello how did my name is help me today I just want to update my address details on my account,address,address,1.0,0.516944400034844,722,0.0,1.0,0.0,0.0,0.0,0.0,0.0,0.0,0.0,0.0,0.0,0.0,0.0,0.0
wondering if you could help me with changing my address please,address,address,1.0,0.49415750009939,715,0.0,1.0,0.0,0.0,0.0,0.0,0.0,0.0,0.0,0.0,0.0,0.0,0.0,0.0
hello I was just wondering if I could please change my address thank you,address,address,1.0,0.5388203000184141,716,0.0,1.0,0.0,0.0,0.0,0.0,0.0,0.0,0.0,0.0,0.0,0.0,0.0,0.0
I want to change my address,address,address,1.0,0.465712200151756,708,0.0,1.0,0.0,0.0,0.0,0.0,0.0,0.0,0.0,0.0,0.0,0.0,0.0,0.0
I need my card abroad can I pay for things when I'm in America,abroad,abroad,1.0,0.41738229990005404,717,1.0,0.0,0.0,0.0,0.0,0.0,0.0,0.0,0.0,0.0,0.0,0.0,0.0,0.0
I have a bank tide I want to know whether it works abroad can I pay for things when I'm in America,abroad,abroad,1.0,0.46539879986085,725,1.0,0.0,0.0,0.0,0.0,0.0,0.0,0.0,0.0,0.0,0.0,0.0,0.0,0.0
I want to find out if my card work for lime overseas,abroad,abroad,1.0,0.43903190013952503,714,1.0,0.0,0.0,0.0,0.0,0.0,0.0,0.0,0.0,0.0,0.0,0.0,0.0,0.0
I have a question about what happens if I got a check a paper check for Christmas and I need to know what to do with it,abroad,cash_deposit,0.9500000000000001,0.45874429983086806,729,0.0,0.0,0.0,0.0,0.0,0.0,0.0,0.9500000000000001,0.0,0.0,0.05,0.0,0.0,0.0
make an Oreo was that I have a card and I want to know whether I can get back to Australia and I,abroad,abroad,0.99,0.49438060005195406,726,0.99,0.0,0.0,0.0,0.0,0.0,0.01,0.0,0.0,0.0,0.0,0.0,0.0,0.0
I have a card from your bank and I need to know if I'm able to use it when I go overseas and if there's going to be a fees to like when I like go and how much is going to cost me I don't want to go buy a lot of fees when I come back,abroad,abroad,1.0,0.47079599997960003,763,1.0,0.0,0.0,0.0,0.0,0.0,0.0,0.0,0.0,0.0,0.0,0.0,0.0,0.0
ID like to use my card abroad please,abroad,abroad,1.0,0.44127630000002604,710,1.0,0.0,0.0,0.0,0.0,0.0,0.0,0.0,0.0,0.0,0.0,0.0,0.0,0.0
I have a card from the bank and I would like to know whether work overseas or not,abroad,abroad,1.0,0.6926476999651641,720,1.0,0.0,0.0,0.0,0.0,0.0,0.0,0.0,0.0,0.0,0.0,0.0,0.0,0.0
I have a card that I can use here in Australia and I want to know if I can use it when I'm over seized,abroad,abroad,0.84,0.456275499891489,728,0.85,0.0,0.0,0.0,0.0,0.0,0.06,0.0,0.0,0.09,0.0,0.0,0.0,0.0
how do I type in the bank and I'll I want to check I can use it overseas,abroad,abroad,1.0,0.40615309984423204,721,1.0,0.0,0.0,0.0,0.0,0.0,0.0,0.0,0.0,0.0,0.0,0.0,0.0,0.0
I'm going overseas and I need to check my credit card works ok but ok overseas,abroad,abroad,1.0,0.38635160005651403,719,1.0,0.0,0.0,0.0,0.0,0.0,0.0,0.0,0.0,0.0,0.0,0.0,0.0,0.0
I've got a card from my bank and I need a card abroad I was wondering if I can pay for things when I'm in America,abroad,abroad,0.99,0.512701499974355,730,0.99,0.0,0.0,0.0,0.0,0.0,0.01,0.0,0.0,0.0,0.0,0.0,0.0,0.0
hi I'm a customer of your bank and I'm planning to travel to America shortly and I just need you to confirm will my card work overseas,abroad,abroad,1.0,0.423323399852961,731,1.0,0.0,0.0,0.0,0.0,0.0,0.0,0.0,0.0,0.0,0.0,0.0,0.0,0.0
hi yep so I moved house and I wanted to change my address,abroad,address,1.0,0.40849739988334405,715,0.0,1.0,0.0,0.0,0.0,0.0,0.0,0.0,0.0,0.0,0.0,0.0,0.0,0.0
hi there I've got don't card and I was wondering whether this card works,abroad,card_issues,0.99,0.503515999997034,718,0.01,0.0,0.0,0.0,0.0,0.0,0.99,0.0,0.0,0.0,0.0,0.0,0.0,0.0
hi I wanted to know whether I can use my card Abroad,abroad,abroad,1.0,0.47158970008604206,716,1.0,0.0,0.0,0.0,0.0,0.0,0.0,0.0,0.0,0.0,0.0,0.0,0.0,0.0
hi I have a card I want to know whether it works overseas but I'm going on vacation,abroad,abroad,1.0,0.508121799910441,721,1.0,0.0,0.0,0.0,0.0,0.0,0.0,0.0,0.0,0.0,0.0,0.0,0.0,0.0
I'm travelling to America and ID like to use my card over there,abroad,abroad,1.0,0.422843900043517,716,1.0,0.0,0.0,0.0,0.0,0.0,0.0,0.0,0.0,0.0,0.0,0.0,0.0,0.0
hi I'm I'm looking at going on a holiday soon and I'm just looking to check if my card work overseas,abroad,abroad,1.0,0.47586060012690706,726,1.0,0.0,0.0,0.0,0.0,0.0,0.0,0.0,0.0,0.0,0.0,0.0,0.0,0.0
high demands an and I'm going to be travelling to Vietnam in about 2 months time I just received my new card and I just wanted to know where I can use overseas and what the fees will be whether I'll be charged anything thank you,abroad,abroad,1.0,0.48340609995648204,751,1.0,0.0,0.0,0.0,0.0,0.0,0.0,0.0,0.0,0.0,0.0,0.0,0.0,0.0
yes I'm I wouldn't know if I can use my credit card when I'm overseas please,abroad,abroad,1.0,0.45793459983542506,721,1.0,0.0,0.0,0.0,0.0,0.0,0.0,0.0,0.0,0.0,0.0,0.0,0.0,0.0
hi I'm going on holiday to America and I would like to know if I can use my card to pay for things while I'm there,abroad,abroad,1.0,0.45527489995583803,730,1.0,0.0,0.0,0.0,0.0,0.0,0.0,0.0,0.0,0.0,0.0,0.0,0.0,0.0
I'm just calling to find out if my card is going to work overseas,abroad,abroad,1.0,0.42511609988287,717,1.0,0.0,0.0,0.0,0.0,0.0,0.0,0.0,0.0,0.0,0.0,0.0,0.0,0.0
can I can I use my card when I'm in America,abroad,abroad,1.0,0.466231000144034,714,1.0,0.0,0.0,0.0,0.0,0.0,0.0,0.0,0.0,0.0,0.0,0.0,0.0,0.0
I need to use my card when I'm going overseas,abroad,abroad,1.0,0.42878789990209004,713,1.0,0.0,0.0,0.0,0.0,0.0,0.0,0.0,0.0,0.0,0.0,0.0,0.0,0.0
got payment going out tomorrow I'm going to amend the amount to do that,abroad,high_value_payment,0.49,0.501551699824631,717,0.0,0.0,0.0,0.0,0.0,0.0,0.0,0.0,0.35000000000000003,0.0,0.53,0.0,0.0,0.12
need to get some travel advice,abroad,abroad,1.0,0.46339230006560606,708,1.0,0.0,0.0,0.0,0.0,0.0,0.0,0.0,0.0,0.0,0.0,0.0,0.0,0.0
I'm about to travel in 2 weeks and I want to know if I'll be able to use my card,abroad,abroad,1.0,0.44371669995598406,725,1.0,0.0,0.0,0.0,0.0,0.0,0.0,0.0,0.0,0.0,0.0,0.0,0.0,0.0
oh hi there I want to find out if the card I've got from the bank can work when I'm overseas,abroad,abroad,1.0,0.42772979987785203,725,1.0,0.0,0.0,0.0,0.0,0.0,0.0,0.0,0.0,0.0,0.0,0.0,0.0,0.0
I wanted to change my address,abroad,address,1.0,0.40121369995176703,708,0.0,1.0,0.0,0.0,0.0,0.0,0.0,0.0,0.0,0.0,0.0,0.0,0.0,0.0
are hi I am travelling overseas and I'm hoping to use my my car while I'm over there as want to find out whether there's anything I had to do to activate the card so work over for you,abroad,abroad,1.0,0.447171499952673,744,1.0,0.0,0.0,0.0,0.0,0.0,0.0,0.0,0.0,0.0,0.0,0.0,0.0,0.0
I need to know what's like my bank I can work overseas,abroad,abroad,1.0,0.45838589989580203,715,1.0,0.0,0.0,0.0,0.0,0.0,0.0,0.0,0.0,0.0,0.0,0.0,0.0,0.0
I need to be able to use my card when I go overseas,abroad,abroad,1.0,0.41611109999939805,715,1.0,0.0,0.0,0.0,0.0,0.0,0.0,0.0,0.0,0.0,0.0,0.0,0.0,0.0
I need my card to work Abroad,abroad,abroad,1.0,0.435929999919608,711,1.0,0.0,0.0,0.0,0.0,0.0,0.0,0.0,0.0,0.0,0.0,0.0,0.0,0.0
hi I'm going overseas for holiday just wondering if I'll be able to use my debit card while overseas if it'll work,abroad,abroad,1.0,0.457351600052788,727,1.0,0.0,0.0,0.0,0.0,0.0,0.0,0.0,0.0,0.0,0.0,0.0,0.0,0.0
I need to set up a joint account with my partner,joint_account,joint_account,1.0,0.449096000054851,713,0.0,0.0,0.0,0.0,0.0,0.0,0.0,0.0,0.0,0.0,0.0,1.0,0.0,0.0
yes I would like to open a joint account,joint_account,joint_account,1.0,0.44910700013861005,711,0.0,0.0,0.0,0.0,0.0,0.0,0.0,0.0,0.0,0.0,0.0,1.0,0.0,0.0
hi I just want to know how do I set up a joint accounts if possible can you run through the steps in the app how to set an account up like resemble what tabs to click on the and just give me an overdue or overall step by step guide on how to do it thank you very much,joint_account,joint_account,1.0,0.46021030005067504,762,0.0,0.0,0.0,0.0,0.0,0.0,0.0,0.0,0.0,0.0,0.0,1.0,0.0,0.0
I'm interested in Singapore joint account with my partner how can I go about doing that,joint_account,joint_account,1.0,0.488291499903425,719,0.0,0.0,0.0,0.0,0.0,0.0,0.0,0.0,0.0,0.0,0.0,1.0,0.0,0.0
hello my partner and I are both existing customers but we want to set up a joint account are we able to do that through the app,joint_account,joint_account,1.0,0.44382119993679203,729,0.0,0.0,0.0,0.0,0.0,0.0,0.0,0.0,0.0,0.0,0.0,1.0,0.0,0.0
hi Alexa Dr John account with my partner please,joint_account,joint_account,1.0,0.519228300079703,711,0.0,0.0,0.0,0.0,0.0,0.0,0.0,0.0,0.0,0.0,0.0,1.0,0.0,0.0
I want to open a joint account,joint_account,joint_account,1.0,0.49456280004233105,709,0.0,0.0,0.0,0.0,0.0,0.0,0.0,0.0,0.0,0.0,0.0,1.0,0.0,0.0
can you help me set up a joint account with my husband I don't know how to do it,joint_account,joint_account,1.0,0.488791600102558,722,0.0,0.0,0.0,0.0,0.0,0.0,0.0,0.0,0.0,0.0,0.0,1.0,0.0,0.0
how can I set up a joint account,joint_account,joint_account,1.0,0.442143299849703,710,0.0,0.0,0.0,0.0,0.0,0.0,0.0,0.0,0.0,0.0,0.0,1.0,0.0,0.0
g'day mate I'm on set up an account for me and my partner are joint account but I don't know how can you walk me through how to thanks mate,joint_account,joint_account,1.0,0.43814940005540803,736,0.0,0.0,0.0,0.0,0.0,0.0,0.0,0.0,0.0,0.0,0.0,1.0,0.0,0.0
oh hi there ID like to set up a joint account with my partner and I'm not sure how to go about doing that can you help me please,joint_account,joint_account,1.0,0.410149000119417,732,0.0,0.0,0.0,0.0,0.0,0.0,0.0,0.0,0.0,0.0,0.0,1.0,0.0,0.0
can I have a joint account with my partner,joint_account,joint_account,1.0,0.439477500040084,711,0.0,0.0,0.0,0.0,0.0,0.0,0.0,0.0,0.0,0.0,0.0,1.0,0.0,0.0
how do I set up a joint account,joint_account,joint_account,1.0,0.42583109997212804,710,0.0,0.0,0.0,0.0,0.0,0.0,0.0,0.0,0.0,0.0,0.0,1.0,0.0,0.0
hi ID like to know what it takes to get a joint account with my partner how much the fees after the account for an extra card thanks,joint_account,joint_account,1.0,0.44000279996544106,730,0.0,0.0,0.0,0.0,0.0,0.0,0.0,0.0,0.0,0.0,0.0,1.0,0.0,0.0
hello I I'm wondering how to set up a joint account and if there are any details I need such as my card number and yellow persons card number to create the joint account so let me know what I need to bring,joint_account,joint_account,1.0,0.5504411999136211,746,0.0,0.0,0.0,0.0,0.0,0.0,0.0,0.0,0.0,0.0,0.0,1.0,0.0,0.0
is I would like to set up a joint account can you please advise her to go how I should go about this,joint_account,joint_account,1.0,0.415385799948126,725,0.0,0.0,0.0,0.0,0.0,0.0,0.0,0.0,0.0,0.0,0.0,1.0,0.0,0.0
I'm just wondering how I can set up a joint account with my partner,joint_account,joint_account,1.0,0.47645379998721105,717,0.0,0.0,0.0,0.0,0.0,0.0,0.0,0.0,0.0,0.0,0.0,1.0,0.0,0.0
how to set up a joint account with my partner,joint_account,joint_account,1.0,0.433875599876046,712,0.0,0.0,0.0,0.0,0.0,0.0,0.0,0.0,0.0,0.0,0.0,1.0,0.0,0.0
petipa joint account,joint_account,joint_account,1.0,0.460764700081199,706,0.0,0.0,0.0,0.0,0.0,0.0,0.0,0.0,0.0,0.0,0.0,1.0,0.0,0.0
ID like to add my partner to my account,joint_account,joint_account,1.0,0.443673399975523,711,0.0,0.0,0.0,0.0,0.0,0.0,0.0,0.0,0.0,0.0,0.0,1.0,0.0,0.0
hey ID like to set up a bank account for myself and my partner,joint_account,joint_account,1.0,0.47264049993827906,716,0.0,0.0,0.0,0.0,0.0,0.0,0.0,0.0,0.0,0.0,0.0,1.0,0.0,0.0
how do I set up a joint account with my partner,joint_account,joint_account,1.0,0.46473389980383206,713,0.0,0.0,0.0,0.0,0.0,0.0,0.0,0.0,0.0,0.0,0.0,1.0,0.0,0.0
how do I set up a joint account,joint_account,joint_account,1.0,0.472593999933451,710,0.0,0.0,0.0,0.0,0.0,0.0,0.0,0.0,0.0,0.0,0.0,1.0,0.0,0.0
ID like to set up a joint account please I can't find the option in the app,joint_account,joint_account,1.0,0.49267249996773904,720,0.0,0.0,0.0,0.0,0.0,0.0,0.0,0.0,0.0,0.0,0.0,1.0,0.0,0.0
hello ID like to set up a joint account please,joint_account,joint_account,1.0,0.45204910007305404,712,0.0,0.0,0.0,0.0,0.0,0.0,0.0,0.0,0.0,0.0,0.0,1.0,0.0,0.0
hi can I set up a joint account with my partner which are the options are in the I am I should should I choose where can I find it,joint_account,joint_account,1.0,0.48188040009699706,732,0.0,0.0,0.0,0.0,0.0,0.0,0.0,0.0,0.0,0.0,0.0,1.0,0.0,0.0
g'day I'm not going to set up a joint account with my partner can you help me,joint_account,joint_account,1.0,0.42064699996262706,722,0.0,0.0,0.0,0.0,0.0,0.0,0.0,0.0,0.0,0.0,0.0,1.0,0.0,0.0
hi for my savings account I want to make that a joint account with my wife please and I just want to see how I can do that,joint_account,joint_account,1.0,0.41841260017827103,730,0.0,0.0,0.0,0.0,0.0,0.0,0.0,0.0,0.0,0.0,0.0,1.0,0.0,0.0
hi I just wanted to find out how I set up the joint account I can't go for it thanks,joint_account,joint_account,1.0,0.406603500014171,723,0.0,0.0,0.0,0.0,0.0,0.0,0.0,0.0,0.0,0.0,0.0,1.0,0.0,0.0
where can I set up a joint account,joint_account,joint_account,1.0,0.414376799948513,710,0.0,0.0,0.0,0.0,0.0,0.0,0.0,0.0,0.0,0.0,0.0,1.0,0.0,0.0
what is it up a joint account,joint_account,joint_account,0.99,0.5140767002012581,709,0.0,0.0,0.0,0.0,0.01,0.0,0.0,0.0,0.0,0.0,0.0,0.99,0.0,0.0
hi morning to set up a joint bank account with someone else can you help me about please,joint_account,joint_account,1.0,0.39905119989998605,720,0.0,0.0,0.0,0.0,0.0,0.0,0.0,0.0,0.0,0.0,0.0,1.0,0.0,0.0
hi there how do I go about setting up a joint account for me and my partner,joint_account,joint_account,1.0,0.44602020015008703,719,0.0,0.0,0.0,0.0,0.0,0.0,0.0,0.0,0.0,0.0,0.0,1.0,0.0,0.0
I need some help setting up in joint account,joint_account,joint_account,1.0,0.45954909990541604,711,0.0,0.0,0.0,0.0,0.0,0.0,0.0,0.0,0.0,0.0,0.0,1.0,0.0,0.0
hi there I'm wanting to set up a joint bank account with someone else how do I do that,joint_account,joint_account,1.0,0.43466569995507603,722,0.0,0.0,0.0,0.0,0.0,0.0,0.0,0.0,0.0,0.0,0.0,1.0,0.0,0.0
how can I use the website to set up a joint account,joint_account,joint_account,1.0,0.41903030010871506,714,0.0,0.0,0.0,0.0,0.0,0.0,0.0,0.0,0.0,0.0,0.0,1.0,0.0,0.0
how do I set set up an account with my partner,joint_account,joint_account,1.0,0.43301509995944804,713,0.0,0.0,0.0,0.0,0.0,0.0,0.0,0.0,0.0,0.0,0.0,1.0,0.0,0.0
can you please help me to set up a joint account,joint_account,joint_account,1.0,0.441149400081485,713,0.0,0.0,0.0,0.0,0.0,0.0,0.0,0.0,0.0,0.0,0.0,1.0,0.0,0.0
I just wanted to enquire about how do I open an account with my partner something like a joint account,joint_account,joint_account,1.0,0.46696549979969804,723,0.0,0.0,0.0,0.0,0.0,0.0,0.0,0.0,0.0,0.0,0.0,1.0,0.0,0.0
hello how do I set up a joint account,joint_account,joint_account,1.0,0.475413099862635,711,0.0,0.0,0.0,0.0,0.0,0.0,0.0,0.0,0.0,0.0,0.0,1.0,0.0,0.0
where online can I find an option to set up an account for me and my partner,joint_account,joint_account,1.0,0.6627401001751421,719,0.0,0.0,0.0,0.0,0.0,0.0,0.0,0.0,0.0,0.0,0.0,1.0,0.0,0.0
I would like to set up a joint account with my wife,joint_account,joint_account,1.0,0.546276800101622,714,0.0,0.0,0.0,0.0,0.0,0.0,0.0,0.0,0.0,0.0,0.0,1.0,0.0,0.0
I am trying to set up a joint account with my partner can you tell me how he said that up please,joint_account,joint_account,1.0,0.44893749989569104,724,0.0,0.0,0.0,0.0,0.0,0.0,0.0,0.0,0.0,0.0,0.0,1.0,0.0,0.0
is there an option in the app for a joint account that I could set up with my partner,joint_account,joint_account,1.0,0.453974300064146,721,0.0,0.0,0.0,0.0,0.0,0.0,0.0,0.0,0.0,0.0,0.0,1.0,0.0,0.0
I am speaking to set up a joint account how should I go about this can you please help me with this,joint_account,joint_account,1.0,0.430171799845993,724,0.0,0.0,0.0,0.0,0.0,0.0,0.0,0.0,0.0,0.0,0.0,1.0,0.0,0.0
hi I'm sorry I'm out herself a drink account and if I could have a partner with this so yeah this figure out doctor,joint_account,joint_account,1.0,0.45811800006777004,728,0.0,0.0,0.0,0.0,0.0,0.0,0.0,0.0,0.0,0.0,0.0,1.0,0.0,0.0
I am trying to set up a joint account online but I do not understand the steps can you please help me,joint_account,joint_account,1.0,0.46743109985254705,724,0.0,0.0,0.0,0.0,0.0,0.0,0.0,0.0,0.0,0.0,0.0,1.0,0.0,0.0
I can't figure out how to create a joint account on the website where's the option for that,joint_account,joint_account,1.0,0.45010060002096,722,0.0,0.0,0.0,0.0,0.0,0.0,0.0,0.0,0.0,0.0,0.0,1.0,0.0,0.0
am I allowed to set up a joint account with anyone,joint_account,joint_account,1.0,0.43173050018958703,713,0.0,0.0,0.0,0.0,0.0,0.0,0.0,0.0,0.0,0.0,0.0,1.0,0.0,0.0
what is my current account balance,balance,balance,1.0,0.458456099964678,708,0.0,0.0,0.0,0.0,1.0,0.0,0.0,0.0,0.0,0.0,0.0,0.0,0.0,0.0
could you please check my account balance,balance,balance,1.0,0.41585190012119705,709,0.0,0.0,0.0,0.0,1.0,0.0,0.0,0.0,0.0,0.0,0.0,0.0,0.0,0.0
hi just coming so I can see my account balance please,balance,balance,1.0,0.39659289992414404,713,0.0,0.0,0.0,0.0,1.0,0.0,0.0,0.0,0.0,0.0,0.0,0.0,0.0,0.0
hi I'm looking to get my account balance,balance,balance,1.0,0.43812910001724903,711,0.0,0.0,0.0,0.0,1.0,0.0,0.0,0.0,0.0,0.0,0.0,0.0,0.0,0.0
bank account balance please,balance,balance,1.0,0.42606709990650404,706,0.0,0.0,0.0,0.0,1.0,0.0,0.0,0.0,0.0,0.0,0.0,0.0,0.0,0.0
could I please see my current account balance,balance,balance,1.0,0.5726880999282,710,0.0,0.0,0.0,0.0,1.0,0.0,0.0,0.0,0.0,0.0,0.0,0.0,0.0,0.0
yes good afternoon could I please grab my account balance thank you,balance,balance,1.0,0.43757449998520304,714,0.0,0.0,0.0,0.0,1.0,0.0,0.0,0.0,0.0,0.0,0.0,0.0,0.0,0.0
account balance,balance,balance,1.0,0.486476499820128,704,0.0,0.0,0.0,0.0,1.0,0.0,0.0,0.0,0.0,0.0,0.0,0.0,0.0,0.0
I would like to get my account balance,balance,balance,1.0,0.5028330001514401,710,0.0,0.0,0.0,0.0,1.0,0.0,0.0,0.0,0.0,0.0,0.0,0.0,0.0,0.0
hey there I'm I was just wondering if I could check my current account balance,balance,balance,1.0,0.525445899926126,718,0.0,0.0,0.0,0.0,1.0,0.0,0.0,0.0,0.0,0.0,0.0,0.0,0.0,0.0
I just like an quiet at my account balance I'm trying to access it through it after just would like to know how much money I have in my account thanks very much,balance,balance,1.0,0.44211579998955103,736,0.0,0.0,0.0,0.0,1.0,0.0,0.0,0.0,0.0,0.0,0.0,0.0,0.0,0.0
show me my account balance,balance,balance,1.0,0.505238699959591,707,0.0,0.0,0.0,0.0,1.0,0.0,0.0,0.0,0.0,0.0,0.0,0.0,0.0,0.0
hi I'm just calling about my account balance can you please show me my balance,balance,balance,1.0,0.40704689989797704,718,0.0,0.0,0.0,0.0,1.0,0.0,0.0,0.0,0.0,0.0,0.0,0.0,0.0,0.0
can you please show me my current account balance,balance,balance,1.0,0.417543999850749,711,0.0,0.0,0.0,0.0,1.0,0.0,0.0,0.0,0.0,0.0,0.0,0.0,0.0,0.0
hey I just want to know what's my current account balance at the moment,balance,balance,1.0,0.42737250006757604,717,0.0,0.0,0.0,0.0,1.0,0.0,0.0,0.0,0.0,0.0,0.0,0.0,0.0,0.0
what is my account balance,balance,balance,1.0,0.484012300148606,707,0.0,0.0,0.0,0.0,1.0,0.0,0.0,0.0,0.0,0.0,0.0,0.0,0.0,0.0
what is my account balance,balance,balance,1.0,0.48270309995859806,707,0.0,0.0,0.0,0.0,1.0,0.0,0.0,0.0,0.0,0.0,0.0,0.0,0.0,0.0
I'm calling about my current account balance can you help me with that please,balance,balance,1.0,0.43310899985954104,717,0.0,0.0,0.0,0.0,1.0,0.0,0.0,0.0,0.0,0.0,0.0,0.0,0.0,0.0
account balance current account balance show me your account balance,balance,balance,1.0,0.44519119989126904,712,0.0,0.0,0.0,0.0,1.0,0.0,0.0,0.0,0.0,0.0,0.0,0.0,0.0,0.0
hi my name is Jeremy and I'm wondering if I can have a look at my account balance please,balance,balance,1.0,0.42988980002701205,722,0.0,0.0,0.0,0.0,1.0,0.0,0.0,0.0,0.0,0.0,0.0,0.0,0.0,0.0
I'm calling to check my account balance on my savings account,balance,balance,1.0,0.43082230002619304,714,0.0,0.0,0.0,0.0,1.0,0.0,0.0,0.0,0.0,0.0,0.0,0.0,0.0,0.0
I want to check my current account balance,balance,balance,1.0,0.42078560008667404,710,0.0,0.0,0.0,0.0,1.0,0.0,0.0,0.0,0.0,0.0,0.0,0.0,0.0,0.0
show me my account balance please,balance,balance,1.0,0.43979169987142,708,0.0,0.0,0.0,0.0,1.0,0.0,0.0,0.0,0.0,0.0,0.0,0.0,0.0,0.0
how do I see my account balance,balance,balance,1.0,0.46624549990519804,709,0.0,0.0,0.0,0.0,1.0,0.0,0.0,0.0,0.0,0.0,0.0,0.0,0.0,0.0
current account balance,balance,balance,1.0,0.444108500145375,705,0.0,0.0,0.0,0.0,1.0,0.0,0.0,0.0,0.0,0.0,0.0,0.0,0.0,0.0
hello I'm just inquiring about my current bank balance could you tell me what my current account balance is showing,balance,balance,1.0,0.46132660005241605,725,0.0,0.0,0.0,0.0,1.0,0.0,0.0,0.0,0.0,0.0,0.0,0.0,0.0,0.0
oh hi I'm only better that I was just wanting to check my account balance my account with your with the bank please,balance,balance,1.0,0.44836559984833,726,0.0,0.0,0.0,0.0,1.0,0.0,0.0,0.0,0.0,0.0,0.0,0.0,0.0,0.0
hi are you able to show me my current account balance thank you very much,balance,balance,1.0,0.886143099982291,717,0.0,0.0,0.0,0.0,1.0,0.0,0.0,0.0,0.0,0.0,0.0,0.0,0.0,0.0
I have to read the count you and I want to know what the account balances are for each account are you able to assist,balance,balance,1.0,0.429941499838605,727,0.0,0.0,0.0,0.0,1.0,0.0,0.0,0.0,0.0,0.0,0.0,0.0,0.0,0.0
what is the balance of my account,balance,balance,1.0,0.45571459992788704,709,0.0,0.0,0.0,0.0,1.0,0.0,0.0,0.0,0.0,0.0,0.0,0.0,0.0,0.0
I just like to know how much money is in my account,balance,balance,1.0,0.43834019987843903,714,0.0,0.0,0.0,0.0,1.0,0.0,0.0,0.0,0.0,0.0,0.0,0.0,0.0,0.0
check account balance,balance,balance,1.0,0.441830500029027,705,0.0,0.0,0.0,0.0,1.0,0.0,0.0,0.0,0.0,0.0,0.0,0.0,0.0,0.0
could you please tell me the balance of my account,balance,balance,1.0,0.443676900118589,712,0.0,0.0,0.0,0.0,1.0,0.0,0.0,0.0,0.0,0.0,0.0,0.0,0.0,0.0
I was wondering how I can view my account balance,balance,balance,1.0,0.44687899993732505,712,0.0,0.0,0.0,0.0,1.0,0.0,0.0,0.0,0.0,0.0,0.0,0.0,0.0,0.0
yeah hello I just wanted to find out what my current about account balances thank you,balance,balance,1.0,0.42602160014212104,718,0.0,0.0,0.0,0.0,1.0,0.0,0.0,0.0,0.0,0.0,0.0,0.0,0.0,0.0
hello is this the bank I like to be informed of my current account balance I don't have the app so this is the easiest way for me to get my balance,balance,balance,1.0,0.40040539996698504,735,0.0,0.0,0.0,0.0,1.0,0.0,0.0,0.0,0.0,0.0,0.0,0.0,0.0,0.0
please show me my account balance,balance,balance,1.0,0.446460200008004,708,0.0,0.0,0.0,0.0,1.0,0.0,0.0,0.0,0.0,0.0,0.0,0.0,0.0,0.0
can you please show me my account balance,balance,balance,1.0,0.41716419998556303,710,0.0,0.0,0.0,0.0,1.0,0.0,0.0,0.0,0.0,0.0,0.0,0.0,0.0,0.0
can you please show me my current account balance,balance,balance,1.0,0.47178040002472704,711,0.0,0.0,0.0,0.0,1.0,0.0,0.0,0.0,0.0,0.0,0.0,0.0,0.0,0.0
show account balance,balance,balance,1.0,0.41492620017379506,705,0.0,0.0,0.0,0.0,1.0,0.0,0.0,0.0,0.0,0.0,0.0,0.0,0.0,0.0
I was hoping to find out the current balance of my account if I could please,balance,balance,1.0,0.393386400071904,718,0.0,0.0,0.0,0.0,1.0,0.0,0.0,0.0,0.0,0.0,0.0,0.0,0.0,0.0
account balance,balance,balance,1.0,0.43694699998013603,704,0.0,0.0,0.0,0.0,1.0,0.0,0.0,0.0,0.0,0.0,0.0,0.0,0.0,0.0
hello can you please tell me how much money is in my main transaction account,balance,balance,1.0,0.5264926000963891,717,0.0,0.0,0.0,0.0,1.0,0.0,0.0,0.0,0.0,0.0,0.0,0.0,0.0,0.0
hello how's this wondering if you could please show me my account balance,balance,balance,1.0,0.45010900008492105,716,0.0,0.0,0.0,0.0,1.0,0.0,0.0,0.0,0.0,0.0,0.0,0.0,0.0,0.0
good morning I was wondering if you could help me I would like to know how I will be able to access my account balance am I able to do this online or do I ring up via phone or can I send an email thank you very much,balance,balance,1.0,0.46830539987422504,751,0.0,0.0,0.0,0.0,1.0,0.0,0.0,0.0,0.0,0.0,0.0,0.0,0.0,0.0
hi there I just like to know what my current account balance is,balance,balance,1.0,0.41457969998009503,715,0.0,0.0,0.0,0.0,1.0,0.0,0.0,0.0,0.0,0.0,0.0,0.0,0.0,0.0
show me my account balance,balance,balance,1.0,0.437860199948772,707,0.0,0.0,0.0,0.0,1.0,0.0,0.0,0.0,0.0,0.0,0.0,0.0,0.0,0.0
what is my current account balance,balance,balance,1.0,0.47395010013133204,708,0.0,0.0,0.0,0.0,1.0,0.0,0.0,0.0,0.0,0.0,0.0,0.0,0.0,0.0
I am I have a car from this bank but it's not working why was my payment decline,card_issues,card_issues,0.91,0.42492399993352503,721,0.0,0.0,0.0,0.0,0.0,0.0,0.92,0.0,0.02,0.0,0.03,0.0,0.02,0.01
my card is not working can you help me,card_issues,card_issues,1.0,0.44511110009625504,711,0.0,0.0,0.0,0.0,0.0,0.0,1.0,0.0,0.0,0.0,0.0,0.0,0.0,0.0
hi I'm having problems with a card,card_issues,card_issues,1.0,0.514088099822402,710,0.0,0.0,0.0,0.0,0.0,0.0,1.0,0.0,0.0,0.0,0.0,0.0,0.0,0.0
hi I'm having trouble using my card it keeps declining when I go through the payment status wondering if you could help me out with that,card_issues,card_issues,1.0,0.42911219992674804,729,0.0,0.0,0.0,0.0,0.0,0.0,1.0,0.0,0.0,0.0,0.0,0.0,0.0,0.0
hello I'm having trouble with my card it won't scan properly and it's declining when I try to use it,card_issues,card_issues,1.0,0.45592830004170504,725,0.0,0.0,0.0,0.0,0.0,0.0,1.0,0.0,0.0,0.0,0.0,0.0,0.0,0.0
I am I am currently at the shops and my card is refusing the payment and declining why can I not use my card,card_issues,card_issues,1.0,0.47902400000020806,726,0.0,0.0,0.0,0.0,0.0,0.0,1.0,0.0,0.0,0.0,0.0,0.0,0.0,0.0
will my cotton work and I was wondering why I was declined,card_issues,card_issues,0.52,0.461694699944928,714,0.01,0.0,0.02,0.02,0.01,0.07,0.55,0.06,0.03,0.01,0.15,0.01,0.02,0.04
I have been received the card from the bank but I am trying to use my card and it's not allowing me to pay for things,card_issues,card_issues,1.0,0.43027879996225205,729,0.0,0.0,0.0,0.0,0.0,0.0,1.0,0.0,0.0,0.0,0.0,0.0,0.0,0.0
I just tried to use my new card and the payment was declined I'm just wondering why my car does it work,card_issues,card_issues,1.0,0.482819100143387,725,0.0,0.0,0.0,0.0,0.0,0.0,1.0,0.0,0.0,0.0,0.0,0.0,0.0,0.0
hi I need some help with my card it's not working and my payments won't go through,card_issues,card_issues,1.0,0.5268273998517541,721,0.0,0.0,0.0,0.0,0.0,0.0,1.0,0.0,0.0,0.0,0.0,0.0,0.0,0.0
could you please help me with my card,card_issues,card_issues,1.0,0.45031660003587604,710,0.0,0.0,0.0,0.0,0.0,0.0,1.0,0.0,0.0,0.0,0.0,0.0,0.0,0.0
my card doesn't work,card_issues,card_issues,1.0,0.42267410014756,707,0.0,0.0,0.0,0.0,0.0,0.0,1.0,0.0,0.0,0.0,0.0,0.0,0.0,0.0
so I've got a problem with my bank card whenever I try and tap it it stopped working it's not working anymore and I want to find out what the problem is,card_issues,card_issues,1.0,0.41817190009169203,736,0.0,0.0,0.0,0.0,0.0,0.0,1.0,0.0,0.0,0.0,0.0,0.0,0.0,0.0
I'm having some trouble would you be able to help me out with my card I don't know why but it just doesn't work so that could you help me out that Zoe great thanks,card_issues,card_issues,1.0,0.46512739988975205,740,0.0,0.0,0.0,0.0,0.0,0.0,1.0,0.0,0.0,0.0,0.0,0.0,0.0,0.0
an issue with my card,card_issues,card_issues,1.0,0.442425700137391,707,0.0,0.0,0.0,0.0,0.0,0.0,1.0,0.0,0.0,0.0,0.0,0.0,0.0,0.0
hi I'm trying to use my bank card and keep getting declined it's not working but don't know why,card_issues,card_issues,1.0,0.45479890005663004,724,0.0,0.0,0.0,0.0,0.0,0.0,1.0,0.0,0.0,0.0,0.0,0.0,0.0,0.0
I can't you can't because it isn't working,card_issues,app_error,0.8300000000000001,0.5216500000096851,713,0.0,0.0,0.84,0.0,0.0,0.0,0.16,0.0,0.0,0.0,0.0,0.0,0.0,0.0
also I recently growcott on you but I'm doesn't work when I tried tattoo all-time use it to pay it was declined and I was wondering if I could get some help thank you,card_issues,card_issues,0.98,0.44426330015994603,740,0.0,0.0,0.01,0.0,0.0,0.0,0.98,0.0,0.0,0.0,0.0,0.0,0.0,0.01
I just got my new card and it's it's not working with the machine it's it's declining my purchases going to have some milk please thanks,card_issues,card_issues,1.0,0.45941819995641703,732,0.0,0.0,0.0,0.0,0.0,0.0,1.0,0.0,0.0,0.0,0.0,0.0,0.0,0.0
hi there I've just tried to use my card and got declined so I just wondering if you could help me with that please,card_issues,card_issues,1.0,0.465171499876305,727,0.0,0.0,0.0,0.0,0.0,0.0,1.0,0.0,0.0,0.0,0.0,0.0,0.0,0.0
yes good afternoon like I've got a debit card that I've had with your bank for a very long time in my payment would actually took lie that makes you at the shops right now industry embarrassing so if I can get some assistance with that immediately that'll be very good thank you,card_issues,card_issues,0.99,0.424318900099024,758,0.01,0.0,0.0,0.0,0.0,0.0,0.99,0.0,0.0,0.0,0.0,0.0,0.0,0.0
yeah my card isn't working I can't make any online payments and just not going through could you help me,card_issues,card_issues,1.0,0.45032109995372505,724,0.0,0.0,0.0,0.0,0.0,0.0,1.0,0.0,0.0,0.0,0.0,0.0,0.0,0.0
hi my debit card isn't working it's not letting me use it can you please help,card_issues,card_issues,1.0,0.43627140019088906,720,0.0,0.0,0.0,0.0,0.0,0.0,1.0,0.0,0.0,0.0,0.0,0.0,0.0,0.0
my bank card doesn't work the payment not going through,card_issues,card_issues,1.0,0.46863900008611303,713,0.0,0.0,0.0,0.0,0.0,0.0,1.0,0.0,0.0,0.0,0.0,0.0,0.0,0.0
hello I'm pulling up I'm having troubles with my card and not working and I'm unable to meet payment with it,card_issues,card_issues,1.0,0.44939570012502306,726,0.0,0.0,0.0,0.0,0.0,0.0,1.0,0.0,0.0,0.0,0.0,0.0,0.0,0.0
I tried to use my card day and it doesn't work if you help me and tell me why,card_issues,card_issues,1.0,0.529950199881568,722,0.0,0.0,0.0,0.0,0.0,0.0,1.0,0.0,0.0,0.0,0.0,0.0,0.0,0.0
hi can you please can I please get assistance with my card that I require help for read it as my payment had been acquired,card_issues,card_issues,0.88,0.604830699972808,727,0.0,0.0,0.0,0.0,0.0,0.0,0.89,0.0,0.0,0.03,0.03,0.0,0.05,0.0
I recently received a new card and I've tried to make a payment at a store but it keeps beeping and declining my payment I'm not sure whether it's the chick that is faulty or whether I need a new card can you please assist,card_issues,card_issues,1.0,0.40222930000163604,751,0.0,0.0,0.0,0.0,0.0,0.0,1.0,0.0,0.0,0.0,0.0,0.0,0.0,0.0
for some reason my card keeps getting declined,card_issues,card_issues,1.0,0.45177610008977304,710,0.0,0.0,0.0,0.0,0.0,0.0,1.0,0.0,0.0,0.0,0.0,0.0,0.0,0.0
my car doesn't seem to work,card_issues,card_issues,0.52,0.44518460007384403,709,0.04,0.0,0.32,0.01,0.01,0.01,0.55,0.0,0.01,0.01,0.01,0.0,0.0,0.02
hello I was completing my grocery shopping a bit earlier in the day and my card declined I've logged into my online account and I see that I have funds available so can you tell me why my card is declining,card_issues,card_issues,1.0,0.44189160014502704,744,0.0,0.0,0.0,0.0,0.0,0.0,1.0,0.0,0.0,0.0,0.0,0.0,0.0,0.0
can you help me with my card I can't use my card because it doesn't work,card_issues,card_issues,1.0,0.48265329981222704,720,0.0,0.0,0.0,0.0,0.0,0.0,1.0,0.0,0.0,0.0,0.0,0.0,0.0,0.0
I've tried to pay using my card but it doesn't seem to be working,card_issues,card_issues,1.0,0.45222989981994005,718,0.0,0.0,0.0,0.0,0.0,0.0,1.0,0.0,0.0,0.0,0.0,0.0,0.0,0.0
hello I was wondering if you could please help me with my card,card_issues,card_issues,1.0,0.443789399927482,715,0.0,0.0,0.0,0.0,0.0,0.0,1.0,0.0,0.0,0.0,0.0,0.0,0.0,0.0
the card that I've got isn't working on my payment keeps getting two kinds,card_issues,card_issues,1.0,0.45203429996035904,718,0.0,0.0,0.0,0.0,0.0,0.0,1.0,0.0,0.0,0.0,0.0,0.0,0.0,0.0
I'm having some problems using my bank card,card_issues,card_issues,1.0,0.5126292000059031,711,0.0,0.0,0.0,0.0,0.0,0.0,1.0,0.0,0.0,0.0,0.0,0.0,0.0,0.0
yeah I was trying to use my credit card today but it was being declined,card_issues,card_issues,1.0,0.42668380006216405,717,0.0,0.0,0.0,0.0,0.0,0.0,1.0,0.0,0.0,0.0,0.0,0.0,0.0,0.0
hello my card is being declined The Checkout I need to work out why it's not working thanks,card_issues,card_issues,1.0,0.42550290003418906,721,0.0,0.0,0.0,0.0,0.0,0.0,1.0,0.0,0.0,0.0,0.0,0.0,0.0,0.0
I'm having some issues with my card are you able to help me with that,card_issues,card_issues,1.0,0.42614230001345205,718,0.0,0.0,0.0,0.0,0.0,0.0,1.0,0.0,0.0,0.0,0.0,0.0,0.0,0.0
I'm having trouble with my new car it's not working can you have a look and see why,card_issues,card_issues,0.71,0.459572700085118,722,0.0,0.0,0.25,0.0,0.0,0.01,0.73,0.0,0.0,0.0,0.0,0.0,0.0,0.01
hello I'm having issues with my card payment was declined can you please help,card_issues,card_issues,1.0,0.41352900001220405,717,0.0,0.0,0.0,0.0,0.0,0.0,1.0,0.0,0.0,0.0,0.0,0.0,0.0,0.0
card not working,card_issues,card_issues,1.0,0.45044199982658,705,0.0,0.0,0.0,0.0,0.0,0.0,1.0,0.0,0.0,0.0,0.0,0.0,0.0,0.0
hi there I'm not able to use my card it's not working at the moment why was my payment to kind,card_issues,card_issues,1.0,0.450485100038349,725,0.0,0.0,0.0,0.0,0.0,0.0,1.0,0.0,0.0,0.0,0.0,0.0,0.0,0.0
hello ID like to report a problem with my card it's been declined ever since this morning and it just will not work I didn't look at myself nothing suspicious has been taken out but not check the app so I'm a bit confused I would like to have some insight as to why doesn't work,card_issues,card_issues,1.0,0.43538390006870004,762,0.0,0.0,0.0,0.0,0.0,0.0,1.0,0.0,0.0,0.0,0.0,0.0,0.0,0.0
you help me with my card it doesn't work,card_issues,card_issues,1.0,0.516802800120785,712,0.0,0.0,0.0,0.0,0.0,0.0,1.0,0.0,0.0,0.0,0.0,0.0,0.0,0.0
my bank card doesn't work and refuses to pay out can you please help me,card_issues,card_issues,1.0,0.42370399995706903,718,0.0,0.0,0.0,0.0,0.0,0.0,1.0,0.0,0.0,0.0,0.0,0.0,0.0,0.0
yeah hello my card doesn't seem to be working and I'm trying to find out why my payment was declined can you help me out please thanks,card_issues,card_issues,1.0,0.47705109999515105,731,0.0,0.0,0.0,0.0,0.0,0.0,1.0,0.0,0.0,0.0,0.0,0.0,0.0,0.0
I was trying to make a payment using length of a car and it's not working,card_issues,pay_bill,0.4,0.489088799804449,719,0.0,0.0,0.19,0.0,0.0,0.01,0.26,0.0,0.03,0.0,0.07,0.0,0.0,0.44
I'm calling in regards to a loan for a business,business_loan,business_loan,1.0,0.45973269990645305,713,0.0,0.0,0.0,0.0,0.0,1.0,0.0,0.0,0.0,0.0,0.0,0.0,0.0,0.0
hello I'm calling to follow up on a business loan application that I made I haven't heard anything back since I completed the form online,business_loan,business_loan,1.0,0.459545700112357,729,0.0,0.0,0.0,0.0,0.0,1.0,0.0,0.0,0.0,0.0,0.0,0.0,0.0,0.0
I'm calling about taking out a business loan,business_loan,business_loan,1.0,0.507864299928769,711,0.0,0.0,0.0,0.0,0.0,1.0,0.0,0.0,0.0,0.0,0.0,0.0,0.0,0.0
I'm kind of to find out about your business loans,business_loan,business_loan,1.0,0.47408870002254805,713,0.0,0.0,0.0,0.0,0.0,1.0,0.0,0.0,0.0,0.0,0.0,0.0,0.0,0.0
I'm crying crying about my new business then I'm looking to contact to ask for it,business_loan,business_loan,1.0,0.42230980005115204,720,0.0,0.0,0.0,0.0,0.0,1.0,0.0,0.0,0.0,0.0,0.0,0.0,0.0,0.0
I am calling to enquire about my existing business loan as well as options to take out a new loan,business_loan,business_loan,1.0,0.451347899856045,723,0.0,0.0,0.0,0.0,0.0,1.0,0.0,0.0,0.0,0.0,0.0,0.0,0.0,0.0
hey there I'm just calling about establishing a new loans my small business and we're just currently getting off the ground and I was wondering if you could let me a hand in in setting that up or just the application process thanks,business_loan,business_loan,1.0,0.46083540003746704,747,0.0,0.0,0.0,0.0,0.0,1.0,0.0,0.0,0.0,0.0,0.0,0.0,0.0,0.0
I would like to take out a new business loan,business_loan,business_loan,1.0,0.426021799910813,712,0.0,0.0,0.0,0.0,0.0,1.0,0.0,0.0,0.0,0.0,0.0,0.0,0.0,0.0
hi I'm just calling you at a question with an existing business loan that I have,business_loan,business_loan,1.0,0.415901199914515,719,0.0,0.0,0.0,0.0,0.0,1.0,0.0,0.0,0.0,0.0,0.0,0.0,0.0,0.0
I'm calling to find out about new business loans,business_loan,business_loan,1.0,0.45012649986892905,712,0.0,0.0,0.0,0.0,0.0,1.0,0.0,0.0,0.0,0.0,0.0,0.0,0.0,0.0
I'm calling about a business loan,business_loan,business_loan,1.0,0.42240029992535705,709,0.0,0.0,0.0,0.0,0.0,1.0,0.0,0.0,0.0,0.0,0.0,0.0,0.0,0.0
I'm just wondering I have a business and I'm looking to take out a new business loan how do I do that what's the first step,business_loan,business_loan,1.0,0.489541999995708,731,0.0,0.0,0.0,0.0,0.0,1.0,0.0,0.0,0.0,0.0,0.0,0.0,0.0,0.0
hi there I'm calling about a business loan I was wondering if I could get some information from you please,business_loan,business_loan,1.0,0.44099600007757506,723,0.0,0.0,0.0,0.0,0.0,1.0,0.0,0.0,0.0,0.0,0.0,0.0,0.0,0.0
I want a new business loan,business_loan,business_loan,1.0,0.43850940000265803,708,0.0,0.0,0.0,0.0,0.0,1.0,0.0,0.0,0.0,0.0,0.0,0.0,0.0,0.0
I am just calling in regards to any listing on your business loans you may have,business_loan,business_loan,1.0,0.430080199846997,718,0.0,0.0,0.0,0.0,0.0,1.0,0.0,0.0,0.0,0.0,0.0,0.0,0.0,0.0
I have a question about an existing loan,business_loan,business_loan,0.99,0.44912780006416103,710,0.0,0.0,0.0,0.0,0.01,0.99,0.0,0.0,0.0,0.0,0.0,0.0,0.0,0.0
I want to apply for a business loan,business_loan,business_loan,1.0,0.43709499994292805,710,0.0,0.0,0.0,0.0,0.0,1.0,0.0,0.0,0.0,0.0,0.0,0.0,0.0,0.0
crafternoon look I'm actually looking to take out a business loan I was just looking for some information regarding that thank you,business_loan,business_loan,1.0,0.53474669996649,728,0.0,0.0,0.0,0.0,0.0,1.0,0.0,0.0,0.0,0.0,0.0,0.0,0.0,0.0
I have a question about an existing loan,business_loan,business_loan,0.99,0.438116499921306,710,0.0,0.0,0.0,0.0,0.01,0.99,0.0,0.0,0.0,0.0,0.0,0.0,0.0,0.0
I am calling about a business loan,business_loan,business_loan,1.0,0.452794099925085,709,0.0,0.0,0.0,0.0,0.0,1.0,0.0,0.0,0.0,0.0,0.0,0.0,0.0,0.0
I would like to start a new business loan,business_loan,business_loan,1.0,0.44131419993937004,711,0.0,0.0,0.0,0.0,0.0,1.0,0.0,0.0,0.0,0.0,0.0,0.0,0.0,0.0
I'm looking for an existing business loan if I can't establish existing business line,business_loan,business_loan,1.0,0.501213400159031,718,0.0,0.0,0.0,0.0,0.0,1.0,0.0,0.0,0.0,0.0,0.0,0.0,0.0,0.0
ID like to set up a new business loan,business_loan,business_loan,1.0,0.40272970008663805,711,0.0,0.0,0.0,0.0,0.0,1.0,0.0,0.0,0.0,0.0,0.0,0.0,0.0,0.0
good morning I'm calling about a business loan and I wondering what the criteria to be eligible for a loan for a business loan would be and how soon after applying that I would receive the funds,business_loan,business_loan,1.0,0.46010230015963305,740,0.0,0.0,0.0,0.0,0.0,1.0,0.0,0.0,0.0,0.0,0.0,0.0,0.0,0.0
hi I'm calling to enquire about taking out a brand new business loan so I just like more information about that please,business_loan,business_loan,1.0,0.500419199932366,726,0.0,0.0,0.0,0.0,0.0,1.0,0.0,0.0,0.0,0.0,0.0,0.0,0.0,0.0
I'm inquiring about a business lawn could I please get in the sisters please,business_loan,business_loan,0.77,0.43003079993650306,719,0.0,0.0,0.0,0.0,0.01,0.79,0.0,0.0,0.0,0.0,0.0,0.2,0.0,0.0
hi there I'm calling about getting a new business line,business_loan,business_loan,0.64,0.413316499907523,713,0.0,0.0,0.0,0.0,0.0,0.67,0.0,0.0,0.0,0.0,0.0,0.33,0.0,0.0
hi I am calling today I asked about my existing business loan,business_loan,business_loan,1.0,0.439654999878257,714,0.0,0.0,0.0,0.0,0.0,1.0,0.0,0.0,0.0,0.0,0.0,0.0,0.0,0.0
hi I'm needing to look to extend the time period for my business loan thank you,business_loan,business_loan,1.0,0.48877399996854304,719,0.0,0.0,0.0,0.0,0.0,1.0,0.0,0.0,0.0,0.0,0.0,0.0,0.0,0.0
I just want to ask a question about getting a loan for my business,business_loan,business_loan,1.0,0.493773699970915,716,0.0,0.0,0.0,0.0,0.0,1.0,0.0,0.0,0.0,0.0,0.0,0.0,0.0,0.0
I'm calling about applying for a business loan,business_loan,business_loan,1.0,0.40474719996564,711,0.0,0.0,0.0,0.0,0.0,1.0,0.0,0.0,0.0,0.0,0.0,0.0,0.0,0.0
hello I was just wondering if I could please get a new business loan,business_loan,business_loan,1.0,0.432764099910855,716,0.0,0.0,0.0,0.0,0.0,1.0,0.0,0.0,0.0,0.0,0.0,0.0,0.0,0.0
hello ID like to enquire about a new business loan and all the information required trip thank you,business_loan,business_loan,1.0,0.45747080002911306,721,0.0,0.0,0.0,0.0,0.0,1.0,0.0,0.0,0.0,0.0,0.0,0.0,0.0,0.0
yes good morning just want to make an enquiry about taking a new bank loan please,business_loan,business_loan,1.0,0.463027999969199,718,0.0,0.0,0.0,0.0,0.0,1.0,0.0,0.0,0.0,0.0,0.0,0.0,0.0,0.0
hello I have a question about a business loan I would like to discuss with the bank if there are any specific details or someone in particular I can contact please let me know,business_loan,business_loan,1.0,0.440966099966317,736,0.0,0.0,0.0,0.0,0.0,1.0,0.0,0.0,0.0,0.0,0.0,0.0,0.0,0.0
help playing for a new business loan,business_loan,business_loan,1.0,0.45739520015195,709,0.0,0.0,0.0,0.0,0.0,1.0,0.0,0.0,0.0,0.0,0.0,0.0,0.0,0.0
speak with you about taking out a new loan for my business,business_loan,business_loan,1.0,0.45538909989409104,715,0.0,0.0,0.0,0.0,0.0,1.0,0.0,0.0,0.0,0.0,0.0,0.0,0.0,0.0
I'm a small business are and I am ID like to know how I can apply for a new business loan,business_loan,business_loan,1.0,0.446362699847668,724,0.0,0.0,0.0,0.0,0.0,1.0,0.0,0.0,0.0,0.0,0.0,0.0,0.0,0.0
new business loan,business_loan,business_loan,1.0,0.45078519987873705,705,0.0,0.0,0.0,0.0,0.0,1.0,0.0,0.0,0.0,0.0,0.0,0.0,0.0,0.0
hi there I have a question about the existing loan,business_loan,business_loan,0.99,0.46522200014442205,712,0.0,0.0,0.0,0.0,0.01,0.99,0.0,0.0,0.0,0.0,0.0,0.0,0.0,0.0
I'm going about a business loan I was just wondering what the process would be to open a new loan,business_loan,business_loan,1.0,0.450025800149887,723,0.0,0.0,0.0,0.0,0.0,1.0,0.0,0.0,0.0,0.0,0.0,0.0,0.0,0.0
I have a question about a business loan,business_loan,business_loan,1.0,0.466936199925839,710,0.0,0.0,0.0,0.0,0.0,1.0,0.0,0.0,0.0,0.0,0.0,0.0,0.0,0.0
existing line,business_loan,balance,0.34,0.428050799993798,704,0.0,0.01,0.02,0.03,0.39,0.31,0.02,0.01,0.04,0.02,0.02,0.04,0.08,0.01
hello I was hoping to get some information about what I need to do to apply for a business loan,business_loan,business_loan,1.0,0.447698999894782,722,0.0,0.0,0.0,0.0,0.0,1.0,0.0,0.0,0.0,0.0,0.0,0.0,0.0,0.0
hello I would like some information on a business loan please,business_loan,business_loan,1.0,0.41850570007227306,713,0.0,0.0,0.0,0.0,0.0,1.0,0.0,0.0,0.0,0.0,0.0,0.0,0.0,0.0
did you get some information about Ellie,business_loan,joint_account,0.56,0.44761200016364405,709,0.0,0.09,0.01,0.0,0.13,0.01,0.01,0.0,0.0,0.0,0.01,0.59,0.15,0.0
oh hi I'm just calling about some recent transactions that are showing up on my statement there's a payment there that I don't recognise can you help me with that please,latest_transactions,latest_transactions,1.0,0.457649699877947,736,0.0,0.0,0.0,0.0,0.0,0.0,0.0,0.0,0.0,0.0,0.0,0.0,1.0,0.0
I have a transaction to a company I don't know and I was wondering what I can do about this,latest_transactions,latest_transactions,0.78,0.45016480004414905,723,0.0,0.0,0.0,0.0,0.0,0.0,0.0,0.0,0.0,0.08,0.12,0.0,0.8,0.0
hello ID like to enquire about my recent transactions could you please check if there's been any payments or transactions that isn't familiar to previous transaction,latest_transactions,latest_transactions,1.0,0.418025500141084,731,0.0,0.0,0.0,0.0,0.0,0.0,0.0,0.0,0.0,0.0,0.0,0.0,1.0,0.0
can I please see my recent transactions,latest_transactions,latest_transactions,1.0,0.43757060007192106,709,0.0,0.0,0.0,0.0,0.0,0.0,0.0,0.0,0.0,0.0,0.0,0.0,1.0,0.0
are they just calling about some recent transactions I just don't recognise the payment thanks,latest_transactions,latest_transactions,0.99,0.409691400127485,718,0.0,0.0,0.0,0.0,0.0,0.0,0.0,0.0,0.0,0.01,0.0,0.0,0.99,0.0
I was wondering if I could get some information on two of these payments I don't know where they came from,latest_transactions,latest_transactions,1.0,0.5054605999030171,724,0.0,0.0,0.0,0.0,0.0,0.0,0.0,0.0,0.0,0.0,0.0,0.0,1.0,0.0
list my recent transactions,latest_transactions,latest_transactions,1.0,0.42534349998459203,706,0.0,0.0,0.0,0.0,0.0,0.0,0.0,0.0,0.0,0.0,0.0,0.0,1.0,0.0
you got a mate want to look at my most recent transaction to something but don't know what it's for can you identify it so that we can look into it find out what it's going on it doesn't seem right thank you,latest_transactions,latest_transactions,1.0,0.437622199999168,749,0.0,0.0,0.0,0.0,0.0,0.0,0.0,0.0,0.0,0.0,0.0,0.0,1.0,0.0
my last transaction,latest_transactions,latest_transactions,1.0,0.47232029982842505,705,0.0,0.0,0.0,0.0,0.0,0.0,0.0,0.0,0.0,0.0,0.0,0.0,1.0,0.0
ah yes good afternoon could I please grab a list of the most recent transactions please I'll my savings account,latest_transactions,latest_transactions,1.0,0.42110190005041603,723,0.0,0.0,0.0,0.0,0.0,0.0,0.0,0.0,0.0,0.0,0.0,0.0,1.0,0.0
show me my latest transaction,latest_transactions,latest_transactions,1.0,0.420533700147643,707,0.0,0.0,0.0,0.0,0.0,0.0,0.0,0.0,0.0,0.0,0.0,0.0,1.0,0.0
hi I would like to see my lease transactions there is here nothing else payment,latest_transactions,latest_transactions,1.0,0.43374700006097505,717,0.0,0.0,0.0,0.0,0.0,0.0,0.0,0.0,0.0,0.0,0.0,0.0,1.0,0.0
I am calling about some reason a transaction on my account there is some outgoing payments to Bob's boxes but I didn't ever go to Bob's boxes,latest_transactions,latest_transactions,0.97,0.43884620000608204,732,0.0,0.0,0.0,0.0,0.0,0.0,0.0,0.0,0.0,0.01,0.02,0.0,0.97,0.0
yes good morning I'm just ringing you know the species transaction on my account I just know soon noticed recently just don't recognise where the transaction was carried out so I just wonder if you could check it out for me and see if there's any more details on the transaction,latest_transactions,latest_transactions,1.0,0.648051300086081,756,0.0,0.0,0.0,0.0,0.0,0.0,0.0,0.0,0.0,0.0,0.0,0.0,1.0,0.0
I am calling about recent transactions show me some of my recent transactions,latest_transactions,latest_transactions,1.0,0.5050852999556811,715,0.0,0.0,0.0,0.0,0.0,0.0,0.0,0.0,0.0,0.0,0.0,0.0,1.0,0.0
show me my latest transaction,latest_transactions,latest_transactions,1.0,0.494047699961811,707,0.0,0.0,0.0,0.0,0.0,0.0,0.0,0.0,0.0,0.0,0.0,0.0,1.0,0.0
hi ID like to get a recall on my recent transactions because some of them are looking a bit suspicious at least thought id normally spend or where I normally spend it I'm concerned that someone has access to my account,latest_transactions,latest_transactions,0.96,0.41524989996105405,744,0.0,0.0,0.0,0.0,0.0,0.0,0.0,0.0,0.0,0.04,0.0,0.0,0.96,0.0
I would like to review my recent transactions on me account,latest_transactions,latest_transactions,1.0,0.410651100100949,713,0.0,0.0,0.0,0.0,0.0,0.0,0.0,0.0,0.0,0.0,0.0,0.0,1.0,0.0
I am call about recent transactions,latest_transactions,latest_transactions,1.0,0.48319689999334503,708,0.0,0.0,0.0,0.0,0.0,0.0,0.0,0.0,0.0,0.0,0.0,0.0,1.0,0.0
I just want to check on what's been happening with my money recently,latest_transactions,latest_transactions,1.0,0.528391900006681,716,0.0,0.0,0.0,0.0,0.0,0.0,0.0,0.0,0.0,0.0,0.0,0.0,1.0,0.0
I want to see my latest transaction,latest_transactions,latest_transactions,1.0,0.5222110000904651,709,0.0,0.0,0.0,0.0,0.0,0.0,0.0,0.0,0.0,0.0,0.0,0.0,1.0,0.0
hi there ID like to see my latest transaction,latest_transactions,latest_transactions,1.0,0.43504949985072006,711,0.0,0.0,0.0,0.0,0.0,0.0,0.0,0.0,0.0,0.0,0.0,0.0,1.0,0.0
hi I'm calling about the recent transactions on my account as a payment that I did not recognise and I was just wondering could you some more information about this payment,latest_transactions,latest_transactions,1.0,0.514556400012224,734,0.0,0.0,0.0,0.0,0.0,0.0,0.0,0.0,0.0,0.0,0.0,0.0,1.0,0.0
could you show me my latest transaction please,latest_transactions,latest_transactions,1.0,0.48105529998429103,710,0.0,0.0,0.0,0.0,0.0,0.0,0.0,0.0,0.0,0.0,0.0,0.0,1.0,0.0
hi just wanting to make an enquiry about my recent transactions can you help me that please,latest_transactions,latest_transactions,1.0,0.429496600059792,719,0.0,0.0,0.0,0.0,0.0,0.0,0.0,0.0,0.0,0.0,0.0,0.0,1.0,0.0
ok thank you,latest_transactions,balance,0.6000000000000001,0.424364599864929,705,0.01,0.02,0.05,0.0,0.63,0.01,0.02,0.01,0.01,0.01,0.02,0.01,0.1,0.1
I need to clarify this most recent transaction,latest_transactions,latest_transactions,1.0,0.43654699996113705,710,0.0,0.0,0.0,0.0,0.0,0.0,0.0,0.0,0.0,0.0,0.0,0.0,1.0,0.0
calling about recent transactions,latest_transactions,latest_transactions,1.0,0.48488510004244706,706,0.0,0.0,0.0,0.0,0.0,0.0,0.0,0.0,0.0,0.0,0.0,0.0,1.0,0.0
hi I'm calling about my last transaction was a payment that I don't recognise and I wanted you to check it out,latest_transactions,latest_transactions,1.0,0.42395239998586404,726,0.0,0.0,0.0,0.0,0.0,0.0,0.0,0.0,0.0,0.0,0.0,0.0,1.0,0.0
there's a payment that I don't know,latest_transactions,latest_transactions,1.0,0.425796400057151,711,0.0,0.0,0.0,0.0,0.0,0.0,0.0,0.0,0.0,0.0,0.0,0.0,1.0,0.0
hey that I'm just calling about some recent transactions I'm not really too sure where the come from and I was wondering if you didn't let me a hand in helping me out with these I might need to dispute them ID like I've honestly no idea where they come from thanks,latest_transactions,latest_transactions,1.0,0.442254099994897,758,0.0,0.0,0.0,0.0,0.0,0.0,0.0,0.0,0.0,0.0,0.0,0.0,1.0,0.0
could you show me my latest transactions and payments are not sure about,latest_transactions,latest_transactions,1.0,0.43834870005957705,715,0.0,0.0,0.0,0.0,0.0,0.0,0.0,0.0,0.0,0.0,0.0,0.0,1.0,0.0
can you show me a list of my most recent transactions,latest_transactions,latest_transactions,1.0,0.446947999997064,713,0.0,0.0,0.0,0.0,0.0,0.0,0.0,0.0,0.0,0.0,0.0,0.0,1.0,0.0
show me my latest transaction,latest_transactions,latest_transactions,1.0,0.430807099910452,707,0.0,0.0,0.0,0.0,0.0,0.0,0.0,0.0,0.0,0.0,0.0,0.0,1.0,0.0
yes I recognise the payment,latest_transactions,latest_transactions,0.98,0.43928119982592706,707,0.0,0.0,0.0,0.0,0.0,0.0,0.0,0.0,0.0,0.01,0.01,0.0,0.98,0.0
so I was looking at my recent transactions and there's is payment which I don't know where it came from but it's for $900 and in the last day I don't remember all four rising to pay that to anyone what do I do,latest_transactions,latest_transactions,0.73,0.433375599794089,753,0.0,0.0,0.0,0.0,0.0,0.0,0.0,0.0,0.0,0.01,0.24,0.0,0.75,0.0
recent transactions,latest_transactions,latest_transactions,1.0,0.47098190011456603,704,0.0,0.0,0.0,0.0,0.0,0.0,0.0,0.0,0.0,0.0,0.0,0.0,1.0,0.0
yes I recognise the payment,latest_transactions,latest_transactions,0.98,0.44838900002650905,707,0.0,0.0,0.0,0.0,0.0,0.0,0.0,0.0,0.0,0.01,0.01,0.0,0.98,0.0
I am calling about a recent transaction,latest_transactions,latest_transactions,1.0,0.42958580004051306,709,0.0,0.0,0.0,0.0,0.0,0.0,0.0,0.0,0.0,0.0,0.0,0.0,1.0,0.0
I have a query about a transaction I don't recognise,latest_transactions,latest_transactions,1.0,0.48092340002767703,713,0.0,0.0,0.0,0.0,0.0,0.0,0.0,0.0,0.0,0.0,0.0,0.0,1.0,0.0
I am calling about some recent transactions can I please see my statements from my recent transactions,latest_transactions,latest_transactions,1.0,0.42140530003234705,719,0.0,0.0,0.0,0.0,0.0,0.0,0.0,0.0,0.0,0.0,0.0,0.0,1.0,0.0
hi there's been some unusual transaction on my car can I have a list of the recent transactions a week prior to now,latest_transactions,latest_transactions,1.0,0.47127139987424005,726,0.0,0.0,0.0,0.0,0.0,0.0,0.0,0.0,0.0,0.0,0.0,0.0,1.0,0.0
hello I was just going through my bank statement that I've noticed a transaction listed but I don't recall approving,latest_transactions,latest_transactions,0.99,0.449082700069993,724,0.0,0.0,0.0,0.0,0.0,0.0,0.0,0.0,0.0,0.01,0.0,0.0,0.99,0.0
I'm calling about recent transaction,latest_transactions,latest_transactions,1.0,0.43761390005238304,708,0.0,0.0,0.0,0.0,0.0,0.0,0.0,0.0,0.0,0.0,0.0,0.0,1.0,0.0
show me my most recent transaction,latest_transactions,latest_transactions,1.0,0.429733299883082,708,0.0,0.0,0.0,0.0,0.0,0.0,0.0,0.0,0.0,0.0,0.0,0.0,1.0,0.0
please show me my most recent transactions,latest_transactions,latest_transactions,1.0,0.40494339982979,709,0.0,0.0,0.0,0.0,0.0,0.0,0.0,0.0,0.0,0.0,0.0,0.0,1.0,0.0
hi ID like to see a list of my recent transactions my bank account please,latest_transactions,latest_transactions,1.0,0.5308266000356521,717,0.0,0.0,0.0,0.0,0.0,0.0,0.0,0.0,0.0,0.0,0.0,0.0,1.0,0.0
display the latest transaction,latest_transactions,latest_transactions,1.0,0.473695299820974,706,0.0,0.0,0.0,0.0,0.0,0.0,0.0,0.0,0.0,0.0,0.0,0.0,1.0,0.0
there's a pain in I'm not too sure about can you please show me my latest transaction,latest_transactions,latest_transactions,1.0,0.487521199975162,721,0.0,0.0,0.0,0.0,0.0,0.0,0.0,0.0,0.0,0.0,0.0,0.0,1.0,0.0
I'm calling about some recent transactions I want to know what these are my most recent transactions,latest_transactions,latest_transactions,1.0,0.45453500002622604,720,0.0,0.0,0.0,0.0,0.0,0.0,0.0,0.0,0.0,0.0,0.0,0.0,1.0,0.0
desert induction on my statement that I don't recognise and I was hoping you'd give me some more information about it,latest_transactions,latest_transactions,0.84,0.414123099995777,726,0.06,0.0,0.01,0.0,0.0,0.0,0.01,0.01,0.03,0.01,0.02,0.0,0.85,0.0
hello I was wondering if you could please show me my latest transaction,latest_transactions,latest_transactions,1.0,0.46618069987744004,715,0.0,0.0,0.0,0.0,0.0,0.0,0.0,0.0,0.0,0.0,0.0,0.0,1.0,0.0
ID like you to show me my recent transactions please,latest_transactions,latest_transactions,1.0,0.478964000009,712,0.0,0.0,0.0,0.0,0.0,0.0,0.0,0.0,0.0,0.0,0.0,0.0,1.0,0.0
I have a question about Direct debits,direct_debit,direct_debit,1.0,0.42243709997273904,710,0.0,0.0,0.0,0.0,0.0,0.0,0.0,0.0,1.0,0.0,0.0,0.0,0.0,0.0
how can I stop a direct debit,direct_debit,direct_debit,1.0,0.43450849992223,709,0.0,0.0,0.0,0.0,0.0,0.0,0.0,0.0,1.0,0.0,0.0,0.0,0.0,0.0
I want to cancel a direct debit,direct_debit,direct_debit,1.0,0.42515709996223405,709,0.0,0.0,0.0,0.0,0.0,0.0,0.0,0.0,1.0,0.0,0.0,0.0,0.0,0.0
hi I'm calling to enquire about my current direct debit as well as my options in revoking those Direct debits,direct_debit,direct_debit,1.0,0.42174819996580404,726,0.0,0.0,0.0,0.0,0.0,0.0,0.0,0.0,1.0,0.0,0.0,0.0,0.0,0.0
I want to know about my direct debit,direct_debit,direct_debit,1.0,0.410805099876597,710,0.0,0.0,0.0,0.0,0.0,0.0,0.0,0.0,1.0,0.0,0.0,0.0,0.0,0.0
hello is this the bank I have a question about direct debits at short and simple what what are they don't exactly know what they are so I can't really understand how to use them,direct_debit,direct_debit,1.0,0.430094900075346,740,0.0,0.0,0.0,0.0,0.0,0.0,0.0,0.0,1.0,0.0,0.0,0.0,0.0,0.0
good evening I am wishing to ask a question about direct debits can you please inform me how about doing it what are the rules and what needs to be done to proceed with this request thank you very much,direct_debit,direct_debit,1.0,0.40657730004750103,743,0.0,0.0,0.0,0.0,0.0,0.0,0.0,0.0,1.0,0.0,0.0,0.0,0.0,0.0
I'm just wondering if you can tell me about how long it takes for direct debits to show up in my account and where I can buy my most recent direct debits that I've made,direct_debit,latest_transactions,0.61,0.44418699992820604,741,0.0,0.0,0.0,0.0,0.0,0.0,0.0,0.0,0.36,0.0,0.0,0.0,0.64,0.0
Isaiah if you could guide me through Direct debits,direct_debit,direct_debit,1.0,0.4410288000945,713,0.0,0.0,0.0,0.0,0.0,0.0,0.0,0.0,1.0,0.0,0.0,0.0,0.0,0.0
can you tell me about direct debit,direct_debit,direct_debit,1.0,0.41494769998826003,709,0.0,0.0,0.0,0.0,0.0,0.0,0.0,0.0,1.0,0.0,0.0,0.0,0.0,0.0
what is direct debits and how does it work can you please explain to me,direct_debit,direct_debit,1.0,0.43218999984674106,718,0.0,0.0,0.0,0.0,0.0,0.0,0.0,0.0,1.0,0.0,0.0,0.0,0.0,0.0
I are you able to show me my direct debit transactions and accounts please I want to return it thank you,direct_debit,direct_debit,0.87,0.40390580007806404,723,0.0,0.0,0.0,0.0,0.0,0.0,0.0,0.0,0.88,0.0,0.0,0.0,0.12,0.0
hi just calling so I could get a return or a list of my direct debits to my account please,direct_debit,direct_debit,0.9,0.41841799998655904,723,0.0,0.0,0.0,0.0,0.0,0.0,0.0,0.0,0.91,0.0,0.0,0.0,0.09,0.0
ah yes good afternoon to catch is like a lift of my Direct debits please but I currently have active,direct_debit,direct_debit,0.99,0.46115230000577806,723,0.0,0.0,0.0,0.0,0.0,0.0,0.0,0.0,0.99,0.0,0.0,0.0,0.01,0.0
could you please show me how my direct debits work and how many I've got,direct_debit,direct_debit,1.0,0.585497800027951,719,0.0,0.0,0.0,0.0,0.0,0.0,0.0,0.0,1.0,0.0,0.0,0.0,0.0,0.0
hello IT company has asked me to set up a direct debit for my billing can you please show me how I would set up a direct debit for my transaction account,direct_debit,direct_debit,1.0,0.4456583999563,734,0.0,0.0,0.0,0.0,0.0,0.0,0.0,0.0,1.0,0.0,0.0,0.0,0.0,0.0
show me my direct debit,direct_debit,direct_debit,0.92,0.420388300204649,707,0.0,0.0,0.0,0.0,0.0,0.0,0.0,0.0,0.93,0.0,0.0,0.0,0.07,0.0
how about take someone today about my direct debit please,direct_debit,direct_debit,1.0,0.474777899915352,712,0.0,0.0,0.0,0.0,0.0,0.0,0.0,0.0,1.0,0.0,0.0,0.0,0.0,0.0
please return me to the direct debits,direct_debit,direct_debit,1.0,0.440490399952977,710,0.0,0.0,0.0,0.0,0.0,0.0,0.0,0.0,1.0,0.0,0.0,0.0,0.0,0.0
ID like to see which direct debits are made in the past week,direct_debit,latest_transactions,0.86,0.51756940013729,716,0.0,0.0,0.0,0.0,0.0,0.0,0.0,0.0,0.13,0.0,0.0,0.0,0.87,0.0
hello I'm calling up if they have some questions about direct debits that have been made out of my account I want to if possible cancel the direct debit,direct_debit,direct_debit,1.0,0.44404199998825705,733,0.0,0.0,0.0,0.0,0.0,0.0,0.0,0.0,1.0,0.0,0.0,0.0,0.0,0.0
hi I'm trying to find out more about direct debits basically I am trying to find out if you could tell me about how direct debits work on my account and show me where I can see my direct debits on my account,direct_debit,direct_debit,1.0,0.42156980000436306,749,0.0,0.0,0.0,0.0,0.0,0.0,0.0,0.0,1.0,0.0,0.0,0.0,0.0,0.0
hi I have a direct debit set up to pay my electricity bill and today it's failed can you please check and tell me that my direct debits are ok and still in place,direct_debit,direct_debit,1.0,0.45766169996932105,738,0.0,0.0,0.0,0.0,0.0,0.0,0.0,0.0,1.0,0.0,0.0,0.0,0.0,0.0
how do I free information about my recent Direct debits,direct_debit,latest_transactions,0.68,0.436163799837231,713,0.0,0.0,0.0,0.0,0.0,0.0,0.0,0.0,0.30000000000000004,0.0,0.0,0.0,0.7000000000000001,0.0
can you please tell me about Direct debits,direct_debit,direct_debit,1.0,0.44006860000081305,711,0.0,0.0,0.0,0.0,0.0,0.0,0.0,0.0,1.0,0.0,0.0,0.0,0.0,0.0
show me my Direct debits,direct_debit,direct_debit,0.91,0.448699099943041,708,0.0,0.0,0.0,0.0,0.0,0.0,0.0,0.0,0.92,0.0,0.0,0.0,0.08,0.0
hi I'm just calling about direct debits I'm not sure which Direct debits on my account that you just show me how I can view my direct debit and also possibly can I return a direct debit,direct_debit,direct_debit,1.0,0.44617350003682005,743,0.0,0.0,0.0,0.0,0.0,0.0,0.0,0.0,1.0,0.0,0.0,0.0,0.0,0.0
how can I view my direct debit history,direct_debit,direct_debit,0.6000000000000001,0.42437379993498303,710,0.0,0.0,0.0,0.0,0.0,0.0,0.0,0.0,0.63,0.0,0.0,0.0,0.37,0.0
I just have some questions about direct debits can you please help me with that,direct_debit,direct_debit,1.0,0.443129100138321,718,0.0,0.0,0.0,0.0,0.0,0.0,0.0,0.0,1.0,0.0,0.0,0.0,0.0,0.0
direct debit,direct_debit,direct_debit,1.0,0.42147359997034,704,0.0,0.0,0.0,0.0,0.0,0.0,0.0,0.0,1.0,0.0,0.0,0.0,0.0,0.0
hi I had a question about direct debits can you please tell me how I can see all my Direct debits,direct_debit,direct_debit,0.99,0.417617999948561,725,0.0,0.0,0.0,0.0,0.0,0.0,0.0,0.0,0.99,0.0,0.0,0.0,0.01,0.0
I need some information about direct debit,direct_debit,direct_debit,1.0,0.464630800066515,709,0.0,0.0,0.0,0.0,0.0,0.0,0.0,0.0,1.0,0.0,0.0,0.0,0.0,0.0
show me my Direct debits please,direct_debit,direct_debit,0.9500000000000001,0.47046770015731404,709,0.0,0.0,0.0,0.0,0.0,0.0,0.0,0.0,0.9500000000000001,0.0,0.0,0.0,0.05,0.0
I would like to know more about Direct debits,direct_debit,direct_debit,1.0,0.420711300102993,712,0.0,0.0,0.0,0.0,0.0,0.0,0.0,0.0,1.0,0.0,0.0,0.0,0.0,0.0
hello I want to return a direct debit,direct_debit,direct_debit,1.0,0.44537579989992004,710,0.0,0.0,0.0,0.0,0.0,0.0,0.0,0.0,1.0,0.0,0.0,0.0,0.0,0.0
hi about to cancel one of my Direct debits please I don't need to be paying anymore,direct_debit,direct_debit,1.0,0.5224433999974281,721,0.0,0.0,0.0,0.0,0.0,0.0,0.0,0.0,1.0,0.0,0.0,0.0,0.0,0.0
I want to find out some more information about setting up a direct debit,direct_debit,direct_debit,1.0,0.417853699997067,716,0.0,0.0,0.0,0.0,0.0,0.0,0.0,0.0,1.0,0.0,0.0,0.0,0.0,0.0
I would like to see the direct debits on my account,direct_debit,direct_debit,0.77,0.47262469981797006,714,0.0,0.0,0.0,0.0,0.0,0.0,0.0,0.0,0.79,0.0,0.0,0.0,0.21,0.0
eat my account that your bank so what are my customers asked me to make some famous truetype direct debit and I wanted to enquire on how to use it like I've never use it before and I need to set it up and can you guys call him back and help me guide me to set it up and give me some more information about it thank you,direct_debit,direct_debit,1.0,0.48171220021322303,775,0.0,0.0,0.0,0.0,0.0,0.0,0.0,0.0,1.0,0.0,0.0,0.0,0.0,0.0
hello I'm I'm just calling about setting up a direct debit I'm I'm just hoping that you could help me I have never do this on the app and I just want to talk to someone about it to help you said everything up,direct_debit,direct_debit,1.0,0.41501859994605106,750,0.0,0.0,0.0,0.0,0.0,0.0,0.0,0.0,1.0,0.0,0.0,0.0,0.0,0.0
tell me my Direct debits,direct_debit,direct_debit,0.9400000000000001,0.46621110010892103,708,0.0,0.0,0.0,0.0,0.0,0.0,0.0,0.0,0.9400000000000001,0.0,0.0,0.0,0.06,0.0
hi ID like to know about bit more about my direct debits if you can just help me out ill just show me where my direct debits are the Great,direct_debit,direct_debit,0.99,0.42530739982612403,734,0.0,0.0,0.0,0.0,0.0,0.0,0.0,0.0,0.99,0.0,0.0,0.0,0.01,0.0
how do I set up a direct debit,direct_debit,direct_debit,1.0,0.418129099998623,710,0.0,0.0,0.0,0.0,0.0,0.0,0.0,0.0,1.0,0.0,0.0,0.0,0.0,0.0
could you please help me to return a direct debit,direct_debit,direct_debit,1.0,0.472680200124159,712,0.0,0.0,0.0,0.0,0.0,0.0,0.0,0.0,1.0,0.0,0.0,0.0,0.0,0.0
you know mate I'm trying to find out how direct debits work and I want to set up some direct debits could you help me up please thank you,direct_debit,direct_debit,1.0,0.40565140009857703,734,0.0,0.0,0.0,0.0,0.0,0.0,0.0,0.0,1.0,0.0,0.0,0.0,0.0,0.0
can you please tell me about Direct debits,direct_debit,direct_debit,1.0,0.48043449991382603,711,0.0,0.0,0.0,0.0,0.0,0.0,0.0,0.0,1.0,0.0,0.0,0.0,0.0,0.0
oh hi there I'm just curious about the some direct debits that are on my account how can I find out where those are please,direct_debit,direct_debit,0.92,0.39352180017158306,729,0.0,0.0,0.0,0.0,0.0,0.0,0.0,0.0,0.93,0.0,0.0,0.0,0.07,0.0
I want to make a large online payment and I've received a confirmation code via SMS,high_value_payment,high_value_payment,1.0,0.41447159997187505,719,0.0,0.0,0.0,0.0,0.0,0.0,0.0,0.0,0.0,0.0,1.0,0.0,0.0,0.0
and wanting to make a payment of a large amount and I saw that I will need to get a code by text and I just want to know more about how was work,high_value_payment,high_value_payment,1.0,0.46339130005799206,736,0.0,0.0,0.0,0.0,0.0,0.0,0.0,0.0,0.0,0.0,1.0,0.0,0.0,0.0
ID like to make a payment and put a larger one but I don't know why I getting a text message Laura like that text message you could just,high_value_payment,high_value_payment,1.0,0.44669330003671304,732,0.0,0.0,0.0,0.0,0.0,0.0,0.0,0.0,0.0,0.0,1.0,0.0,0.0,0.0
I am attempting to make a large payment however it is saying that I am receiving a text message with a code I do not know where I'm supposed to put this code or what I am supposed to do with this code,high_value_payment,high_value_payment,1.0,0.47426950000226503,746,0.0,0.0,0.0,0.0,0.0,0.0,0.0,0.0,0.0,0.0,1.0,0.0,0.0,0.0
trying to lodge payment online and it says I'm getting a text message,high_value_payment,pay_bill,0.68,0.45200789999216706,716,0.0,0.0,0.2,0.0,0.0,0.0,0.0,0.0,0.0,0.0,0.1,0.0,0.0,0.7000000000000001
hello I'm trying to pay a large amount into an account and I'm not entirely sure what I supposed to you supposed to do with the confirmation code that I get for your SMS could you help me with that,high_value_payment,high_value_payment,1.0,0.43696409999392904,744,0.0,0.0,0.0,0.0,0.0,0.0,0.0,0.0,0.0,0.0,1.0,0.0,0.0,0.0
hello there I am wishing to pay a very large amount online,high_value_payment,high_value_payment,1.0,0.44397819996811405,714,0.0,0.0,0.0,0.0,0.0,0.0,0.0,0.0,0.0,0.0,1.0,0.0,0.0,0.0
what phone number will the SMS be sent by so I know it's not scam I want to know the two large amount or not,high_value_payment,high_value_payment,0.85,0.5502251000143581,728,0.0,0.02,0.0,0.0,0.03,0.0,0.0,0.0,0.0,0.0,0.86,0.0,0.09,0.0
hi I'm traffic lights payment prefer lots of money I do not know what to do with my messages and apparently chords,high_value_payment,high_value_payment,0.9400000000000001,0.42654400016181104,725,0.0,0.0,0.03,0.0,0.01,0.0,0.0,0.0,0.0,0.0,0.9400000000000001,0.0,0.0,0.02
hi I'm trying to make a large transaction online with my bank account and it says I'm getting a text message for verification,high_value_payment,high_value_payment,1.0,0.441106799989938,727,0.0,0.0,0.0,0.0,0.0,0.0,0.0,0.0,0.0,0.0,1.0,0.0,0.0,0.0
high-priced payment,high_value_payment,high_value_payment,1.0,0.43653000006452203,705,0.0,0.0,0.0,0.0,0.0,0.0,0.0,0.0,0.0,0.0,1.0,0.0,0.0,0.0
I'm trying to make a large payment,high_value_payment,high_value_payment,1.0,0.549618000164628,710,0.0,0.0,0.0,0.0,0.0,0.0,0.0,0.0,0.0,0.0,1.0,0.0,0.0,0.0
make a large payment and it says on leaving SMS code,high_value_payment,high_value_payment,1.0,0.495003900025039,713,0.0,0.0,0.0,0.0,0.0,0.0,0.0,0.0,0.0,0.0,1.0,0.0,0.0,0.0
hello I need a confirmation code to make a large payment,high_value_payment,high_value_payment,1.0,0.42075069993734304,713,0.0,0.0,0.0,0.0,0.0,0.0,0.0,0.0,0.0,0.0,1.0,0.0,0.0,0.0
I'm trying to make a large payment online and it says I'm getting a text message,high_value_payment,high_value_payment,1.0,0.506520299939438,720,0.0,0.0,0.0,0.0,0.0,0.0,0.0,0.0,0.0,0.0,1.0,0.0,0.0,0.0
trying to make a large payment online payment code what am I supposed to do,high_value_payment,high_value_payment,1.0,0.486888200044631,717,0.0,0.0,0.0,0.0,0.0,0.0,0.0,0.0,0.0,0.0,1.0,0.0,0.0,0.0
I am trying to make a large online payment but SMS message isn't coming through,high_value_payment,high_value_payment,1.0,0.414170500123873,718,0.0,0.0,0.0,0.0,0.0,0.0,0.0,0.0,0.0,0.0,1.0,0.0,0.0,0.0
hi I'm trying to make a payment online it's telling me I should be getting a text message,high_value_payment,pay_bill,0.49,0.43244819995015804,722,0.0,0.0,0.30000000000000004,0.0,0.0,0.0,0.03,0.0,0.0,0.0,0.14,0.0,0.0,0.53
I'm trying to make a large payment online and it says I'm getting a text message,high_value_payment,high_value_payment,1.0,0.39334660000167704,720,0.0,0.0,0.0,0.0,0.0,0.0,0.0,0.0,0.0,0.0,1.0,0.0,0.0,0.0
I go to a webpage with my bank and I've got to make a huge payment and it comes up with you still box saying it's going to send me an SMS code then yeah I have to listen out for the beep beep on my mobile phone or to make a banking transaction I thought it a bit Court of annoying you actually not it might be secured it's kind of irritating,high_value_payment,high_value_payment,1.0,0.43510659993626105,778,0.0,0.0,0.0,0.0,0.0,0.0,0.0,0.0,0.0,0.0,1.0,0.0,0.0,0.0
I tried to pay for something online with a large sum of money and am receiving text messages from my bank with codes I'm not too sure what to do with these codes can you explain it to me,high_value_payment,high_value_payment,1.0,0.48750300006940905,742,0.0,0.0,0.0,0.0,0.0,0.0,0.0,0.0,0.0,0.0,1.0,0.0,0.0,0.0
I want to pay a fairly big amount,high_value_payment,high_value_payment,1.0,0.44976180000230603,710,0.0,0.0,0.0,0.0,0.0,0.0,0.0,0.0,0.0,0.0,1.0,0.0,0.0,0.0
I'm making a large payment online and I'm getting a text message with a code and I'm not sure what it's supposed to do,high_value_payment,high_value_payment,1.0,0.49096599989570605,730,0.0,0.0,0.0,0.0,0.0,0.0,0.0,0.0,0.0,0.0,1.0,0.0,0.0,0.0
I was trying to make a large payment and it said that I'll get a code via SMS what is actually do I do with this code,high_value_payment,high_value_payment,1.0,0.47912719985470104,730,0.0,0.0,0.0,0.0,0.0,0.0,0.0,0.0,0.0,0.0,1.0,0.0,0.0,0.0
hello I was ring up to you try and transfer a large amount of money I'm waiting for an SMS to be sent to me and then it would be good if you could help to let me know what's the next step,high_value_payment,high_value_payment,1.0,0.46111040003597703,747,0.0,0.0,0.0,0.0,0.0,0.0,0.0,0.0,0.0,0.0,1.0,0.0,0.0,0.0
hi there I would like to Macca's large payment I believe I will receive an SMS code for confirmation,high_value_payment,high_value_payment,1.0,0.41865770006552305,723,0.0,0.0,0.0,0.0,0.0,0.0,0.0,0.0,0.0,0.0,1.0,0.0,0.0,0.0
hi I'm trying to make a large payment for a lot of money online and it's saying I need to get a text message what's the text message for,high_value_payment,high_value_payment,1.0,0.47098179999738904,734,0.0,0.0,0.0,0.0,0.0,0.0,0.0,0.0,0.0,0.0,1.0,0.0,0.0,0.0
I'm trying to make a large payment online I was told I was going to get an SMS message but I have not received,high_value_payment,high_value_payment,1.0,0.43646640004590104,727,0.0,0.0,0.0,0.0,0.0,0.0,0.0,0.0,0.0,0.0,1.0,0.0,0.0,0.0
I'm trying to make a large payment online it says I'm getting a text message,high_value_payment,high_value_payment,1.0,0.439703400013968,719,0.0,0.0,0.0,0.0,0.0,0.0,0.0,0.0,0.0,0.0,1.0,0.0,0.0,0.0
hi I want to make a payment which is quite large it's saying that I'm eating an SMS code to be able to finalise that what does that mean,high_value_payment,high_value_payment,1.0,0.5109606999903911,735,0.0,0.0,0.0,0.0,0.0,0.0,0.0,0.0,0.0,0.0,1.0,0.0,0.0,0.0
hi I'm trying to make a large withdrawal repayment but I keep finding these text messages and not sure what to do with them,high_value_payment,high_value_payment,1.0,0.41224299999885206,727,0.0,0.0,0.0,0.0,0.0,0.0,0.0,0.0,0.0,0.0,1.0,0.0,0.0,0.0
so wanting to pay a really big amount of money but it says I need a confirmation code from SMS I don't have a mobile phone I'm calling on a landline my phone got stolen the other day is there anyway I can do it without an SMS,high_value_payment,high_value_payment,1.0,0.412707700161263,753,0.0,0.0,0.0,0.0,0.0,0.0,0.0,0.0,0.0,0.0,1.0,0.0,0.0,0.0
I'm trying to make a high priced payment online but I'm not receiving the SMS code can you help,high_value_payment,high_value_payment,1.0,0.43808720004744806,723,0.0,0.0,0.0,0.0,0.0,0.0,0.0,0.0,0.0,0.0,1.0,0.0,0.0,0.0
I'm trying to pay a large amount and I'm supposed to get a confirmation code via SMS but I'm not too sure what to do with it,high_value_payment,high_value_payment,1.0,0.461792400106787,732,0.0,0.0,0.0,0.0,0.0,0.0,0.0,0.0,0.0,0.0,1.0,0.0,0.0,0.0
high level payment,high_value_payment,high_value_payment,1.0,0.46345590008422705,705,0.0,0.0,0.0,0.0,0.0,0.0,0.0,0.0,0.0,0.0,1.0,0.0,0.0,0.0
I'm trying to make a payment for a large purchase online and it says I'm supposed to get a text message to confirm the purchase but I haven't received it yet,high_value_payment,high_value_payment,1.0,0.405248099938035,736,0.0,0.0,0.0,0.0,0.0,0.0,0.0,0.0,0.0,0.0,1.0,0.0,0.0,0.0
I'm trying to put through a large transaction and it says I'm going to get a text message with the confirmation code but it hasn't come through,high_value_payment,high_value_payment,1.0,0.44522399990819306,732,0.0,0.0,0.0,0.0,0.0,0.0,0.0,0.0,0.0,0.0,1.0,0.0,0.0,0.0
I want to make a large transaction,high_value_payment,high_value_payment,1.0,0.42662819987162903,709,0.0,0.0,0.0,0.0,0.0,0.0,0.0,0.0,0.0,0.0,1.0,0.0,0.0,0.0
g'day mate I'm making a large purchase online it says ill send me an SMS verification code or something not sure how that works could you explain it thanks,high_value_payment,high_value_payment,1.0,0.463926200056448,734,0.0,0.0,0.0,0.0,0.0,0.0,0.0,0.0,0.0,0.0,1.0,0.0,0.0,0.0
hey there I'm just got a large payment that I've got to make I'm a bit confused because my online application keeps denying me it into the minion SMS but I'm not really too sure what to do with them I was just wondering if you could lend me a hand fairly urgent that I get this you know large transaction sort it out thanks,high_value_payment,high_value_payment,1.0,0.44679720001295203,772,0.0,0.0,0.0,0.0,0.0,0.0,0.0,0.0,0.0,0.0,1.0,0.0,0.0,0.0
hi there I'm just trying to buy something that has a large price tag and when I went to make the payment I got a message saying that I should get some sort of SMS code I'm just not sure it supposed to happen he can you help me with that please,high_value_payment,high_value_payment,1.0,0.449381300015375,756,0.0,0.0,0.0,0.0,0.0,0.0,0.0,0.0,0.0,0.0,1.0,0.0,0.0,0.0
I would like to make the large payment and receive confirmation code via SMS,high_value_payment,high_value_payment,1.0,0.41647220007143904,716,0.0,0.0,0.0,0.0,0.0,0.0,0.0,0.0,0.0,0.0,1.0,0.0,0.0,0.0
I need to make the large online payment and I'm confused about the SMS code,high_value_payment,high_value_payment,1.0,0.40878940001130104,718,0.0,0.0,0.0,0.0,0.0,0.0,0.0,0.0,0.0,0.0,1.0,0.0,0.0,0.0
hello I'm trying to make a large payment online and this isn't getting a text message,high_value_payment,high_value_payment,1.0,0.42275490006431904,720,0.0,0.0,0.0,0.0,0.0,0.0,0.0,0.0,0.0,0.0,1.0,0.0,0.0,0.0
hi I'm having some trouble purchasing a product on lies a large purchase and it's saying after respond to a text message or I've just received text message I'm so I'm not too sure where these SMS messages are going so he can help me out that that be great thank you,high_value_payment,high_value_payment,1.0,0.402082399930804,759,0.0,0.0,0.0,0.0,0.0,0.0,0.0,0.0,0.0,0.0,1.0,0.0,0.0,0.0
where can I deposit money into my account what ATMs work,cash_deposit,cash_deposit,1.0,0.41011700010858404,714,0.0,0.0,0.0,0.0,0.0,0.0,0.0,1.0,0.0,0.0,0.0,0.0,0.0,0.0
I was wondering if you could help me transfer some money into my account,cash_deposit,high_value_payment,0.9500000000000001,0.40265669999644105,716,0.0,0.0,0.0,0.0,0.0,0.0,0.0,0.05,0.0,0.0,0.9500000000000001,0.0,0.0,0.0
where can I deposit cash into my account please,cash_deposit,cash_deposit,1.0,0.423501400044187,711,0.0,0.0,0.0,0.0,0.0,0.0,0.0,1.0,0.0,0.0,0.0,0.0,0.0,0.0
"hello I'm looking for information on what the quickest way to deposit $1,000 in the account my bank account will be",cash_deposit,cash_deposit,1.0,0.45989500009454704,729,0.0,0.0,0.0,0.0,0.0,0.0,0.0,1.0,0.0,0.0,0.0,0.0,0.0,0.0
hi just calling to ask how I can transfer money into the account,cash_deposit,high_value_payment,0.7000000000000001,0.43182549998164105,715,0.0,0.0,0.0,0.0,0.0,0.0,0.0,0.27,0.01,0.0,0.72,0.0,0.0,0.0
I'm just wondering how I can deposit money into the account,cash_deposit,cash_deposit,1.0,0.471006200183182,714,0.0,0.0,0.0,0.0,0.0,0.0,0.0,1.0,0.0,0.0,0.0,0.0,0.0,0.0
can you tell me how to transfer money into my account,cash_deposit,high_value_payment,0.76,0.43824840011075106,713,0.0,0.0,0.0,0.0,0.0,0.0,0.0,0.21,0.01,0.0,0.78,0.0,0.0,0.0
hi how can I deposit money into my account,cash_deposit,cash_deposit,1.0,0.43739009997807404,711,0.0,0.0,0.0,0.0,0.0,0.0,0.0,1.0,0.0,0.0,0.0,0.0,0.0,0.0
how can I deposit money into my account,cash_deposit,cash_deposit,1.0,0.41884159995242903,710,0.0,0.0,0.0,0.0,0.0,0.0,0.0,1.0,0.0,0.0,0.0,0.0,0.0,0.0
I want to deposit money into my account,cash_deposit,cash_deposit,1.0,0.622155399993062,710,0.0,0.0,0.0,0.0,0.0,0.0,0.0,1.0,0.0,0.0,0.0,0.0,0.0,0.0
so I got some money that I want a deposit into my account how do I do that,cash_deposit,cash_deposit,1.0,0.44043760001659304,720,0.0,0.0,0.0,0.0,0.0,0.0,0.0,1.0,0.0,0.0,0.0,0.0,0.0,0.0
I would like to enquire about depositing some money so I just I'm on the app right I just can't find wet the tablet I can deposit the money so if you don't me out of,cash_deposit,cash_deposit,0.91,0.426455599954351,744,0.0,0.0,0.08,0.0,0.0,0.0,0.0,0.92,0.0,0.0,0.0,0.0,0.0,0.0
formation regarding how I can put money into my account,cash_deposit,cash_deposit,0.99,0.401574900140985,712,0.0,0.0,0.0,0.0,0.0,0.0,0.0,0.99,0.0,0.0,0.01,0.0,0.0,0.0
can I deposit money how do I transfer money to the account where can I deposit money,cash_deposit,cash_deposit,1.0,0.42648879997432204,719,0.0,0.0,0.0,0.0,0.0,0.0,0.0,1.0,0.0,0.0,0.0,0.0,0.0,0.0
I want to deposit money into my account,cash_deposit,cash_deposit,1.0,0.44080640003085103,710,0.0,0.0,0.0,0.0,0.0,0.0,0.0,1.0,0.0,0.0,0.0,0.0,0.0,0.0
hello I need some assistance to help me put some money into the account,cash_deposit,cash_deposit,0.99,0.469150600023567,716,0.0,0.0,0.0,0.0,0.0,0.0,0.0,0.99,0.0,0.0,0.01,0.0,0.0,0.0
hi there ID like to deposit some money into my account I was wondering if you could help you with that please,cash_deposit,cash_deposit,1.0,0.48227489995770106,724,0.0,0.0,0.0,0.0,0.0,0.0,0.0,1.0,0.0,0.0,0.0,0.0,0.0,0.0
yeah and where do I enter the payment code where does it go do I have to put it on a form or,cash_deposit,pay_bill,0.9,0.433811000082641,725,0.0,0.0,0.0,0.0,0.0,0.0,0.01,0.0,0.04,0.0,0.04,0.0,0.0,0.91
ID like to deposit money into my account,cash_deposit,cash_deposit,1.0,0.420248199952766,710,0.0,0.0,0.0,0.0,0.0,0.0,0.0,1.0,0.0,0.0,0.0,0.0,0.0,0.0
hi am I able to get some money in my bank account be really greatly appreciated thank you,cash_deposit,cash_deposit,0.52,0.40829259995371103,720,0.0,0.0,0.0,0.02,0.22,0.02,0.0,0.55,0.0,0.0,0.19,0.0,0.0,0.0
example can I can I deposit money,cash_deposit,cash_deposit,1.0,0.42361270007677304,709,0.0,0.0,0.0,0.0,0.0,0.0,0.0,1.0,0.0,0.0,0.0,0.0,0.0,0.0
could you please help me deposit the money in my account today,cash_deposit,cash_deposit,1.0,0.46238910011015805,714,0.0,0.0,0.0,0.0,0.0,0.0,0.0,1.0,0.0,0.0,0.0,0.0,0.0,0.0
where in the app is the option to deposit money into my account,cash_deposit,cash_deposit,1.0,0.433232699986547,715,0.0,0.0,0.0,0.0,0.0,0.0,0.0,1.0,0.0,0.0,0.0,0.0,0.0,0.0
I want to deposit money in my account and so how can I go about how can I go about how do I do that,cash_deposit,cash_deposit,1.0,0.435750199947506,727,0.0,0.0,0.0,0.0,0.0,0.0,0.0,1.0,0.0,0.0,0.0,0.0,0.0,0.0
a Christmas overseas from cash as a present and I don't like the idea of carrying a lot of cash around and would like to deposit into my account is there an easier way or how long is or does it take for it to clear into my account is an instant or is there are a few days but need to wait for it to clear I'm looking at using that money to purchase something online,cash_deposit,cash_deposit,0.77,0.42559970007278003,781,0.21,0.0,0.0,0.0,0.0,0.0,0.0,0.79,0.0,0.0,0.0,0.0,0.0,0.0
hey there I'm just having some issues with depositing money into my account of tried a couple of different ways but I'm wondering if you could just give me a hand just got out this issue thanks,cash_deposit,cash_deposit,1.0,0.577999699860811,743,0.0,0.0,0.0,0.0,0.0,0.0,0.0,1.0,0.0,0.0,0.0,0.0,0.0,0.0
I would like to deposit money into my account,cash_deposit,cash_deposit,1.0,0.45947079989127804,711,0.0,0.0,0.0,0.0,0.0,0.0,0.0,1.0,0.0,0.0,0.0,0.0,0.0,0.0
hi I'm calling about depositing money into my account how do I transfer the money into my account,cash_deposit,cash_deposit,0.81,0.45435480005107803,723,0.0,0.0,0.0,0.0,0.0,0.0,0.0,0.8200000000000001,0.0,0.0,0.18,0.0,0.0,0.0
how do I transfer money from my account to my 718 account,cash_deposit,high_value_payment,0.99,0.434156500035896,717,0.0,0.0,0.0,0.0,0.0,0.0,0.0,0.0,0.0,0.0,0.99,0.0,0.0,0.01
I want to put some money into my account and I'm not sure how to go about doing that,cash_deposit,cash_deposit,1.0,0.446439099963754,722,0.0,0.0,0.0,0.0,0.0,0.0,0.0,1.0,0.0,0.0,0.0,0.0,0.0,0.0
hi can you tell me how to transfer money from my bank account please thanks,cash_deposit,high_value_payment,0.96,0.43875939981080503,717,0.0,0.0,0.0,0.0,0.0,0.0,0.0,0.0,0.0,0.0,0.96,0.0,0.0,0.04
how can I deposit money into my account,cash_deposit,cash_deposit,1.0,0.45631479984149304,710,0.0,0.0,0.0,0.0,0.0,0.0,0.0,1.0,0.0,0.0,0.0,0.0,0.0,0.0
could you please help me to deposit some money into my account,cash_deposit,cash_deposit,1.0,0.477466600015759,714,0.0,0.0,0.0,0.0,0.0,0.0,0.0,1.0,0.0,0.0,0.0,0.0,0.0,0.0
hi is this the bank how can I deposit money into my account I made the accountant yesterday and I'm not entirely sure the steps I need to do but I have to do it online or go in person with cash I'm sick of fused,cash_deposit,cash_deposit,1.0,0.423084300011396,750,0.0,0.0,0.0,0.0,0.0,0.0,0.0,1.0,0.0,0.0,0.0,0.0,0.0,0.0
good morning I want if you explain to me I'm wishing to actually deposit money into an account yeah my account and,cash_deposit,cash_deposit,1.0,0.49316240008920403,725,0.0,0.0,0.0,0.0,0.0,0.0,0.0,1.0,0.0,0.0,0.0,0.0,0.0,0.0
how can I deposit money into my account,cash_deposit,cash_deposit,1.0,0.44662000006064706,710,0.0,0.0,0.0,0.0,0.0,0.0,0.0,1.0,0.0,0.0,0.0,0.0,0.0,0.0
deposit money,cash_deposit,cash_deposit,1.0,0.44169250014238004,704,0.0,0.0,0.0,0.0,0.0,0.0,0.0,1.0,0.0,0.0,0.0,0.0,0.0,0.0
hello where can I deposit money,cash_deposit,cash_deposit,1.0,0.403453800128772,708,0.0,0.0,0.0,0.0,0.0,0.0,0.0,1.0,0.0,0.0,0.0,0.0,0.0,0.0
I deposit money,cash_deposit,cash_deposit,1.0,0.446116200182586,705,0.0,0.0,0.0,0.0,0.0,0.0,0.0,1.0,0.0,0.0,0.0,0.0,0.0,0.0
how do I transfer money to my account,cash_deposit,high_value_payment,0.96,0.42154280003160205,710,0.0,0.0,0.0,0.0,0.0,0.0,0.0,0.04,0.0,0.0,0.96,0.0,0.0,0.0
how can I transfer money into the account,cash_deposit,high_value_payment,0.73,0.432364799780771,710,0.0,0.0,0.0,0.0,0.0,0.0,0.0,0.25,0.0,0.0,0.75,0.0,0.0,0.0
hi hello I'm trying to find out how to transfer money to another account thanks,cash_deposit,high_value_payment,0.98,0.42219620011746806,718,0.0,0.0,0.0,0.0,0.0,0.0,0.0,0.0,0.0,0.0,0.98,0.0,0.0,0.02
can I deposit money into my bank account,cash_deposit,cash_deposit,1.0,0.46251969994045705,710,0.0,0.0,0.0,0.0,0.0,0.0,0.0,1.0,0.0,0.0,0.0,0.0,0.0,0.0
