text,intent,pred
I would like to set up a joint account with my partner,joint_account,joint_account
Henry County set up a joint account with my wife and where are they at,joint_account,joint_account
hi I'd like to set up a joint account with my partner I'm not seeing the option to do it on the app so I called in to get some help can I do it over the phone with you and give you the information,joint_account,joint_account
how do I start a joint account,joint_account,joint_account
can you help me set up a joint bank account,joint_account,joint_account
how to set up a joint account,joint_account,joint_account
is like you open a joint account tell me about processes,joint_account,joint_account
can I have an account with my sister I want to set up a joint account,joint_account,joint_account
I need to find out if I probably set up a joint account,joint_account,joint_account
I am calling because I would like to set up a joint with my partner as possible and is there a bunny,joint_account,joint_account
I need help setting up a joint account,joint_account,joint_account
how do I go about setting up a joint account for my wife and I,joint_account,joint_account
hi I was trying to set up a joint account is there a somewhere on the app that I can do that or do I have to do that through you,joint_account,joint_account
I was wanting to set up a joint account with my spouse and I was wondering do we each get separate card debit card and separate way of knowing who is accessing the thank you,joint_account,joint_account
how do I set up a joint account,joint_account,joint_account
I was hoping to set up a joint account,joint_account,joint_account
how do I create a joint account,joint_account,joint_account
how do I set up a joint account,joint_account,joint_account
hello how would I go about setting up a joint account with my partner,joint_account,joint_account
hello I'd like to set up a joint account was my partner how do I do that,joint_account,joint_account
I would like to set up a joint account can I do that in the app,joint_account,joint_account
how do I go about setting up a joint account with my partner and he's available on the app,joint_account,joint_account
how can my wife and I set up a joint account,joint_account,joint_account
could you please tell me how to set up a joint account,joint_account,joint_account
I'd like to set up a joint account,joint_account,joint_account
can I set up a joint account,joint_account,joint_account
set up a joint account,joint_account,joint_account
how to go about setting up a joint account for my partner and myself,joint_account,joint_account
I'm on your ass and my husband and I are trying to set up a joint account I can see where I set up an account by myself but I'm not sure where to go to set up a joint account can you help me with this please thank you,joint_account,joint_account
open up a joint account with my partner,joint_account,joint_account
how would I set up a joint account for myself to my partner,joint_account,joint_account
how much information about signing up for a joint account,joint_account,joint_account
hi I was wondering how I would set up a joint account with my partner,joint_account,joint_account
hello yes my son is going off to college and I'd like to set up a joint account so that emergency,joint_account,joint_account
yes I'd like to set up a joint account I'm allowed to anyone,joint_account,joint_account
hello I was just calling to see if I can make it a joint account with my wife thank you,joint_account,joint_account
how do I set up a joint account,joint_account,joint_account
yes or no I'm going to because I would like to set up a joint account with my wife,joint_account,joint_account
add someone to my account please,joint_account,joint_account
I need to set up a joint account,joint_account,joint_account
I was wondering if I was able to set up a joint account through the app,joint_account,joint_account
I would like to set up a joint account how would I go about doing that,joint_account,joint_account
what is my account balance,balance,balance
show me my current countdown,balance,balance
I was wondering if my current balance is on my account,balance,balance
I would like to be showing my account balance please,balance,balance
what is my account balance,balance,balance
hello I just wanted to know how much money I currently have in my bank account,balance,balance
account balance,balance,balance
please show me my account balance please,balance,balance
can you tell me what my current account balance is please,balance,balance
oh yeah I was wondering if you guys could help me find my account balance,balance,balance
show me my account balance please,balance,balance
show me my account balance,balance,balance
hello I'm calling about my account balance,balance,balance
what's my current balance,balance,balance
please show me my current account balance,balance,balance
can you tell me what my current account balances,balance,balance
show me my current account balance,balance,balance
I need to know my account balance,balance,balance
hey honey can you tell me how much money I have in my account like what's the balance,balance,balance
show me my account balance,balance,balance
can you tell me what my current account balance is,balance,balance
account balance please,balance,balance
what is my checking account balance,balance,balance
I'm wondering if I could find out what my account balance is right now on my checking and savings thank you,balance,balance
like to see my account balance,balance,balance
show me my account balance,balance,balance
can you see my account balance,balance,balance
what is my current bank balance,balance,balance
so you spent the money I'd like to see my new account balance,balance,balance
I would like to know the amount in my current account,balance,balance
how much do I have in my account,balance,balance
can I see my account balance please,balance,balance
hey I'm calling to ask about my current account balance,balance,balance
what's my account balance,balance,balance
what's my account balance,balance,balance
show me my account balance please,balance,balance
show me my account balance,balance,balance
please show me my account balance,balance,balance
hi I want you to tell me my account balance until I'm just see it and I need to be able to reconcile a my account,balance,balance
how much money is in my account,balance,balance
I would like to know what my current account balance shows,balance,balance
I would like to make a down payment,pay_bill,high_value_payment
hi my credit card payment is due I need to pay that bill thank you,pay_bill,pay_bill
say hello I have to make a payment on my bill can you tell me how much I owe and,pay_bill,pay_bill
my bills are due,pay_bill,pay_bill
I'd like to make a payment on my credit card account,pay_bill,pay_bill
teach me how to pay bill online,pay_bill,pay_bill
I need your bank online using the app and I want to pay my credit card bill it's due to do help me use the app to get that done thank you,pay_bill,pay_bill
I'd like to make a payment,pay_bill,pay_bill
yeah I know I want to pay bill I have a particular payment I need to make my credit card is due so I'm to pay that bill now,pay_bill,pay_bill
karma credit card bill today,pay_bill,pay_bill
I need to pay though,pay_bill,pay_bill
Somaya my Internet bill due and I need to make a payment through this,pay_bill,pay_bill
I would like to make a payment,pay_bill,pay_bill
I'd like to pay a bail,pay_bill,pay_bill
make a bill payment,pay_bill,pay_bill
I have to pay bill make payment,pay_bill,pay_bill
hi I'd like to pay the bills could you please help me with this,pay_bill,pay_bill
hi I have a bill to pay,pay_bill,pay_bill
I haven't told you on my case is called I would like to make the payment please,pay_bill,pay_bill
I'd like to pay my bill,pay_bill,pay_bill
hello yes I would like to make a payment,pay_bill,pay_bill
I need to make a payment,pay_bill,pay_bill
hi I want to make a payment so I can pay this bill,pay_bill,pay_bill
pay my credit card bill,pay_bill,pay_bill
hello yes I'm calling in regards to my credit card bill at a little bit early if I could that would be great thank you,pay_bill,pay_bill
I would like to pay bill and make a payment,pay_bill,pay_bill
can I make a payment please,pay_bill,pay_bill
hey I need to pay a bill my electricity bill is up and I already moved all the money over to my primary checking you can just take it from there to the bill passed eat near me,pay_bill,pay_bill
I want to make an online bill payment,pay_bill,pay_bill
I have to pay bills at 2,pay_bill,pay_bill
epic to make a payment on the bill,pay_bill,pay_bill
hello I'm calling to pay for my electric and water bill or can I make this payment,pay_bill,pay_bill
hi I'm trying to pay my bill using my card,pay_bill,pay_bill
I need to pay my credit card bill,pay_bill,pay_bill
I wanted to make a payment on my bill,pay_bill,pay_bill
I have to pay my bill,pay_bill,pay_bill
I would like to make a payment,pay_bill,pay_bill
I have to pay a bill,pay_bill,pay_bill
I want to pay off my entire balance,pay_bill,pay_bill
I'd like to pay my electricity bill,pay_bill,pay_bill
I am calling because I want to pay a bill,pay_bill,pay_bill
oh yeah hi I need fastest topical transactions on my card freeze my card block my card or something,freeze,freeze
freeze my card please,freeze,freeze
hi I've lost my bank card and please stop all transactions I don't want anybody using my card for anything I don't know where it is can you do this for me thank you,freeze,card_issues
I want to stop all transactions this card,freeze,freeze
good morning single lost my ATM card like a debit card I need to put a freezer,freeze,freeze
hi I've lost my card and so I think I might know where it is but could you freeze it for right now I don't want any transactions to happen on it until I can find it,freeze,freeze
Uncle freeze my card,freeze,freeze
hi I need to freeze my card please,freeze,freeze
I want you to freeze a whole transactions on my card place,freeze,freeze
hi I lost my card I'd like to freeze my card softball transactions I don't know where I put it I'm not sure if it was stolen or not so I'd like it to be frozen so that nothing can happen thank you very much,freeze,freeze
hi there I wanted to call to make sure that you got to stop and block my card store,freeze,freeze
Five Nights at Freddy's my car seats,freeze,app_error
hey I suspect that there's been some fraud with my credit card so I would like to put a freeze on my card so that there can be no more used to it,freeze,freeze
I'd like to freeze my card,freeze,freeze
I'm going to be needing someone to stop my card right now can they freeze it for me please,freeze,freeze
see the security hold put on my card,freeze,card_issues
can I freeze my card,freeze,freeze
I need to freeze my card,freeze,freeze
honey I like to freeze my card,freeze,freeze
freeze my card,freeze,freeze
could you please freeze my card and make sure no transaction happens melim,freeze,freeze
hello GIF I'm going cuz my card got stolen I would like to stop all transactions for my car completely,freeze,card_issues
I'd like to place a freeze on my card,freeze,freeze
hi I was wondering if there was a way that you could freeze my card for me I need to stop all transaction to my account right now,freeze,freeze
freeze my card,freeze,freeze
freeze my debit card I want to stop at all transactions coming in please lock my car,freeze,freeze
I would like you to freeze all transactions on my card please,freeze,freeze
I'd like to freeze my card,freeze,freeze
I lost my card and need to freeze my account,freeze,freeze
I want to see freezing my card,freeze,freeze
hello my wallet is stolen and I'd like to put a block on my card,freeze,freeze
freeze my card immediately cease all purchases,freeze,freeze
I'm having some fun and I'm wondering if you are able to freeze it,freeze,freeze
there has been an issue with my card and I would like to breathe,freeze,card_issues
hello I just ate only lost my card at the airport will you be able to stop listen to increase the card,freeze,card_issues
hey some dude got a hold of my car and I want fries all transactions on that,freeze,latest_transactions
I would like to stop all transactions on my card,freeze,freeze
please stop all transactions on my card,freeze,freeze
I need to put a freeze on my card,freeze,freeze
I need a freeze my card,freeze,freeze
please freeze all transactions on my card,freeze,freeze
read card all transaction,freeze,latest_transactions
hi I'm just calling because I would like to immediately leave my car. My card I would like it to just be cancelled really because I broke my car in the womb,freeze,card_issues
all transactions on my card fees,freeze,latest_transactions
I need to place a freeze on my card I have reason to believe that it has been stolen or I have misplaced it,freeze,freeze
high on the app isn't loading information,app_error,app_error
I'm trying to use your app to access health and FYI login very weird error message it says cannot connect to server and I'm just wondering if you had any website issues going on,app_error,app_error
is the app not working I can't access my account,app_error,app_error
the mobile app keeps crashing on my phone,app_error,app_error
hi so I'm using your app on my phone and the app isn't working properly so I was wondering if you guys could help me,app_error,app_error
I'm usually asleep use the app for my big services and today it's not working any help me access my account,app_error,app_error
the app does not load,app_error,app_error
hi I recently downloaded your app and Android can you please tell me,app_error,app_error
hi I'm having issue with your app coming up on my phone and being able to walk again,app_error,app_error
your mobile app isn't working,app_error,app_error
stop is not working properly or at all I can't access anything,app_error,app_error
hi good morning to you don't like to make a complaint I've been trying to look up my house I don't know why thank you,app_error,address
hi I was just using the banking app that you guys have on my phone and it's not loading up it's saying that it can't access my account and then it won't go through the help me with this,app_error,app_error
the app is not working and I can't access any of my account information,app_error,app_error
hello I'm having a problem with my with the app it won't load my account,app_error,app_error
I'm using my banking app and it's not working the way it's supposed to,app_error,app_error
hi I'm just calling to talk to technical support because the app is not working on my phone it will not load My Account Details,app_error,app_error
the office not working correctly,app_error,app_error
yeah I know I just wanted to ask you a quick question I'm trying to access the app for for your bank and it's not loading properly I can't stand in curtailing it says please try again in a few minutes,app_error,app_error
I am trying to use but I'm having a hard time can you help me out,app_error,app_error
use the app and it is literally not working it's not showing my transactions for Sunday I'm trying to get you a bill and also check the status of a text that needs to be cleared and the app keeps closing it keeps crashing and it's not showing anything on my end,app_error,app_error
app will not load on my phone,app_error,app_error
I'm trying to use the information in an error message,app_error,app_error
I've been using this app for taxes my bank account but my balance doesn't load at all is there somewhere you can fix it,app_error,app_error
having trouble with the app I'm not able to see my account balance and when I try to click on it it crashes,app_error,app_error
the app isn't working correctly am I able to access my bank account,app_error,app_error
good morning I'm trying to use the Android app to access my account information and it says that I have no accounts to service online,app_error,app_error
it's not working now I cannot get into my account,app_error,app_error
KeyBank app is not properly working,app_error,app_error
hi I'm trying to use your app online it doesn't mean service now I can't get to my account I can't see my balance can you help me with this please,app_error,app_error
hello I'm trying to use your app for your bank service and for some reason doesn't seem to load whenever I'm trying to check my,app_error,app_error
I'm hoping you can help me I can't access my account it just says that the app is being serviced,app_error,app_error
if my app is not loading and I cannot access my account,app_error,app_error
are there another new problem with the app not loading properly,app_error,app_error
the app is malfunctioning,app_error,app_error
hi I'm trying to use the banking app on my phone and currently my checking and savings account balance is not refreshing,app_error,app_error
hello I'm calling for technical difficulties I cannot access my bank account and I was wondering what the problem is thank you,app_error,app_error
yes hello I'm calling because my mobile app doesn't work,app_error,app_error
my transactions aren't loading,app_error,latest_transactions
the app is not working,app_error,app_error
hi there I'm having difficulties using your ass I can't get it to log on or work properly thanks,app_error,app_error
hi I'm just calling because the after that usually used my bank is not working properly as soon as I open the app it just my account balance at whenever I am able to get on the app it's only my account balance wrong. I am,app_error,app_error
hi yes I like to change my address,address,address
hi Dan Conchas I need to register my new address with you guys so I wanted to change my address on bank account,address,address
hi I just moved and I need to change my address on file,address,address
I would like to change my address,address,address
change my address,address,address
let's change my address in your system,address,address
good morning yes I'm moving and quick and I need to change my address of record,address,address
so I moved to a different house and I was wondering I wanted to,address,address
how do I change my address,address,address
I need to change my address,address,address
I would like to change my address,address,address
I want to change my address,address,address
I'd like to change the address on my bank account,address,address
hello I like to change my address please,address,address
yes hello I'd like to change my address please,address,address
he to update my address,address,address
hello I need to change my address since I moved,address,address
hi yes I want to change my address,address,address
I'd like to change my address,address,address
how do I change my address,address,address
I need to change my address can I do that here thank you,address,address
change my dress,address,address
I wanted to change my address,address,address
I want to change my address to something else I have moved and I no longer at that particular address so again I'm calling about getting a new address for updating my address rather,address,address
my address I want to change my address,address,address
I would like to change my address what is the fossil situation thank you,address,address
hi I need to change my address,address,address
I'd like to change my address,address,address
I was wanting to change my address please,address,address
I want to change my address,address,address
do I need to change my address,address,address
I just moved and I'd like to change my address,address,address
I want to change my address,address,address
hello I would like to change my address,address,address
how much money can I withdraw per day from the ATM,atm_limit,atm_limit
could you please tell me what the maximum amount of money I can withdraw from a ATM in one day would be,atm_limit,atm_limit
I was wondering what my daily limit is at the ATM,atm_limit,atm_limit
oh I'm trying to take some money from my account and I was wondering if you could tell me how much money I have in my account so that I can know how much it is do you also know is there a limit each day that I can take maybe I can't take all of it is it like 400 or 500 a day thank you,atm_limit,balance
cycling to find out what my opinion is for withdrawals is on my account,atm_limit,atm_limit
hi what's the maximum amount of money I can withdraw from,atm_limit,atm_limit
how much money is my daily maximum amount,atm_limit,atm_limit
hi I was wondering if there's any way to increase my withdrawal limit what's the maximum amount of money that I can withdraw from the ATM,atm_limit,atm_limit
how much money would I be able to withdraw the ATM,atm_limit,atm_limit
good night I was wondering if you could tell me what my maximum ATM withdrawal limit would be on this account,atm_limit,atm_limit
hello I would like to withdraw money from the ATM and I was wondering how much money can I withdraw,atm_limit,atm_limit
what is my ATM withdrawal limit,atm_limit,atm_limit
I need to go to the ATM and are usually withdrawal about $200 I wanted can I up that and make it $300 when I'm at the ATM and make my maximum amount I can take out 300 just let me know thank you,atm_limit,atm_limit
is there a limit of how much I can watch,atm_limit,atm_limit
how much money can I take out at the ATM,atm_limit,atm_limit
can you tell me what my my maximum amount of money I can withdraw from ATM is I want to get the holiday shopping done,atm_limit,atm_limit
what is the most money I can withdraw at one time from an ATM,atm_limit,atm_limit
what is the maximum amount that I can withdraw from the ATM,atm_limit,atm_limit
what's the maximum amount I can withdraw from an ATM,atm_limit,atm_limit
what is the most amount of rainfall from the ATM,atm_limit,atm_limit
how much money can I withdraw at the ATM,atm_limit,atm_limit
what is my cash withdrawal limit at the ATM,atm_limit,atm_limit
hello I am just wondering what the maximum amount I can withdraw from the ATM is,atm_limit,atm_limit
I'm thinking about withdrawing money from I want a lot of money today,atm_limit,high_value_payment
hi I was wondering what the maximum ATM withdrawal limit,atm_limit,atm_limit
what is the maximum amount of cash that I can withdraw,atm_limit,atm_limit
what is my daily ATM withdrawal limit,atm_limit,atm_limit
how much money can you withdrawal,atm_limit,atm_limit
I couldn't withdraw money from an ATM for murdering what the max amount I can take out from ATM,atm_limit,atm_limit
how much money can I take out,atm_limit,atm_limit
what is my limit at the ATM,atm_limit,atm_limit
I need to withdraw money from an ATM off this morning with the maximum amount of money I can withdraw at one time is,atm_limit,atm_limit
how much cash can I pull out at your ATM,atm_limit,atm_limit
what is the maximum amount of money I can take out from the ATM,atm_limit,atm_limit
hello I just have a quick question. I was wondering what your maximum withdrawal rate is per day for your ATM services,atm_limit,atm_limit
I would like to withdraw money from an ATM and I'm wondering what the maximum amount of money I can withdraw at one time is,atm_limit,atm_limit
I'm at the ATM now and truth about my limit I want to make sure I know my ATM withdrawal limit so that I don't encourage fees,atm_limit,atm_limit
hello currently in my face cam and I wanted to know what's the max amount of money I can withdraw,atm_limit,atm_limit
what is the most amount of money I can withdraw,atm_limit,atm_limit
what's the most amount of money I can withdraw at one time and during an entire day from an ATM machine,atm_limit,atm_limit
hi I'd like to withdraw some money using my card from ATM do I have a limit on how much money I can withdraw and if so can I get that changed,atm_limit,atm_limit
yes I'm going to be traveling to the United Kingdom for a couple of weeks next month I need to know if I can use my card from from my bank account while I'm in Europe,abroad,abroad
I'm leaving for Amsterdam this weekend and I want to know if I can use my Wells Fargo credit card charges are there,abroad,abroad
I'll be traveling abroad and I'd like to know if there's anything I need to do as far as notifying you that I'll be out of the country when I want to use my credit card,abroad,abroad
hi yeah I'm going to go on vacation actually for a for a few weeks and I wanted to ask whether my card Works abroad can I just get some information about that,abroad,abroad
hi I'm going to be leaving the country and I'm going abroad I need to make sure that my card will work or anything that I need to do to make sure does it stop working,abroad,abroad
can I use my card in another country,abroad,abroad
hi I'm going on vacation in a couple of weeks and I just want to know if there's anything I need to do for my card to make sure it doesn't get declined while I'm abroad,abroad,abroad
I just received my new card when I'm about to go overseas on vacation and I want to know if I'm going to have any trouble using it there,abroad,abroad
hello I'm about to travel abroad and I was just wondering if my card will work where I'm traveling to,abroad,abroad
good morning I am going to be taking a trip to Germany shortly and wanted to know whether my bank card will work with,abroad,abroad
card work abroad,abroad,abroad
hi I am traveling in Italy right now and I'm just trying to figure out if my,abroad,abroad
can I use my card in Japan,abroad,abroad
hi I'm going to be going abroad and I'd like to know if I can use my card in England while I'm there and work if I have to do anything special to activate it,abroad,abroad
work is sending me overseas you are I was wondering make sure my card will work overseas,abroad,abroad
I'm planning to go to the UK on the 16th and come back on the 24th I was wondering if my car,abroad,abroad
hi I'm going to be traveling abroad in Japan and I just wondered if I'm going to be able to use my bank card when I'm there if you could let me know that would be great thank you,abroad,abroad
do I need to do anything for my card to work when I'm abroad,abroad,abroad
hello I will be traveling in Europe next month and I wanted to know if my card was work abroad or if there's anything I need to do in order to set that up,abroad,abroad
hi there I just wanted to know if I'm traveling out of the country with my car,abroad,abroad
love you to use his card anywhere if I'm in Spain and Portugal,abroad,abroad
hello I'm calling you to see if I can use my card abroad currently I'm in Japan and I don't know if I'm able to use my card processing in some stores,abroad,abroad
I'm going on vacation for a few weeks,abroad,abroad
yes I'm going to Europe in like a month I was wondering if my card would work over there as well as here as soon as head of time to make sure that work,abroad,abroad
yeah I need to use my card I'm going for a vacation can I pay for yeah I'm going to be out for a few weeks and I wanted to ask if I need to do anything to,abroad,abroad
I am traveling out of my car,abroad,abroad
like this Christmas going on vacation and they're trying to get everything figured out before they go,abroad,abroad
brayon I recently and I just want to know if it's almost out of work I'm going north and going to be in different countries in different countries one if it's a different word,abroad,abroad
hi I would like to know whether or not my credit card will work abroad on traveling abroad and want to know if I can use it,abroad,abroad
sister card work abroad,abroad,abroad
oh yes I'm going to Japan for a couple of weeks on vacation and I wanted to know if I can use my card,abroad,abroad
hello I am called because I want to ask about using my card in Nigeria I'll be going there in about 2 weeks and I just wanted to call to see if I needed anything to my account is there anything I need to do before using gift card in Nigeria thank you,abroad,abroad
I need my card abroad can I pay for things I'm stamps hi yes I'm going on vacation for a few weeks and wanted to ask if I have to do it,abroad,abroad
going on vacation for a few weeks and wanted to ask,abroad,abroad
I'm having trouble understanding what a direct debit is to provide through Clarity and information for me,direct_debit,direct_debit
how can I use a direct debit,direct_debit,direct_debit
could you tell me about direct debit please,direct_debit,direct_debit
I see this thing called direct debits I don't know exactly what those are can you tell me about them,direct_debit,direct_debit
hi there I wanted to inquire about Black Sabbath and see how I want to tell me my direct debit,direct_debit,direct_debit
hello can you show me my direct debits please,direct_debit,direct_debit
what were my last five direct debit,direct_debit,latest_transactions
I would like to see my direct debit,direct_debit,direct_debit
can you tell me how I set up direct debit,direct_debit,direct_debit
return to direct deposit,direct_debit,direct_debit
how do I set up direct debit,direct_debit,direct_debit
how do I set up a direct debit,direct_debit,direct_debit
please show my direct debits,direct_debit,direct_debit
can you tell me about direct debit,direct_debit,direct_debit
I like to find out how to look at my direct debit,direct_debit,direct_debit
hello is what day would you like debit far,direct_debit,direct_debit
how would I go about doing a direct debit,direct_debit,direct_debit
I'd like to cancel a direct debit,direct_debit,direct_debit
I'd like to figure out how to set up direct deposit into my account,direct_debit,direct_debit
please show me to my direct debit,direct_debit,direct_debit
I would like to inquire about direct debit,direct_debit,direct_debit
I have a question about my direct debits can you give me more information,direct_debit,direct_debit
hi I'm calling about direct debit can you tell me what those are exactly and how how they are used,direct_debit,direct_debit
hello I'm going to see if I would want to give me direct debit to my account,direct_debit,direct_debit
direct debit,direct_debit,direct_debit
I would like to make a direct deposit,direct_debit,direct_debit
tell me about direct debit directed by want to return archery,direct_debit,direct_debit
can you provide me more information about direct debit,direct_debit,direct_debit
explain to me how direct debits work,direct_debit,direct_debit
show me my direct debit,direct_debit,direct_debit
do I have a couple questions regarding direct debits and I'd like to know what direct debits are,direct_debit,direct_debit
I'd like to see my direct debit,direct_debit,direct_debit
I have a question about direct debit,direct_debit,direct_debit
I have a question about direct debit,direct_debit,direct_debit
hi I'm calling today about my direct debit can you show me where I can look at my direct debit thank you,direct_debit,direct_debit
make a question about my direct debit that I have I don't know if it went into my account and I'd like to know thank you,direct_debit,direct_debit
tell me about recent transactions on my card,latest_transactions,latest_transactions
hey can I see a history of my most recent transactions please,latest_transactions,latest_transactions
hi yeah I was just looking at my account on the Android app for $13.25 which I don't recognize,latest_transactions,latest_transactions
show me my latest transactions,latest_transactions,latest_transactions
I'd like to check my recent transactions for any weird activity,latest_transactions,latest_transactions
let me know about all my recent transactions,latest_transactions,latest_transactions
I've been questioned document my last five transactions,latest_transactions,latest_transactions
I was hoping that you can help me with my most recent transactions,latest_transactions,latest_transactions
see my latest transactions,latest_transactions,latest_transactions
I like to know about my recent transactions I think there's a payment method May that I don't know about,latest_transactions,latest_transactions
please show me my last five transactions,latest_transactions,latest_transactions
mobile payments that I don't know can you show me all of my recent transactions,latest_transactions,latest_transactions
cuz I want to see my latest transactions on my account can you please show me them this is yes yes yes I would do recognize that,latest_transactions,latest_transactions
question but one of my recent transactions,latest_transactions,latest_transactions
show my latest transactions,latest_transactions,latest_transactions
hello this is Robert I have two transactions on my account which I'm not I don't recognize the last five or six transactions in the last 72 hours,latest_transactions,latest_transactions
hi I was looking at my recent transactions and I saw a bunch on the apps that I didn't recognize I didn't make I would like the account to be Frozen please and if I could get,latest_transactions,freeze
please tell me my most recent transaction,latest_transactions,latest_transactions
I would like to see my most recent transactions,latest_transactions,latest_transactions
hello I would like to see my latest transactions,latest_transactions,latest_transactions
hello I was looking at my recent transactions and I saw that there's a payment that I didn't make will you be able to stop this thank you,latest_transactions,freeze
hi-yah is there any way that I could access my recent transaction history,latest_transactions,latest_transactions
can you please tell me my latest transactions,latest_transactions,latest_transactions
hi I would like to get my most recent bank transaction thank you very much,latest_transactions,latest_transactions
please show me my latest transactions,latest_transactions,latest_transactions
did something in my account that I'm not sure. Can you show me my last turned back because I'm not familiar with that payment,latest_transactions,latest_transactions
how do I see my most recent transactions,latest_transactions,latest_transactions
I want to review my transaction,latest_transactions,latest_transactions
hi I was calling to see my recent transaction history,latest_transactions,latest_transactions
Ohio can you show me all of my latest transactions Place everything that I've done in the last week,latest_transactions,latest_transactions
what are my most recent transactions,latest_transactions,latest_transactions
hi and thank to see all my recent transactions please,latest_transactions,latest_transactions
I have a transaction I don't recognize could you please tell me who the payment came from,latest_transactions,latest_transactions
show me my recent transactions,latest_transactions,latest_transactions
how do I confirm a large email with a text message,high_value_payment,high_value_payment
hello I just made a large payment online and it told me that I lose you receive an SMS message but I haven't received it yet you know what the problem is,high_value_payment,high_value_payment
I'm trying to make a large payment online and it says loc confirmation through text,high_value_payment,high_value_payment
I'm trying to pay a large amount of money and I need to get your code sent to my phone,high_value_payment,high_value_payment
why do I keep getting these text messages I just want to pay off my balance,high_value_payment,pay_bill
I'm making a large purchase and I'm trying to use the confirmation code that I received through text message,high_value_payment,high_value_payment
hi I'm trying to make a pretty large payment and I'm getting a message that I will get a text message it says it's an SMS I don't really know what that isn't what I'm supposed to do,high_value_payment,high_value_payment
hi hello I'm trying to make a large payment and I just need to know what to do if you get a text message correct a confirmation celebrity for,high_value_payment,high_value_payment
what number are you sending my high payment SMS code to,high_value_payment,high_value_payment
hi I'm trying to make a large purchase online and it's saying that I'm going to receive an SMS message code and I'm not sure what to do,high_value_payment,high_value_payment
I'm trying to make a purchase online but keeps telling me a SMS code I'm not sure what that is,high_value_payment,card_issues
hi I'm trying to make a large payment online and I got this text message with a confirmation code I just wasn't sure what that was for,high_value_payment,high_value_payment
I am attempting to make a high-value purchase could you please tell me how I use the SMS code,high_value_payment,high_value_payment
how to make a large payment online and I see that it says that as send me a text message her company was wondering why this is,high_value_payment,high_value_payment
I'm trying to make a large payment online and you're supposed to be sending me a confirmation code Via SMS,high_value_payment,high_value_payment
yeah hi I'm trying to make a fairly large payment using my debit card confirmation code what exactly am I supposed to do with it,high_value_payment,high_value_payment
hi I'm trying to make a large payment online and isn't getting us I don't know what it is and I don't know what they're supposed to do can you help me please,high_value_payment,high_value_payment
how do I use the SMS code sent for a large payment,high_value_payment,high_value_payment
I want to make a large payment online but it says I need to get a text message I'm not sure what I need to do,high_value_payment,high_value_payment
trying to make a high price payment and I'm getting these texts,high_value_payment,high_value_payment
a large amount and I keep getting these text messages,high_value_payment,high_value_payment
I'm making a large payment on my account what do I do with it,high_value_payment,high_value_payment
I wanted to pay a large amount but I wanted to also verify that the confirmation code that I'm receiving via text message is actually coming from the bank,high_value_payment,high_value_payment
hi I need to pay kind of a big amount of money,high_value_payment,high_value_payment
I would like to make a large payment online,high_value_payment,high_value_payment
I'm trying to pay a large amount for a alone you keep sending me confirmation,high_value_payment,high_value_payment
I'd like to make a kind of large payment,high_value_payment,high_value_payment
I'm trying to make a large payment and it says it's going to send a confirmation code Via SMS I don't know how it works can you explain it to me,high_value_payment,high_value_payment
hi I am trying to make a big payment online and it says I'll get a text message from you guys to confirm my identity so I guess I'm standing by whenever you send it I'll be,high_value_payment,high_value_payment
says I'm trying to make a large payment and I'm going to be getting a text message,high_value_payment,high_value_payment
I'm getting a text message about a payment I'm trying to make online please explain,high_value_payment,pay_bill
hi I'm making a rather large payment and it says I'm going to get a text message I don't know what the payment codes that I get are supposed to do and you help tell me what exactly is going on here thank you,high_value_payment,high_value_payment
I like to know how to send a large payment can go through after I use,high_value_payment,high_value_payment
I'm trying to make a large payment to my account I'm receiving a text message.,high_value_payment,high_value_payment
I'm trying to make a large payment via my bank account and the bank says they're going to send me a confirmation code via SMS I'm going to assume that it's for,high_value_payment,high_value_payment
hi there I'm trying to make a large payment with the car and getting text messages from where I'm supposed to enter the code can you please help me out,high_value_payment,high_value_payment
hi I'd like to make a rather large payments and it seems I'm required to verify through text message,high_value_payment,high_value_payment
I would like to make a large bank transfer,high_value_payment,high_value_payment
I want to make a large payment and I need a confirmation code,high_value_payment,high_value_payment
I'm trying to make the payment right now a very high,high_value_payment,high_value_payment
transfer money to the account,cash_deposit,high_value_payment
hello I like to know how I be able to deposit the money that I currently have,cash_deposit,cash_deposit
yeah I there I was just calling to figure out how I can I see deposit money into the account,cash_deposit,latest_transactions
how do I deposit money into my account,cash_deposit,cash_deposit
deposit money into account,cash_deposit,cash_deposit
hey I want to deposit some money into my account I was just wondering how I can transfer that into there,cash_deposit,cash_deposit
deposit money into my account how can I do that,cash_deposit,cash_deposit
I'd like to make a deposit,cash_deposit,cash_deposit
can I deposit money,cash_deposit,cash_deposit
how can I make a deposit,cash_deposit,cash_deposit
hi I want to deposit money into my savings account,cash_deposit,cash_deposit
hello Jess I have a few questions I'm depositing money into the account I was wondering if I could deposit some money and I'm I'm not quite sure where where can I deposit money and how do I transfer money into the account,cash_deposit,cash_deposit
how do I transfer money to a different account,cash_deposit,high_value_payment
is it possible to deposit the money,cash_deposit,cash_deposit
I'd like to deposit money into my account,cash_deposit,cash_deposit
can I make a deposit,cash_deposit,cash_deposit
I'd like to deposit money into my account,cash_deposit,cash_deposit
how do I deposit money into my account,cash_deposit,cash_deposit
what are my options to deposit money into my account,cash_deposit,cash_deposit
how do I go about depositing money in my account,cash_deposit,cash_deposit
I have a $100 check and I was wondering how I can deposit that into my account,cash_deposit,cash_deposit
hi wanted to deposit a check that I received from work today or can I deposit it,cash_deposit,cash_deposit
I'd like to put some money into my checking account please,cash_deposit,cash_deposit
can you help me figuring out how to deposit money into my account,cash_deposit,cash_deposit
how I can deposit some money into my account,cash_deposit,cash_deposit
oh yes good afternoon I need some help I'm trash deposit some money into my account and how can I do that where can I make a deposit or how can I change the money to my account,cash_deposit,cash_deposit
hello I'm going to say I was wondering how can I deposit money in your bank,cash_deposit,cash_deposit
how to deposit money,cash_deposit,cash_deposit
I would like to deposit money what's the best way to accomplish that,cash_deposit,cash_deposit
how can I deposit money into my account,cash_deposit,cash_deposit
help me make a deposit into my account please,cash_deposit,cash_deposit
I want to deposit some money but I want to use cash how would I go about doing it,cash_deposit,cash_deposit
I'm going to speak volumes about how I actually go about putting money into my account is transferred to somehow Wells Fargo money order,cash_deposit,cash_deposit
can you tell me how I can deposit money into my bank account,cash_deposit,cash_deposit
would you like to deposit money into my account,cash_deposit,cash_deposit
I was hoping you could help me I'm wondering what options do I have for depositing money into my account,cash_deposit,cash_deposit
how do I deposit money into my account,cash_deposit,cash_deposit
I need to deposit money where can I deposit money at,cash_deposit,cash_deposit
hi hello I just need to deposit money into my account please,cash_deposit,cash_deposit
deposit money into my account today how do I transfer my account,cash_deposit,cash_deposit
where can I want to where can I go if I want to deposit cash into my account,cash_deposit,cash_deposit
how do I deposit money into my account,cash_deposit,cash_deposit
good morning I'm on vacation to find a branch location as wondering if you could tell me where I can deposit money into my,cash_deposit,cash_deposit
where can I deposit money,cash_deposit,cash_deposit
I'm using the bank can you help me transfer money into my account thank you,cash_deposit,high_value_payment
how do I transfer money to the account or where do I deposit money,cash_deposit,cash_deposit
hello I need to deposit money into my account,cash_deposit,cash_deposit
how can I deposit cash to my account,cash_deposit,cash_deposit
I'm trying to say something is my car doesn't seem to work whenever I called do it it doesn't actually work,card_issues,app_error
good morning I'm trying to use my ATM debit card and it is coming up I was wondering if you tell me why I have enough money in the account to cover the charges,card_issues,card_issues
my card is continuously being declined and not working,card_issues,card_issues
hello I was just calling regards problems I have with my card not letting me pay for my groceries know what the problem is,card_issues,card_issues
my card isn't working,card_issues,card_issues
my card isn't working can you help me,card_issues,card_issues
my bank card hasn't worked at all,card_issues,card_issues
my card is not working it will not pay,card_issues,card_issues
why was my payment declined,card_issues,card_issues
why isn't my card working,card_issues,card_issues
can you help me with my debit card is declining purchases but I know I have a balance in my account,card_issues,card_issues
I need help figuring out what's wrong with my card,card_issues,card_issues
I'm trying to find out why my car keeps being declined,card_issues,card_issues
I tried to make a payment with my card and the card won't go through,card_issues,card_issues
I'm having an issue with my card,card_issues,card_issues
hi I can't use my car because it doesn't work I don't know why my payment was declined and you help,card_issues,card_issues
I'm hoping you can help me I have a card with your bank and I decide to use it and it's being with you help me with this is appendix wind is there a problem with the balance,card_issues,balance
why was my card declined,card_issues,card_issues
why does my card keep getting declined,card_issues,card_issues
hello I'm trying to get in touch with someone about my bank card not working,card_issues,card_issues
hi I was wondering why my cards not working because my payment is declined,card_issues,card_issues
card not working,card_issues,card_issues
can you please help me with my card it does not work it repeated it was declined,card_issues,card_issues
I require some assistance on a little bit because my card if it's not working it's completely I'm not sure why oh why my car is a function,card_issues,card_issues
I was hoping you could help me I have a card from a bank,card_issues,card_issues
is my car because it doesn't work,card_issues,app_error
slow on my card doesn't work I'm able to withdraw anything my account,card_issues,freeze
see I'm calling to see why my debit card was climbing I tried to pay for groceries and pick up the climbing at Red like four times and up having to use a different debit card is there a problem with my balance at the app isn't showing or is it like is do I need a new card is it what's the reason my payment declined,card_issues,card_issues
hello I'm going to cuz I have a problem with my car yeah it's declining my time until I don't understand why,card_issues,card_issues
hi good afternoon can you help me with my card I'm having trouble I'm here at 9 to use my card but it won't work it will not make a payment here tell me what's wrong with this please,card_issues,card_issues
is it a new card and banking card and the cards not working right now so I need some help trying to figure out what's going on with the car,card_issues,card_issues
I was trying to use my card today and the card is not working is there a problem that I have with it could you tell me what's going on why are my payments didn't go through,card_issues,card_issues
my payment is being declined,card_issues,card_issues
can you help me fix my card I'm trying to get cash back and it won't let me and I know I have money in there,card_issues,card_issues
I seem to be having trouble with using my card,card_issues,card_issues
I just tried using my card and it doesn't let me pay with something wrong you please help me figure out what's wrong with my car,card_issues,card_issues
I'm having trouble with my car approved,card_issues,business_loan
I'm trying to make a purchase on Amazon but my card keeps declining,card_issues,card_issues
yeah I'm having trouble with my card keeps getting declined,card_issues,card_issues
my card has been declined,card_issues,card_issues
trying to figure out why my payment was declined,card_issues,card_issues
hey I bought something online but I payment was declined you help me with my card,card_issues,card_issues
my card isn't working why was my payment declined,card_issues,card_issues
my card isn't working in the office on speakerphone,card_issues,card_issues
I need help activating my scars,card_issues,card_issues
hi I just got my new card in the mail and for some reason I'm not able to use it at the store he helped me understand why my payments being declined while the car is not working,card_issues,card_issues
I'm calling to inquire about a business loan,business_loan,business_loan
tell me about my business and I have to see it,business_loan,business_loan
I want to apply for a business loan,business_loan,business_loan
I would like to inquire about a business loan,business_loan,business_loan
I have some questions about a business loan,business_loan,business_loan
I'm interested in information on a new getting a new business loan,business_loan,business_loan
I'd like to apply for a new business,business_loan,business_loan
I'd like some information on getting a new or existing loan,business_loan,business_loan
calling in regards to a question that I have for a new loan,business_loan,business_loan
I have a question about an existing loan,business_loan,business_loan
hi I'm calling about a business loan,business_loan,business_loan
new loan,business_loan,business_loan
hey I am trying to create a business and I would like to,business_loan,business_loan
I'd like some information about a business loan,business_loan,business_loan
I would like to talk about a business loan,business_loan,business_loan
hello I am falling to talk about a new business loan that I want to take out and trying to start a business with my husband and I wanted to know how can you trust that process as far as applying for this business law,business_loan,business_loan
hi there I'm just calling to inquire about getting a new business loan and Howard,business_loan,business_loan
hello I would like to speak to someone about a business loan,business_loan,business_loan
I'm calling about a news this thing business phone,business_loan,address
I was calling to ask about a business loan,business_loan,business_loan
I would like to get a business loan for a new business,business_loan,business_loan
I would like to apply for a new business loan please,business_loan,business_loan
I want to obtain a business loan,business_loan,business_loan
I have a question about a business loan,business_loan,business_loan
can you give me information regarding a business loan,business_loan,business_loan
hi I'm calling to ask about the rates on new business loans,business_loan,business_loan
I'd like some information about a business loan,business_loan,business_loan
I need information about a business phone,business_loan,address
hello I was calling to see if I was able to open up a new business loan,business_loan,business_loan
hello I'm calling about my business loan I would like to talk about my business phone and I have a few questions I need answered,business_loan,business_loan
hello I would like to make a loan for,business_loan,business_loan
business loan,business_loan,business_loan
hello this is a calling to ask about an existing loan,business_loan,business_loan
sampling about a pre-existing a business loan that I have with you guys let's have some questions about it,business_loan,business_loan
hi I'm an account holder have been for 18 years and I'd like to speak to somebody about taking out a business loan,business_loan,business_loan
I'm about to make my first payment on my loan but I have a couple questions about it,business_loan,pay_bill
hi there I'm working about a business loan I would like to take a new one out,business_loan,business_loan
hello I would like to take alone,business_loan,joint_account
hi I'm calling from Snyder hardware and I need to discuss a business loan it is an existing loan that I need to have a tree figured help please let me know thank you,business_loan,business_loan
I want to pay a bill and I know I want to know how can I use my credit card to do so,pay_bill,pay_bill
hello I'd like to make a payment on my credit card please,pay_bill,pay_bill
call to make a payment please,pay_bill,pay_bill
hello what you can help me I like to pay my bill please have some sort of technical issue can you can you call me back please many thanks,pay_bill,pay_bill
I have a bill I need to make payment,pay_bill,pay_bill
I'd like to make a bill payment,pay_bill,pay_bill
hello I'm just calling in to see if I can pay my bill please because my credit is due right now and was wondering if I can make a payment right now,pay_bill,pay_bill
I need to make a payment,pay_bill,pay_bill
I would like to pay the bill,pay_bill,pay_bill
I have to pay a bill,pay_bill,pay_bill
because I would like to my credit card could you,pay_bill,card_issues
I have received a bill and would like to make a payment,pay_bill,pay_bill
oh hi I was wondering if I could make a payment to pay a bill or my electricity,pay_bill,pay_bill
I have to make a payment,pay_bill,pay_bill
I need to make a payment please,pay_bill,pay_bill
I need to pay a bill is due,pay_bill,pay_bill
there is a bill I would like to pay,pay_bill,pay_bill
I have to pay a bill because my payment is due,pay_bill,pay_bill
I would like to say one of my bill,pay_bill,pay_bill
I need to pay bill can you help me,pay_bill,pay_bill
I need to pay my credit card bill,pay_bill,pay_bill
good afternoon I would like to make a payment payable please,pay_bill,pay_bill
I need to make a payment,pay_bill,pay_bill
I would like to pay the bill,pay_bill,pay_bill
I would like to pay my bill,pay_bill,pay_bill
I would like to pay my credit card bill,pay_bill,pay_bill
I would like to pay bill please,pay_bill,pay_bill
I am ringing to have a bills to pay,pay_bill,pay_bill
I'd like to pay a bill,pay_bill,pay_bill
I would like to pay a bill,pay_bill,pay_bill
I would like to pay my bill please yeah I want to make a payment online by direct debit thank you,pay_bill,pay_bill
I have to pay bill,pay_bill,pay_bill
I want to pay my bills,pay_bill,pay_bill
my credit card bill is due I want to make a payment please,pay_bill,pay_bill
make payment,pay_bill,pay_bill
hi I'm bringing today because I would like to know how to pay a bill on my credit card bill could you please assist me in how I do that thank you,pay_bill,pay_bill
hi I'd like to pay bill please,pay_bill,pay_bill
you phone up an organisation that you have a service with those want to pay a bill payment debit or credit card,pay_bill,pay_bill
pay a bill,pay_bill,pay_bill
I'd like to pay my credit card bill,pay_bill,pay_bill
hi I would like to stop all the transactions on my car please can you freeze it,freeze,freeze
please stop all transactions on my,freeze,freeze
I want to freeze my card,freeze,freeze
hello please could you freeze my card,freeze,freeze
please freeze my card,freeze,freeze
hello there I'm just calling in to ask if I could freeze my debit card please because I've lost it somewhere around my house and I can't seem to find it but I'm worried that I may have dropped it so could you freeze my debit card please just until I find it,freeze,freeze
choose me freeze my card,freeze,freeze
please stop all transactions on my card,freeze,freeze
hi can you please stop all the transactions that happen on my card,freeze,freeze
yeah I fell asleep and I'd like to cancel or freeze my account to make sure no payments can happen and probably the side of freezer in case I'll find it but otherwise can I cancel it and get a new car thanks,freeze,freeze
hi please please stop all the transactions on my card and completely freeze it thank you,freeze,freeze
hello think I may have lost my bank card could you cancel it please,freeze,card_issues
freeze my card,freeze,freeze
I need to freeze my card with immediate effect on all accounts,freeze,freeze
I could you stop all transactions on my card could you please freeze my card I need you to block my card from any payments all proceeded direct debits on going,freeze,freeze
stop all my transactions on my card freeze my card please,freeze,freeze
I'd like to put a stop on my card,freeze,freeze
please block my card,freeze,freeze
hi what did you can help me please sorry to freeze my card as soon as possible I need it completely blocked for any transactions that might occur I need you to please the comment cars on my card thank you,freeze,freeze
please stop all transactions on my card,freeze,freeze
please could you freeze any more transactions on my bank card,freeze,freeze
please can you freeze my bank card,freeze,freeze
can you freeze my card please,freeze,freeze
hi there either I've lost my card and I just need you to stop all transactions on my card you could have three little block it I'm not sure what your we are eternally yours but I could be done that thank you so much,freeze,freeze
just blocked my card you freeze my card,freeze,freeze
I would like to freeze my card,freeze,freeze
I need to freeze my card as it has been stolen,freeze,freeze
I'm just calling to freeze my card and find it,freeze,freeze
freeze my card please,freeze,freeze
I need to block my card please,freeze,freeze
freeze my card,freeze,freeze
I need to freeze my card,freeze,freeze
please block my card,freeze,freeze
can you please freeze my card,freeze,freeze
please block my card,freeze,freeze
I need to freeze my card and block all transactions at the moment,freeze,freeze
app not working correctly,app_error,app_error
will you think as an application for my banking account but the account is not working because there is an issue with the login it doesn't recognise the number that I could be in,app_error,app_error
I hate to be a problem with the app and I can't get into my account,app_error,app_error
and the app crashes everytime I use it,app_error,app_error
hi the app for the bank doesn't seem to be working would you be able to help me,app_error,app_error
I'm trying to view my balance but the app is not loading,app_error,app_error
I am trying to access my account by the app but the app just doesn't load and keeps crashing,app_error,app_error
hi yes I use my banking app all the time and today I've just tried to log on and it's not letting me log on I'm having problems so is it possible that you can look into it for me and tried to rectify the problem thank you,app_error,app_error
hi my salary is in this app isn't working I would like to view my balance but it won't let me view my balance I would one I was wondering if there would be any way that this could be resolved as I really need to,app_error,app_error
I please use the app and it doesn't look like it's working I can't seem to know my balance,app_error,balance
I'm having issues with the new app and I can't seem to get my details to load,app_error,app_error
hello I'm trying to use your app from the and the bank Lloyds Bank but unfortunately it doesn't work can you give me some indication when the app will be working please ok thank you bye,app_error,app_error
hello I can't seem to get the new banking app working could you help me that help explain how to do that please,app_error,app_error
my apps not working properly I can't get the app to show any of my account details,app_error,app_error
hi my bank app isn't working I tried refreshing it but it doesn't come up with my Vaillant I know I've put in the money today so it should be showing it,app_error,app_error
having issues with my bank card break down,app_error,card_issues
I am nothing tried to access my banking app all morning but it keeps crashing it doesn't seem to be working could you help me please,app_error,app_error
hi I'm just calling you this I'm trying to get the app to work with my card and it's not loading my new account I can't get into it so I just wondering if you could possibly help me or if I've got any help I can do to make it work,app_error,app_error
hi there I'm trying to use the app to access my account but it's not working properly,app_error,app_error
I've got the app on my mobile phone but it's not working what do I need to do uninstall it all it's not loading my account balance or any of my time,app_error,app_error
the app is not showing my bank account details correctly,app_error,app_error
hi I'm just calling cuz I'm trying to do like online banking using the app and it doesn't seem to be working it keeps saying the app does not load as I can't get into the system do you know what's wrong,app_error,app_error
app won't let me see my balance,app_error,balance
I have been having problems with this up now for a while the absent load my account balance and it says yeah it's been serviced,app_error,balance
the app says it's on the maintenance so I can't use it at the moment can you help me please,app_error,app_error
hi yeah I'm just trying to use your app but it's not loading for me I'm trying to load my account balance it says that it's not in service at the moment so now I can't access my account so I'm just wondering what I can do about it for really do it right now,app_error,app_error
hi honey I'm hoping you can help I've used it many many times and at the moment it's not working and it's just come up with loads of arrows down understand what's going on please can you help me,app_error,app_error
hi my bank app isn't working is there a technical issue or can you help me fix it thank you,app_error,app_error
hi there we have what it is I'm trying to set up a new payee to my app on my phone and it's not let me certainly paid to be able to help me with this problem thank you,app_error,app_error
the app is not working,app_error,app_error
I am looking for some help please I've got the app for my account but it's probably not working with my account number,app_error,app_error
I've just downloaded the app for the bank here and it's not working as an absolute nightmare and it's saying I have an incorrect you have my thumbs up playlist,app_error,app_error
hello I have a bank account app but it is not working properly maintenance so I cannot access the account,app_error,app_error
the app is not working properly the page the app is showing in error message the app is being serviced so I can't access my account and you to access my account the app is not working,app_error,app_error
ID app isn't working on my phone could I speak to someone to sort it out,app_error,app_error
hello I'm trying to use the app on my phone and for getting the bank details but it's not loading correctly just possibly help me,app_error,app_error
good morning I've just been on my app it's not working properly when it loads up an error message comes up,app_error,app_error
cannot access the app,app_error,app_error
I'm trying to get on the banking app and it doesn't seem to be working it won't load my account,app_error,app_error
my banking app isn't working properly,app_error,app_error
hi I'm trying to use my apps for my banking on my phone and it's not working properly could somebody help,app_error,app_error
hello I wish to change my address on my card account,address,address
change the address on PayPal,address,address
hi I just need to change my address as a pain,address,address
can I change my address,address,address
hi I've just recently moved house and I was wondering how I would be able to change my address,address,address
hi yes I've just moved recently passed couple of days no need to change my address on my bank account can you help me to do this please thank you,address,address
hi there I need to change my address,address,address
hello I'm just calling cheers I have recently moved house and would like my address please I just like to know how to go about doing that thank you very much,address,address
I heading I need to change my address I moved house yesterday,address,address
hello I was wondering if I could change my address I'm currently at because I've moved a last week and was wondering if I could change my delivery address,address,address
I would like to change my address,address,address
hi there I would like to change my address today,address,address
hi can I change the address for my account please,address,address
I'd like to change my address please,address,address
I want to change my address,address,address
I want to change my bank address,address,address
change address,address,address
hi I'd like to change my address please,address,address
hello I would like to change my address please,address,address
hi I've moved address how can I change my address,address,address
afternoon I'm phoning because it would appear that your records show my old address I'd like to change the stress days my speaking to the right department thank you,address,address
I want to change the address on my account please thank you,address,address
I would like to change my address,address,address
I have moved house I want to change my address my address has changed,address,address
hi I'd like to change the address that you have against my file,address,address
I'd like to change my address please,address,address
hi yeah I just had to change my address I am currently residing in Nottingham I would like to move to have just moved to London,address,address
can you tell me how I go about changing my address please,address,address
hello I wonder if you can help me I want to update my address on my policy,address,address
hi I was hoping to change my address with my bank could you help me,address,address
I'd like to change my address please,address,address
I want to change my address,address,address
I am no taste and I would like to change my address please,address,address
I would like to change the address on my account please,address,address
hi I'm just ringing to ask you to change my address on your ex I think you change my address,address,address
hello I need to change my home address on my account how do I do that please,address,address
I've recently moved addresses and I need to update my records cannot be done,address,address
I'd like to change my address please,address,address
change my address for my card,address,address
I want to change my address,address,address
hi I want to change my address on my account,address,address
hello I have just recently moved house and I would like to change my address,address,address
hello I mean cos I want to change my address,address,address
hello there I've just moved home so I was wondering if I'll be able to change my address,address,address
hi I'm just going with I need to change the address on my card in terms of the details are linked to that card and you did not do that thank you,address,address
hi there how much money can I withdraw from the ATM,atm_limit,atm_limit
what's what is my ATM can I increase my withdrawal limit on a cash machine how much money can I withdraw,atm_limit,atm_limit
how much can I draw out of an ATM in one day,atm_limit,atm_limit
how much money can I withdraw please,atm_limit,atm_limit
I want to know how much money I can take out of the ATM how much money can I withdraw how much money can I withdraw in a day can I increase the amount of money I can withdraw can I increase my withdrawal in the cash machine,atm_limit,atm_limit
what is the maximum amount that I can withdraw from an ATM,atm_limit,atm_limit
hi please could you tell me the maximum amount I can withdraw from ATM thank you,atm_limit,atm_limit
hi I'm just wondering what is the maximum amount of money I can withdraw from my bank account on Monday,atm_limit,atm_limit
I am just wondering if I can speak to somebody about the maximum amount of money I can withdraw with my card from an ATM machine so just wondering if there is a maximum and what that you know we can have a bit more information about that would be really appreciated thank you,atm_limit,atm_limit
hi I'm trying to withdraw some money from the ATM cash machine and wondering what is the maximum amount of money that I can withdraw thank you,atm_limit,atm_limit
how much can I take out at the cash machine,atm_limit,atm_limit
hello I need to withdraw some cash you tell me what the daily limit is on my account please just withdraw cash cashpoint,atm_limit,atm_limit
I'm just ringing to ask it what is the actual limit at the ATM I can withdraw my bank account,atm_limit,atm_limit
hi I'm looking for some information please I'm looking to find out what is the maximum amount of money I can withdraw from a ATM and Monday thanks,atm_limit,atm_limit
how much money am I able to withdraw at the ATM,atm_limit,atm_limit
oh hi there I was wondering what's the maximum amount of money I can withdraw from an ATM machine,atm_limit,atm_limit
how much money can I withdraw,atm_limit,atm_limit
hi can you let me know my cash withdrawal limit thank you,atm_limit,atm_limit
hi I'm I was just wondering what the maximum limit is at the ATM withdrawal of money and and I'm able to increase my withdrawal an access machine from the standard,atm_limit,atm_limit
hi I've been trying to withdraw money from my ATM and I was just wondering what is the maximum amount of money I can withdraw thank you,atm_limit,atm_limit
what's the maximum amount of money I can withdraw from cash machine at one time,atm_limit,atm_limit
what is the maximum amount I can withdraw from the ATM,atm_limit,atm_limit
hey hey Dave I need to talk a lot of cash out from the cash machine and I wanted to know what the daily maximum limit is or is there any way I can increase it cos I need to get quite a big chunk out thanks,atm_limit,atm_limit
what's the daily limit I can withdraw from an ATM,atm_limit,atm_limit
hi I was just wondering what is the maximum limit for withdrawal of cash at the ATM and I was wondering whether I can increase the withdrawal limit from the standard price,atm_limit,atm_limit
what is the maximum withdrawal limit at the cash machine,atm_limit,atm_limit
what is the maximum amount I can withdraw at an ATM machine,atm_limit,atm_limit
how much money can I withdraw from ATM,atm_limit,atm_limit
am I was hoping to withdraw about £200 a cash in a cash machine what's the limit that I can withdraw,atm_limit,atm_limit
I'd like to withdraw money from an ATM what is my current limit for withdrawing cash,atm_limit,atm_limit
I wonder what my limit at the ATM is,atm_limit,atm_limit
how much can I withdraw from a cash machine at once,atm_limit,atm_limit
is there any way to find out what my maximum amount of withdrawal is a day at the ATM,atm_limit,atm_limit
how much money can I withdraw in one go,atm_limit,atm_limit
hello I'm just calling to ask how much is my limit my debit card limit when it comes to the drawing money because I want to increase my withdrawal limit at the cash machine or is that not possible,atm_limit,atm_limit
hi I'm trying to use my card on the ATM I just want to know what the maximum amount I can withdraw it,atm_limit,atm_limit
what's the maximum amount of money I can draw,atm_limit,atm_limit
I was just wondering what the maximum amount of money Mozart the ATM is,atm_limit,atm_limit
hi can you tell me the maximum hours am I allowed to draw on a daily basis from an APM please,atm_limit,atm_limit
what's the maximum amount of money that I can withdraw,atm_limit,atm_limit
hi I was wondering what the maximum money I can withdraw it,atm_limit,atm_limit
hi I need to take out some money from my account with the ATM machine I'm just wondering how much can I take out in one go what's the maximum,atm_limit,atm_limit
hello hello I want to use my cash card at the cash machine what's the maximum amount I can withdraw each day thanks,atm_limit,atm_limit
hi there what is the limit on the APM can I want to know how much I can take out at 1 time of the maximum,atm_limit,atm_limit
hi there I need weed how much money I can get out in a cash machine and any day,atm_limit,atm_limit
hello and wonder whether you can help me I'm trying to withdraw money today and just wondered what is the maximum amount allowed to withdraw during the day,atm_limit,atm_limit
hello I'm going on holiday for a few weeks next month and I wanted to ask if I have to do anything to make sure that my cards will work when I am there thank you,abroad,abroad
is it possible to use my card when going abroad,abroad,abroad
hi can you just let me know if I can use my current account card when I'm abroad thank you,abroad,abroad
I am looking for some help I've got a card with the bike and I'm currently like to see if it works I forgot I'm going on holiday for a few weeks so when you do not have any steps I need to take before I go,abroad,abroad
no I'm just here to call to find out if my card is able to be used abroad because I'm going to Korea next week and I'm just letting you know that I'm going I'm going to be using my card there so it doesn't get locked out but can I do you know the exchange rate in for my card when it comes to buying things in Korea,abroad,abroad
hi I have a bank card with you and I was wondering if it would work Road,abroad,abroad
I'm currently bored in Spain and I would like to know if my card works here bored and I don't want to get into any applications if it doesn't work yeah thank you,abroad,abroad
hi I'm planning intellectual trip do you know my car will work abroad,abroad,abroad
hi can I use my card abroad,abroad,abroad
hi so I'm going away on holiday and a few weeks time and I will leave my car at his own I need to do to unlock it or maybe any charges or anything like that but it behind to work,abroad,abroad
do I need to do anything special to use my card abroad,abroad,abroad
hi I'm wanting to use my card abroad do I have to activate it in any way I'll do anything with it or,abroad,abroad
hello can I find out whether I need to do anything to use my card when I'm on holiday in another country,abroad,abroad
I just needed to know whether my debit card is going to work when I go travelling I'm going to visit a variety of different countries in Europe and Asia and just want to see is it going to work in B what the chart is going to be,abroad,abroad
hello I'm going on holiday next week I was just wondering if my card can be used abroad can I use it with chip and pin or contactless that be great thank you,abroad,abroad
can I use my card abroad,abroad,abroad
hi there I need to use my card abroad is that something I can do,abroad,abroad
can I use my card abroad,abroad,abroad
I leave my car abroad can you buy things in a basic hi yes I'm going out for a few weeks I want to ask you to do anything,abroad,abroad
hi there just to confirm and I've got a card here I'm just wondering does it work abroad as well as within the UK on a trip on my family and the last thing I want to get the stuff out there with the current and working no cash on me get back to me I'll be sweet thank you very much,abroad,abroad
hello I'm going overseas to America on Thursday for 2 weeks and I wanted to know if I could use my card but can you let me know if it's ok or if I need to pay any charges,abroad,abroad
but I'm going on holiday abroad and I just want to know if my bank card will work whilst on there,abroad,abroad
hello I'm just wondering whether my card would work abroad,abroad,abroad
hello I'm going on holiday and I want to know if I can use my card abroad in America,abroad,abroad
hi yes I'm going to see my mother who lives in Spain and I just want to know where the my card which I've got which is linked to my bank account where does that work abroad when I'm in Spain thank you,abroad,abroad
I'm going on holiday soon am I able to use my card abroad or anything I need to tell you guys first,abroad,abroad
hi hello I'm just calling those wondering about I have and whether I be able to use it abroad or I need a I'm going to America and I just wanted to know if I can use it to pay the stuff while I'm out there thanks,abroad,abroad
hi I'm just calling to ask if need my my bank card abroad is it possible to use my bank card in Chile,abroad,abroad
I'm going to Spain in a few weeks and I was wondering if the card will still work there if I have to change anything,abroad,abroad
hello I have I need a card abroad can I pay for things when I'm in Spain yeah I'm going for a few weeks I just need to know where I need to do anything,abroad,abroad
hi I'm off on holiday and I was wondering if I could use my card while I was away,abroad,abroad
oh hi I wonder if you can help me I've got a bank card from this bank but I just need to know if it's actually going to work abroad I'm going abroad next week I need to know if it's going to work in France,abroad,abroad
hi can I use my card when I'm on holiday can I use in the shops and the cash machine,abroad,abroad
hi can I use my new card for payments abroad,abroad,abroad
can I pay for things when I'm in America,abroad,abroad
I am going abroad just wondering if my car's still work,abroad,abroad
use card abroad,abroad,abroad
hi I'm going on holiday I want to know my car don't work when I'm abroad,abroad,abroad
card board can I pay for things when I'm in America wanted to ask I have to do anything,abroad,abroad
hi I'm going abroad in the next few weeks and I just wanted to check whether my car has be working I'm going to Thailand thanks,abroad,abroad
I am on holiday next week and I just like to know whether I'm able to use my debit card abroad,abroad,abroad
hello I'm planning on going to Europe and I'm wondering if my car or work abroad I need two different car service thank you,abroad,abroad
hello I would like to use my new credit card abroad,abroad,abroad
I need to use my card abroad am I able to pay for things when I'm in America,abroad,abroad
and wondering if I can use my bank card abroad because I'm taking my holiday thank you,abroad,abroad
hello I'm want to know if my visa card America the purchases on let me know the next two weeks from 50 February 2021 and stayed for two weeks and I just checked with you,abroad,latest_transactions
how can I set up a joint account,joint_account,joint_account
how do I set up a joint account with my partner,joint_account,joint_account
hi I want to set up a joint account with my partner and not sure how to do this she could let me know,joint_account,joint_account
how do I set up a joint account with my partner,joint_account,joint_account
I'd like to have set off a joint account,joint_account,joint_account
I would like to start a joint account,joint_account,joint_account
can you help me set up a joint account,joint_account,joint_account
hi there I'm looking to open a joint account and I was just wondering how about that,joint_account,joint_account
how do I set up a joint account and can I do it on my app or do I have to come in and do it in person,joint_account,joint_account
hello can I set up a joint account with my mum thanks,joint_account,joint_account
hi can someone help me please I'm just wondering how do I set up a joint account with my husband I want us to be able to access your money thank you,joint_account,joint_account
alone I'm wondering how I can me and my partner where on the app would I find the option,joint_account,joint_account
how do I set up a joint account,joint_account,joint_account
how do I set up a joint account with my partner,joint_account,joint_account
I'd like to set up a joint account please,joint_account,joint_account
I'm looking for a joint account with my partner and looking for more details on how to do this and the benefits from it,joint_account,joint_account
set up a joint account how do I set up a joint account,joint_account,joint_account
hi I'd like to set up a joint account for me and my partner please,joint_account,joint_account
how do I set up a joint account,joint_account,joint_account
set up joint account,joint_account,joint_account
I give me help me I want to create a joint account,joint_account,joint_account
I want an account for me and my husband,joint_account,joint_account
I want to set up a joint account with my partner,joint_account,joint_account
I'd like to set up a joint bank account,joint_account,joint_account
I want to open a bank account with my partner's so how can I do so how can I open a joint account,joint_account,joint_account
I'd like to set up a joint account,joint_account,joint_account
can I set up a joint account with my partner please,joint_account,joint_account
hello I'd like to open a joint account with my new partner and I was wondering if you could give me any instruction on how I could do that,joint_account,joint_account
I want to set up a joint account how,joint_account,joint_account
hi there I was just calling regards to setting up a joint account and just wondering how they would do that if I come into the store or if I could do that on the app trying to get that for me thank you,joint_account,joint_account
how do I set up a joint account,joint_account,joint_account
how can I set up a joint account to me and my husband,joint_account,joint_account
I'd like to set up a new bank accounts like it's a joint account so it would be for me and my partner thanks bye,joint_account,joint_account
I had a council flat while with you guys are now like to set up a separate joint account my partner can you help me dinner or can I go on the app,joint_account,joint_account
please can I have more information about setting up a joint account with my partner,joint_account,joint_account
I'm looking to set up a joint account for me and my partner,joint_account,joint_account
how do I say go about setting up a joint account personal one and the parcel want I have not a person to separate account we we start fuses,joint_account,joint_account
I would like to set up a joint account how do I do this can I have an account with my partner as a joint account and where in the app will I be able to find the joint account option,joint_account,joint_account
I like to know what my current balance is,balance,balance
show me my account balance,balance,balance
could you let me know what my account balance is please,balance,balance
how much money do I have in my account,balance,balance
hi I'd like to make an enquiry about my account balance please,balance,balance
please can you tell me my account balance,balance,balance
water check my account balance,balance,balance
hi I'm calling I'd like to find out what my bank balance is now,balance,balance
could you tell me my account balance please,balance,balance
what is my current account balance,balance,balance
I please show me my current balance on my current account thank you,balance,balance
what is my account balance,balance,balance
yes the local ATM machine where I get my balance from isn't working at the moment so is it possible you can give me my balance but as we speak thank you very much it's the current account that I'm interested in please,balance,balance
what's my current account balance,balance,balance
show me my current account balance,balance,balance
hi I just need to check my account balance please,balance,balance
please show me my account balance,balance,balance
I was wondering if you could tell me the account,balance,balance
hello I'm just calling to ask you if I could check my account balance please and was wondering what my current account balance is,balance,balance
is closing my account balance thank you,balance,balance
hello I would like to know what the balance of my account is so how much money have I got left in what's available to spend today,balance,balance
show me current account balance,balance,balance
hello I like to check what my current account balance is at the moment and what's the balances of my savings account,balance,balance
what is my current account balance,balance,balance
what is my current account balance,balance,balance
hi I'm just wondering if you can please I'm just trying to find out my account but not sure at the moment,balance,balance
show me my account balance,balance,balance
show me my account balance,balance,balance
can you tell me what's my current account please,balance,balance
what is my account balance,balance,balance
hi I need to find the balance in my account please,balance,balance
I know this is wondering just going to find out my account bump just needed to know my current account balances and if you could let me know or show me how I can find out what that is,balance,balance
what is my current account balance,balance,balance
I am wanting to know what my account balances please will you show me my current account darling I want to know what the money is in my account so I can see my account balance,balance,balance
what's my account balance please,balance,balance
account balance,balance,balance
hi could you please show me my current account balance,balance,balance
hi how you doing I just need to know my account balance is today and see if I've got any transactions pending thank you,balance,balance
please show me my account balance,balance,balance
hello please can you tell me my account balance,balance,balance
hello I wonder if you can help me I'm after my current balance of my current account could you possibly let me know thank you,balance,balance
what is my account balance,balance,balance
my bank card doesn't seem to be working I can't pay for anything using that,card_issues,card_issues
hi there I'm having troubles in my card it doesn't seem to you working can you help,card_issues,card_issues
I tried to use my bank card in a shop and my card was declined,card_issues,card_issues
hi I'm just wondering if you're happy with my bank card please my cash but it's not working,card_issues,card_issues
I can't use my card unfortunately like I've tried paying so many times and it just doesn't go through the can't machine just accept my card keep saying declined I just don't understand why could you please help me,card_issues,card_issues
hi I'm how do you need to make a payment on my card and it says declined,card_issues,card_issues
my car doesn't do to work in there do you know why that might be,card_issues,app_error
my car doesn't seem to work would you be able to help you sort this,card_issues,card_issues
hello I was ordering something on Amazon but my card declined and literally Trinity it does not work at all even for other apps such as like Ebay or any any any transactions I was wondering if you can look into this matter for me,card_issues,card_issues
hi my car doesn't seem to be working,card_issues,card_issues
hi I'm trying to use my card in the shop and it won't work,card_issues,card_issues
hi I'm just calling coz my card was declined in a supermarket this morning can you tell me why why my payment declined,card_issues,card_issues
hello my card was declined can you help me,card_issues,card_issues
hi cards not working in ATM,card_issues,card_issues
can you help me with my card,card_issues,card_issues
I was declined a payment on my card can you help please,card_issues,card_issues
just wondering my card has been declined with not give me any reason why I like can you shed some light on,card_issues,card_issues
I need help with my heart it's not allowing me to use it and supermarket when I'm trying to pay it doesn't work I don't understand why my payment card has been declined as I have money in my account please can you help with my card,card_issues,card_issues
hi what you can help me please I can't issue with my car I'm trying to use that and it's just not letting me money out the car I don't know if there's a problem with check on what issue is he called me I'm not a problem I would really like some company,card_issues,card_issues
hello I'm ringing because I have an issue with my bank card whenever I try to use it in a shop it just says it's declined but the is plenty of money in there I wondered if you could help me,card_issues,card_issues
my car doesn't seem to be working,card_issues,card_issues
can you help me with my car I can't use it it doesn't work,card_issues,card_issues
hi there I'd like to know why my card doesn't work it doesn't work in either an ATM or a payment point and I'm unable to use it pay for things can you help me fix this issue or replace my car for me please,card_issues,card_issues
oh hello there I wonder if you can help me I've been using my Coventry in my car but it's been declined can you let me know why,card_issues,card_issues
hi I've recently been sent a new bank card for my account I've tried to use his card and it's not letting me pay for anything I tried to pay for things in the shops and it just keeps getting too kind wondering if so I might be able to help because there is money in there I'm not too sure why,card_issues,card_issues
my card is not working,card_issues,card_issues
I'm having an issue with my card it does not work and won't pay for thing,card_issues,card_issues
if my car's not working at the minute I have tried it and the payments declining it's not it's not going through,card_issues,card_issues
hello I seem to be having a problem making payments with my bank card I don't know what the problem is would you like to know,card_issues,card_issues
can you help me with my card my payment was declined,card_issues,card_issues
how can I speak to someone about a card not working,card_issues,card_issues
my debit card won't work there is money in my account,card_issues,card_issues
I'm looking for some help I've just had in your bank card but when I went to use it and it doesn't do to register and if you have been declined can you help please,card_issues,card_issues
hi yes I've just been to the local shop to buy something and when I presented my card it wouldn't work but payment was declined it's just not working at all so I wonder whether you can sort the matter out for me please,card_issues,card_issues
why is my card not working,card_issues,card_issues
hi I was wondering if you can help me I've been trying to use my card and it won't pay,card_issues,card_issues
I Disney help me I'm trying to pay with my card on my card not working,card_issues,card_issues
hi yeah what is I've just been out the my card declined and I know I know about the money in now but the card keeps declining I'm wondering if you can help me,card_issues,card_issues
I've got cars with you when it's not working it's not letting me pay even though I've got enough money in my account,card_issues,card_issues
hi I'm just confirming my card not working but I tried to use it and not getting any money out I'm not sure why so I just wondered if you could look into what happened,card_issues,card_issues
my card isn't working it's not letting me take any money out,card_issues,card_issues
hello my bank card is not working and it won't take payment,card_issues,card_issues
hi yeah I'm just trying to make transaction using my debit card I know there's something you can put it was declined twice and I didn't they do it again so be nice to know what the problem is,card_issues,card_issues
my car is no longer working or refuses to give me any money,card_issues,card_issues
business phone,business_loan,address
I'm calling to enquire about a new business loan but I would like to take out,business_loan,business_loan
I have a question about setting up a new business loan,business_loan,business_loan
just wondering if you can give me a lay down and protocol on hire bikes I go to acquire a new business start-up in the past couple of weeks and I would like to go further plan whatever you need,business_loan,business_loan
hi there I was just calling about a businessman and a wedding what I need to do together new loan out with you guys more cars thank you very much,business_loan,business_loan
hi I'm calling about my existing business line with your firm my little some details about the payment plan and I have interest in a new business loan if that's ok,business_loan,business_loan
I am ringing about a previous phone and I'll I can look into a new loan for a business loan business idea that I've got thank you,business_loan,business_loan
hi I've just been calling about a new business loan and I was wondering if you could help,business_loan,business_loan
new business loan,business_loan,business_loan
new loan,business_loan,business_loan
I'm calling about a business loan,business_loan,business_loan
I would like to request a new business loan,business_loan,business_loan
hi I'm calling about setting up a new business loan please,business_loan,business_loan
hi yeah I wonder if you can help I'd like to discuss taking a loan out against the business account can you help me on this,business_loan,business_loan
hi how do I set up a business loan bank,business_loan,business_loan
hello I'd like to enquire about starting a new business loan please,business_loan,business_loan
I am calling about the buying for a new business plan,business_loan,business_loan
I have a question about business loan,business_loan,business_loan
I'm calling up taking out a new business loan,business_loan,business_loan
hello I'd like to enquire about a new business phone it's for an existing business,business_loan,address
I'm calling about a business loan to help fund my business,business_loan,business_loan
I'm calling for more information on the business loan,business_loan,business_loan
good afternoon I'm calling this regards to taking out a business phone please,business_loan,address
I'd like to apply for a new business loan,business_loan,business_loan
I'd like to get some information about business loan,business_loan,business_loan
can you give me some information about a new business loan,business_loan,business_loan
I have started a business now I would like to take out a loan I need to talk to you about my existing low I have some episode,business_loan,business_loan
hi I'm calling to discuss a new business loan,business_loan,business_loan
I'm calling about new business loan,business_loan,business_loan
hi I'm looking at starting up a new business could you tell me about your business loan plans please,business_loan,business_loan
like you're making a call to a financial organisation to discuss a new Lola or a business which to be a start-up loan or a progression continuation Road,business_loan,business_loan
please could you tell me the latest race or a set amount of money please,business_loan,latest_transactions
hello I'm calling about business loan,business_loan,business_loan
hi I want to find out about taking out a business loan please,business_loan,business_loan
hi I'm looking to get a new business loan,business_loan,business_loan
I'm calling about a business loan,business_loan,business_loan
I want I know about a new line,business_loan,business_loan
hi it's going to about a business Link,business_loan,business_loan
hello I need to take out a business loan how do I go about applying,business_loan,business_loan
information request for new business loan,business_loan,business_loan
hi yes I have a business bank account with you and I'm just enquiring about whether I could take out a loan as well if you would mind helping me thank you,business_loan,business_loan
I have a question about an existing loan,business_loan,business_loan
hello I am calling about a business loan I have a few questions about it I was wondering if I could have one please,business_loan,business_loan
hello can you help me about business loan I have a question about it I need a new long so I need to get into further detail before actually getting a new mum,business_loan,business_loan
hi I'm calling in interested in taking out a business loan could you please talk me through all of the logistics,business_loan,business_loan
I'd like to discuss my current direct debit,direct_debit,direct_debit
army back direct debits show me back direct debit I want to return a direct debit,direct_debit,direct_debit
show me my direct debits,direct_debit,direct_debit
I have a question with direct debits can you explain the interest rates on them and just go about it,direct_debit,direct_debit
Higham Avenue she was my direct debits show me them please so I can see if they've been set up properly one doesn't seem to be going through,direct_debit,direct_debit
open up a bank station to discuss direct debit how is work and how returned direct debits work just to find out how the whole process that works in affects your statutory rights,direct_debit,direct_debit
I want to return a direct debit,direct_debit,direct_debit
I've got an issue with one of my direct debit,direct_debit,direct_debit
hi I have some questions about direct debit,direct_debit,direct_debit
I would like to know about direct debit,direct_debit,direct_debit
I need to cancel a direct debit,direct_debit,direct_debit
I have a question about direct debits,direct_debit,direct_debit
how do I set up a direct debit,direct_debit,direct_debit
list my direct debits,direct_debit,direct_debit
can I set up a direct debit,direct_debit,direct_debit
hello I'm trying to go online to cancel a direct debit but not sure how to go about this please can you give me some more information please,direct_debit,direct_debit
I usually all of my direct debit,direct_debit,direct_debit
hey I'm just calling in to ask you if I have any direct debits that I hate her mind up for and could I be possible to see my direct debits as I want to return any direct debit,direct_debit,direct_debit
need to find out about my direct debit,direct_debit,direct_debit
I have got a question about direct debits I don't they work,direct_debit,direct_debit
I'd like to know about direct debit,direct_debit,direct_debit
I need some help organising my direct debits that are still current,direct_debit,direct_debit
tell me about direct debit,direct_debit,direct_debit
I was wondering if you can,direct_debit,balance
show me my direct debit,direct_debit,direct_debit
please tell me what information about your direct debit how to set direct debit up,direct_debit,direct_debit
can you show me on my outgoing direct debits,direct_debit,direct_debit
unless you tell me about my direct debit so that's why I'm contacting me I would like you to show my existing direct debits and I would also like to return a current direct debit set up,direct_debit,direct_debit
I'd like to cancel a diary give it please,direct_debit,direct_debit
could you tell me some stuff about direct debit please,direct_debit,direct_debit
show me my direct debit,direct_debit,direct_debit
where can you let me know where it's a bit sad please thanks,direct_debit,app_error
I would like to return a if you don't mind,direct_debit,card_issues
hi there can you please explain to me how direct debits work I would like to pay for a service which requires a direct debit and I want to know how I can set one up,direct_debit,direct_debit
please display my direct debits for me,direct_debit,direct_debit
what is the direct debit how should I be taking this up what do I need to use it for what I like to do the cases that are eat this up or,direct_debit,direct_debit
I find out more about direct debit,direct_debit,direct_debit
hi I'm calling to find out about which direct debits on a bank account if you could just let me know if you could list the different direct debit so I've already got set up just want to check which ones were there and how much therefore,direct_debit,direct_debit
hi hello I'd like to discuss my direct debits I think her son not current and I shouldn't continues I need to know how to check them and have cancelled,direct_debit,direct_debit
question about direct debits,direct_debit,direct_debit
what's my current direct debit,direct_debit,direct_debit
please show me my direct debit,direct_debit,direct_debit
I've got a question about my recent transactions as there's one that's come up and I don't recognise the payment but I just wanted to check that with you and see if you could explain it to me,latest_transactions,latest_transactions
I'm ringing if I don't recognise a recent transaction,latest_transactions,latest_transactions
hi can I be showing my latest transactions to my account please,latest_transactions,latest_transactions
show me transactions from the last 30-days,latest_transactions,latest_transactions
yeah I recognise the payment,latest_transactions,latest_transactions
and my latest transactions please,latest_transactions,latest_transactions
I owe you show me like my latest transactions,latest_transactions,latest_transactions
can I look at my recent transactions,latest_transactions,latest_transactions
hello I was just because I was taking the online banking and there was a payment put through that but I don't know about when I'm about so it's just wondering where you get it cleared up,latest_transactions,latest_transactions
I need to look at my recent transactions,latest_transactions,latest_transactions
I would like to see my latest transactions please so that I can verify them,latest_transactions,latest_transactions
hi I was just wondering if I could get a hold of my latest transactions just make sure everything's ok on my account not sure if there's any payment iPad recently have not been able to justify but hopefully you can help me,latest_transactions,latest_transactions
where can I see my most recent transactions,latest_transactions,latest_transactions
I've noticed our transaction on my bank statement and I'm unsure of water is can you help me please tell me what payments for and who is 2,latest_transactions,latest_transactions
I've just had a text and I don't recognise some of the transactions on it so can we go through them just to make sure that they probably add me and just said thanks,latest_transactions,latest_transactions
I would like to my transactions train,latest_transactions,latest_transactions
I need help with my latest transactions please,latest_transactions,latest_transactions
show me my latest of transaction please,latest_transactions,latest_transactions
show me my recent transactions,latest_transactions,latest_transactions
show me a list of my recent transactions,latest_transactions,latest_transactions
please show me my latest transactions,latest_transactions,latest_transactions
please show me my latest transactions,latest_transactions,latest_transactions
show me my most recent transactions,latest_transactions,latest_transactions
hi it's a payment I don't recognise on my transaction history and I'd like to investigate this further thank you,latest_transactions,latest_transactions
hi I was wondering if it would be possible to have a look at my latest transactions just because there's a payment on there that I don't I don't recognise it so I was wondering whether would be able to have a quick look at it,latest_transactions,latest_transactions
I've been looking through my transactions and I don't recognise a payment there is appearing on my online banking but I do not recognise,latest_transactions,latest_transactions
I need to check all my recent transactions please,latest_transactions,latest_transactions
hello yeah I'd like to talk about a payment on my credit card I don't recognise it thank you,latest_transactions,latest_transactions
can you tell me what the last payment is for please,latest_transactions,latest_transactions
I'd like to check my most recent transactions please,latest_transactions,latest_transactions
hello yes I've just been looking at my bank account online and there's a there's a payment transaction that I'm not too sure about could you let me know who it was or where it where it's gone so as I do not recognise the person that says thank you,latest_transactions,latest_transactions
hello I was wondering if you could help me go through my list of latest recent transactions,latest_transactions,latest_transactions
I am calling you about some recent transactions on my bank account I just wanted to check the last few transactions because I wasn't sure if they gone through properly or not thanks,latest_transactions,latest_transactions
I'm calling about a recent payment I've noticed on my transactions I don't recognise can you tell me a bit more about this one please it is 12-lb at the Spar on Wednesday the 12th of March 2019,latest_transactions,latest_transactions
I'd like to see my most recent transactions there's a payment that I don't recognise,latest_transactions,latest_transactions
get out my latest transactions they are just to confirm that the payment for me cos one and it's not totally sure sure about you just,latest_transactions,latest_transactions
my dad wants to check my recent transactions,latest_transactions,latest_transactions
I would like to make a query about a recent transaction,latest_transactions,latest_transactions
there is a payment that I do not recognise,latest_transactions,latest_transactions
please can you tell me all my most recent transactions,latest_transactions,latest_transactions
hi could I have some more information about my latest transaction there's a paint that I'm not aware of,latest_transactions,latest_transactions
I want to see my last few transactions,latest_transactions,latest_transactions
I'm trying to make a large payment online and it says I'm guessing a text message,high_value_payment,high_value_payment
pay a large sum payment,high_value_payment,high_value_payment
I'm trying to make a large payment,high_value_payment,high_value_payment
I'm trying to make a large payment online I'm waiting for a confirmation code,high_value_payment,high_value_payment
hi I'm trying to make a large payment and I'm still waiting for an SMS code,high_value_payment,high_value_payment
hi I'm trying to make a large payment on mine and it says I'm going to get a text message,high_value_payment,high_value_payment
I'm trying to pick a large payment online and it says I'm going to get a text message what does this mean,high_value_payment,high_value_payment
I'm trying to make a large payment online it says I'm getting a text message awesome I supposed to do,high_value_payment,high_value_payment
a large amount of money into my account,high_value_payment,high_value_payment
I'm trying to make a large payment and I'm looking to get an SMS confirmation,high_value_payment,high_value_payment
trying to make a large transfer large amount of money in his bank account is giving me a confirmation code what do I do with this,high_value_payment,high_value_payment
hi I'm trying to make large payment online however it says that it has sent me a text message with payment code but I haven't received anything you'd be able to help thank you,high_value_payment,high_value_payment
I'm trying to make a large payment online and I don't know what to do with the message that I've been sent to my phone,high_value_payment,high_value_payment
hi I'm looking to make a word to purchase online and the screen that's coming up saying that I will get a confirmation code via SMS my phone and I just want to make sure that this was actually you guys,high_value_payment,high_value_payment
trying to make a large payment online and it says I'm getting a text message,high_value_payment,high_value_payment
I need help making a large payment that I need to use a code and text message and I don't understand the money to help,high_value_payment,high_value_payment
how can I speak to someone to find how to make a high price payment,high_value_payment,high_value_payment
I just received a text message saying that I want to make a large payment,high_value_payment,high_value_payment
but to pay some money in the bank but I keep getting text message can you help me,high_value_payment,cash_deposit
which ones make a large payments to the bank price payment and will need to send a confirmation code to your mobile to get security information that is for the right person and there is no activity,high_value_payment,high_value_payment
oh hello I'm trying to pay in a large amount into my bank and I've been told I have to use an SMS to let me know what that is,high_value_payment,high_value_payment
I need to make a big payment online and I need to get a text message to think,high_value_payment,high_value_payment
I'm trying to make a large payment online and it keeps on getting better message but I'm not and I'm not sure where I've gone over the limit so can you talk me through the process thanks,high_value_payment,high_value_payment
hi I'm trying to transfer large amount of money and it says I have to see you there text message with a curler could you explain to me what this isn't what it means,high_value_payment,high_value_payment
I need to pay a large amount will you be sending me the confirmation code by SMS,high_value_payment,high_value_payment
hi there I'm just calling because I'm looking to make a high price payment and online and it says I'm going to get a text message and I don't know what these text messages payment codes or how I can help I'll be amazing thank you,high_value_payment,high_value_payment
I need an SMS message code to make a large bank payment,high_value_payment,high_value_payment
I'm trying to pay a large sum of money into my account but I keep season text messages which I'm not sure what to do with,high_value_payment,high_value_payment
I'm trying to make a larger purchase on mine and I'm waiting on the text message,high_value_payment,high_value_payment
I want to pay a large amount into my account how do I use the code by text,high_value_payment,high_value_payment
I'm going to make a large payment but I'm going to receive a text message from my bank to get an SMS code to confirm payment,high_value_payment,high_value_payment
large payment,high_value_payment,high_value_payment
I want to find a payment on the launch song and it said it would text me in it,high_value_payment,latest_transactions
I'm trying to make a large payment online it says I'm getting a text message I don't know what these text messages the payment codes I'm supposed to be getting,high_value_payment,high_value_payment
hi there the payment on my going to make online is being deemed as a high price payment and it says I'm supposed to be receiving a text message I don't know what these text message payment codes I get that space to do how my pretty use them if you could help me that please,high_value_payment,high_value_payment
I want to make a large payment online and it says I will be sent a confirmation code over text is that right,high_value_payment,high_value_payment
hi I need to make a large payments of a bill and I haven't received the text message on my phone yet what do I do,high_value_payment,high_value_payment
hey I was wondering if you could help me with this enquiry or enquiry I have so I'm I'm actually paying a large amount of money to buy something from the store and it says that I'm I'll be getting a text message but I don't really know these payment goes and what I need to do could you help me on that my puppies,high_value_payment,high_value_payment
hi yeah I'm trying to make a large deposit transaction and says I'm going to receive a text message but I don't know what to do with it,high_value_payment,cash_deposit
hi I'm trying to make a large payment online I keep getting SMS messages with codes and I'm not sure what the clothes supposed to do,high_value_payment,high_value_payment
I'm trying to make a large payment into my bank account online it says that see the text message I don't know what I'm meant to do text messages,high_value_payment,high_value_payment
can I deposit the money,cash_deposit,cash_deposit
hi I'm just wondering how I transfer money to my account please,cash_deposit,high_value_payment
hi can you let me know how I can deposit money into my account,cash_deposit,cash_deposit
I would like to put money in my account can you give me some help on how to deposit money to do it or how I can talk to it thanks,cash_deposit,cash_deposit
how do I deposit money into my account,cash_deposit,cash_deposit
how do I transfer money into my car,cash_deposit,high_value_payment
hello I need to know how to transfer money into my account,cash_deposit,high_value_payment
hi how can I make a cash deposit please,cash_deposit,cash_deposit
can I deposit some money into my account,cash_deposit,cash_deposit
I want to deposit money into my account,cash_deposit,cash_deposit
I am I need to deposit some money into my account I want to know the easiest way of doing it whether to transfer or I need to go to the bank,cash_deposit,cash_deposit
I need to transfer some money into my account how can I do this,cash_deposit,high_value_payment
I would like to deposit money into my bank account,cash_deposit,cash_deposit
I wish to deposit money into my account account,cash_deposit,cash_deposit
can I put some money in my account please,cash_deposit,cash_deposit
I've left transfer money to my account please,cash_deposit,high_value_payment
please can I deposit money into my account,cash_deposit,cash_deposit
can I deposit the money into my account,cash_deposit,cash_deposit
deposit money,cash_deposit,cash_deposit
hi I just want to because it Mummy this morning please into my account,cash_deposit,cash_deposit
how do I deposit money into my account,cash_deposit,cash_deposit
can I deposit money,cash_deposit,cash_deposit
oh hi there could you tell me how I can put money in my account please,cash_deposit,cash_deposit
I wonder if you can help me because someone is my company,cash_deposit,joint_account
I just wondering if I could deposit some money into my account directly right,cash_deposit,cash_deposit
how do I put money into my account,cash_deposit,cash_deposit
play I need to deposit some money into my account and I was just wondering if someone might be able to tell me how I can go about doing that,cash_deposit,cash_deposit
hello hi I'd like to deposit money into my account how would I be able to do this,cash_deposit,cash_deposit
can you please help me off show me how to deposit money into my bank,cash_deposit,cash_deposit
hi I need to put the money in my account please,cash_deposit,cash_deposit
I would like to transfer some money into my account,cash_deposit,high_value_payment
hi I'd like to make a deposit into my account how can I do that,cash_deposit,cash_deposit
I'm wanting to transfer some money to my account and I don't know how to deposit the money can you show me how to transfer the money into my account or how I can deposit but I need to transfer some money and deposit into my account,cash_deposit,cash_deposit
I'd like to deposit money into my bank account,cash_deposit,cash_deposit
hi can I deposit money into my account,cash_deposit,cash_deposit
please can I deposit some money in my bank,cash_deposit,cash_deposit
how can I put money into my bank account,cash_deposit,cash_deposit
hi I would like to put money into my bank account please thank you,cash_deposit,cash_deposit
yes I've just sold my car and the person has taken a lot of cash and can you tell me where can I deposit my money please is it in the local bank for and where do I take it thank you,cash_deposit,cash_deposit
ever question about deposit where can I deposit my money for deposit work,cash_deposit,cash_deposit
hi I'd like to deposit money please,cash_deposit,cash_deposit
good afternoon I wonder if you can help me I'm trying to deposit the money into my bank account cash but the branch isn't open locally can you tell me where I can do this please I mean obviously I can't do it online or on the app but I do need someone physically to do it so if you could let me know where that is near me please be grateful thank you,cash_deposit,cash_deposit
hi I want to make a deposit into my account but I'm not sure how to do this,cash_deposit,cash_deposit
where can I deposit some money into my account please,cash_deposit,cash_deposit
I would like to pay my electricity bill using my card can you please assist,pay_bill,pay_bill
hello I like to pay for Bill I would actually like to make a payment but yeah could you help me,pay_bill,pay_bill
pay a bill,pay_bill,pay_bill
my credit card payment is due,pay_bill,pay_bill
hi I would like to make a new payment for a bill,pay_bill,pay_bill
hello my credit card bills due,pay_bill,pay_bill
hello I've just recently opened up an account with your bank and I wanted to find out how I can go about paying bills using my savings account,pay_bill,pay_bill
hey there I'm just calling about making a payment for Bill that I've got coming up I'm just wondering if you could lend me a hand with that please,pay_bill,pay_bill
ID like to pay bills due and I don't send it out to do it online,pay_bill,pay_bill
ID like to pay the bill,pay_bill,pay_bill
I like to pay my bill please thank you,pay_bill,pay_bill
I want to make a payment on my credit card bill,pay_bill,pay_bill
I would like to pay my credit card bill,pay_bill,pay_bill
hello how do I make a payment using BPAY,pay_bill,pay_bill
I need to pay a bill,pay_bill,pay_bill
good afternoon look I've got my credit card bill due in statements come in and I just like to make a payment on that thank you,pay_bill,pay_bill
I have to pay a bill,pay_bill,pay_bill
hello ID like to make a payment for a bill it's due and a couple of days can you walk me through the steps of how to do that thank you,pay_bill,pay_bill
I need to pay bill ID like to do it on my credit card can you tell me how,pay_bill,pay_bill
make payment,pay_bill,pay_bill
I would like to make a payment,pay_bill,pay_bill
I have a builder Bay and I'm running late for my payment,pay_bill,pay_bill
I want to pay my credit card bill,pay_bill,pay_bill
I've just received my credit card bill and I don't understand how you pay it can you help me,pay_bill,pay_bill
I've just received my gas bill and ID like to know how to pay using my internet banking are you able to assist,pay_bill,pay_bill
I need to pay a bill ID like to make payment,pay_bill,pay_bill
hi there I'm going to pay off my credit card bill,pay_bill,pay_bill
yes ID like to pay my bill today using a credit card,pay_bill,pay_bill
ID like to pay bill,pay_bill,pay_bill
hi I'm just wanting to make a payment can you help me about please,pay_bill,pay_bill
bill payment,pay_bill,pay_bill
hi just calling about paying a bill ID like to make it id like to make a payment please,pay_bill,pay_bill
I need to make a payment an overdue payment,pay_bill,pay_bill
I need to pay the bill for my savings account,pay_bill,pay_bill
I have a bill to pay in GBP can I make a payment,pay_bill,pay_bill
I have a bill to pay can I please make a payment for that bill thank you,pay_bill,pay_bill
make a bill payment,pay_bill,pay_bill
yes good morning I would just like to make a payment from my credit card basically just for electricity bill on this page to help me process that transaction I don't like paying online first I like to bring up in processing,pay_bill,pay_bill
double bit stew and I won't know how I can make this payment,pay_bill,pay_bill
hey mate calling about my bill that stew I want to pay it can I do that over the phone thank you,pay_bill,pay_bill
I want to pay one of my bills,pay_bill,pay_bill
hi just calling about a bill I have to make payment on,pay_bill,pay_bill
I want to pay a bill,pay_bill,pay_bill
I would like to pay my credit card bill please,pay_bill,pay_bill
hi ID like to make a payment with my bank account,pay_bill,pay_bill
good afternoon I am wishing to pay a bill over the phone I was just wondering how I go about 200 as I have an urgent payment to Meek,pay_bill,pay_bill
just wanted to pay a bill,pay_bill,pay_bill
I need to make a payment on my credit card bill,pay_bill,pay_bill
ID like to pay my credit card bill,pay_bill,pay_bill
hello my car has been stolen ID like to put a hold on all transactions,freeze,freeze
I would like to stop all transactions and freeze my credit card,freeze,freeze
n I prove my card on the internet,freeze,card_issues
could you please put a freeze on my card,freeze,freeze
I want to stop all future transaction from taking place freeze my card,freeze,freeze
a s good morning I just want to put a block on my ATM card at the moment please,freeze,freeze
please freeze my card,freeze,freeze
hello can you please freeze my card,freeze,freeze
hello I would like to freeze all transactions on my car as of right now is that possible I feel I've lost my car recently and I'm not entirely sure where all her might have it,freeze,freeze
stop all transactions on my card,freeze,freeze
I took all my transaction on my card,freeze,latest_transactions
card like to freeze my card in a for transaction Bank,freeze,freeze
hi I'm just calling because ID like to freeze all transactions on my,freeze,freeze
I don't want any more transaction I like hard please,freeze,high_value_payment
I would like to freeze my card can you please freeze my can't thanks,freeze,freeze
yes good afternoon look at like to stop all transactions on my car off reason it's been stolen and it is point if further and no more transactions are on the card thank you,freeze,card_issues
I've lost my card no just like to stop I'll put a freezer in it thanks,freeze,freeze
please put a stop on my card,freeze,freeze
hi there I can you please freeze my account,freeze,freeze
hi I'm calling up but ID like to you freeze my card,freeze,freeze
I just like to freeze my credit card stop all the transaction and coming off,freeze,freeze
I have noticed suspicious activity on my credit card how can I freeze my card so they can't take any more money,freeze,freeze
please block all transactions on my credit card,freeze,freeze
ID like to block my card from using any transaction,freeze,freeze
please block my card,freeze,freeze
I need to freeze my car because I've misplaced it,freeze,freeze
stop all transactions on my card,freeze,freeze
hi can you please block my card I want my card Frozen,freeze,freeze
stop all transactions on my card,freeze,freeze
clip to stop all the transaction on my card I just lost it so I need to freeze my card and put a block on any transactions over the last 24 hours as I lost my card and it needs to be this big locked,freeze,freeze
I am calling because I want to freeze my card on a block all future purchases please,freeze,freeze
please put a stop to any transaction on my car,freeze,freeze
please freeze my card,freeze,freeze
I believe my car has been stolen please freeze my card,freeze,freeze
hi I want to stop all transactions going out of my account please about the account Frozen as soon as possible,freeze,freeze
I need to freeze my card,freeze,freeze
can you freeze my cards for me,freeze,freeze
I want to freeze my card,freeze,freeze
freeze my card,freeze,freeze
I lost my car today I'm ID like to freeze my car so that there are no unexpected transaction,freeze,freeze
hey mate I'm on lock my cardos lost my card so I need the freezer to stop all transactions can you please do that for me,freeze,freeze
I want to put a temporary freeze on my card please,freeze,freeze
I like to enquire about cancelling also freezing all transactions on my account on my card thanks you can help,freeze,freeze
hey mate I'm just at the pub last night and look I've lost my card there's been no transaction on it so far but I just really need it frozen as soon as possible if you do that for me you'd be a bloody legend thank you so much,freeze,freeze
I need some help to freeze my card,freeze,freeze
lock card immediately,freeze,freeze
oh hi there I've just discovered that my card has gone missing and ID like to freeze my car so that no transaction connect her can you help me help me with that please thanks,freeze,freeze
the after start load the app does not load my new account balance is is that the app is being serviced and now I cannot access my account,app_error,app_error
log into reason around materials keep getting me down,app_error,app_error
the App isn't loading properly it is not loading my new account balance,app_error,app_error
hi I don't think my apps working properly,app_error,app_error
I'm trying to use the new app but the app does not load it keeps freezing,app_error,app_error
the app does not load and it is not working for me can you please help,app_error,app_error
the app keep crashing everytime I try to open it,app_error,app_error
hi there I'm having a bit of an issue with the app it doesn't seem to be loading my new account balance just wanted you can help me please,app_error,app_error
the App isn't working,app_error,app_error
the app does not worried,app_error,app_error
I'm having trouble making transfers on the app,app_error,app_error
hello I need some help with the mobile app I've tried to login as giving me an error code,app_error,app_error
yeah g'day mate I moment some kind of problem with the app it's not loading my account balance just trying to figure out what's going on thanks,app_error,app_error
I'm having difficulties loading my account from the app,app_error,app_error
hi my name is Brayden and I was just using recently using the application on my phone and noticed that the App isn't loading at the moment I can't load or something about my account information so I was just wondering if the app is being serviced or if it's down at the moment or what the problem was,app_error,app_error
hi there I'm just calling to say that the app doesn't work,app_error,app_error
the app for my bank is not working at the moment how can I access my money,app_error,app_error
I deactivate not load for my account,app_error,freeze
we're having issues with the online banking app I'm not sure what's wrong with but when I try to login it keeps crashing so what I've done is I've deleted it and we installed it but it still does the same thing and it's not working is there any way that you can call me back and assist me thank you,app_error,app_error
hi I'm trying to access my account but the App isn't working,app_error,app_error
hi I'm just calling because I'm having a bit of an issue with the bank app it doesn't seem to be working properly I'm not really sure what to do next,app_error,app_error
hi I'm using your app and is not working right now I can't get it to access my account,app_error,app_error
I downloaded the app and the app doesn't seem to be working with my current phone so I was wondering if there's any other way I can access me information without the app that would be good because I just can't get it to work,app_error,app_error
hi so I downloaded the phone app for your bank and it's not working like I go to sign in and it freezes and tells me that my password is incorrect and then the past at the app will force shut itself,app_error,app_error
I updated the app now crashes when I try and open it,app_error,app_error
hi I'm trying to use the app but it won't load my account balance I'm able to use it,app_error,app_error
so I'm trying to use an app and for the backup and the app is not working properly it's not working on my phone and then I don't know why,app_error,app_error
help with your Android app I can't get into it at all it just shows me a error as soon as I open the app,app_error,app_error
my Atlas is to login,app_error,app_error
hi there I'm just calling in regards to your app not working it says that the app is being serviced and now I can access my account,app_error,app_error
the app for my bank account is not loading,app_error,app_error
tickle and let you know the apps not working with not let me with my new account balance,app_error,app_error
the App isn't working even when I refresh it not loading,app_error,app_error
hi I'm just calling about a technical issue with your bank app I'm trying to get on at the moment and it says the app can't contact the bank server and retrieve my details,app_error,app_error
hi I wonder what happened to the banking apps today because he doesn't seem so I'm walking I can't access to my account either,app_error,app_error
I have downloaded your bank e app,app_error,app_error
I'm having trouble accessing the app it says I cannot access it at the moment please try again later,app_error,app_error
having a problem loading the bank app,app_error,app_error
the app is not working I can't access my account,app_error,app_error
hello I was only download your Banks app Apple Store and I go and open the app crashes,app_error,app_error
hello I've recently been using that for your bank but that does not seem to Levitt,app_error,app_error
the average having trouble loading,app_error,app_error
oh hi there I'm hoping to withdraw some money from my ATM or using ATM just wondering how much I can take out is there a limit thanks,atm_limit,atm_limit
hi just calling to query what a maximum withdrawal limit is at the ATM,atm_limit,atm_limit
could I please withdraw some money from the ATM on how much is the maximum amount of money that I could possibly withdraw,atm_limit,atm_limit
I'm wondering how much money I can take out of any 1 time,atm_limit,atm_limit
I need to get money out tomorrow and I'm just wondering what's the maximum I can withdraw from my account thanks,atm_limit,atm_limit
what's the total amount that I can withdraw,atm_limit,atm_limit
I wonder what the maximum amount of money I can withdraw his,atm_limit,atm_limit
where's my maximum limit I can withdraw at one of your guys is ATMs,atm_limit,atm_limit
I want to redraw money from the ATM and I'm wondering what is the maximum amount of money I can redraw at the ATM is that possible for me to increase my withdrawal limit at a cash machine or do I have to do it on the apps or something else,atm_limit,atm_limit
what is my withdrawal limit at ATM,atm_limit,atm_limit
good afternoon look I'm just actually it one of your ATMs right now and I need to pay cash and I'm just wondering what the maximum amount that I can withdraw right now it's like s and help with that at the fantastic thank you,atm_limit,atm_limit
I am I'm going to withdraw my from the ATM I'm wondering how much money can I withdraw,atm_limit,atm_limit
I'm wondering how much money I can withdraw from the ATM,atm_limit,atm_limit
hello I'm calling about using an ATM just wondering what the maximum amount of money I can take out at any 1 time is,atm_limit,atm_limit
what is the maximum amount of money I can withdraw from my account at one time thank you,atm_limit,atm_limit
hi I just wanted to double check how much money I may need to take out at the ATM,atm_limit,atm_limit
what is the maximum amount of money that I can withdraw how can I increase my withdrawal limit at the cash machine,atm_limit,atm_limit
what is my maximum ATM withdrawal amount,atm_limit,atm_limit
hi so I'm new to the bank and at the moment I'm trying to withdraw money from my local ATM however I'm a bit unsure as to how much I can she withdraw her transaction as well as also have per day,atm_limit,atm_limit
what's the limit I can take out of my account each day,atm_limit,atm_limit
I want to take some money out of the ATM what's the max I can take out,atm_limit,atm_limit
I want to withdraw some money and I need to know the maximum amount that I can live for so can you tell me the amount of money that I can lick took my account,atm_limit,atm_limit
I try to withdraw some money from a machine and I'm just wondering how much I can withdraw Huawei what's what's the most I can withdraw,atm_limit,atm_limit
what is the limit at the ATM,atm_limit,atm_limit
so I'm just at an ATM and I'm wondering how much can I get out of this ATM but what's the biggest amount I can get out,atm_limit,atm_limit
can you please tell me what my ATM withdrawal limit is please,atm_limit,atm_limit
how much money can I take out of the ATM at one time,atm_limit,atm_limit
clue I'm ringing up to try and find out about what's my limit to draw cash from my from the ATM,atm_limit,atm_limit
how much money can I take out of the ATM,atm_limit,atm_limit
what's the limit on my credit card when I use it in an ATM,atm_limit,atm_limit
I want to do with at the moment for my ATM and I want to do us what's the withdrawal limit of this bank and if the limit is below what I want can I increase the limit somehow please get back to me,atm_limit,atm_limit
what is Maya limit at the ATM,atm_limit,atm_limit
hello I'm just trying to figure out what the withdrawal limit from an ATM is and if I can increase it's not thanks,atm_limit,atm_limit
hello is this the bank that I'm currently using ID like to know my current limit at the ATM as to how much money I can withdraw and if there's any way I can increase their thank you,atm_limit,atm_limit
hi there I'm just calling in regards to the limit at the ATM is there a way I can increase my withdrawal limit at the cash machine,atm_limit,atm_limit
how much money in one day,atm_limit,atm_limit
cash can I withdraw at an ATM,atm_limit,atm_limit
I was hoping to find out what the maximum withdrawal limit is on getting money out of my debit card from an ATM,atm_limit,atm_limit
hello I'm just wondering how much money I can withdraw from the ATM machine at the moment and also what would be the maximum amount ID be allowed out her today from the machine thank you,atm_limit,atm_limit
hey mate I'm a fairly large transaction that I need to make in cash and I was wondering what the daily withdrawal amount was for the for the ATM and if there's any way that I might be able to increase that if it's a bit too low for what I'm looking for thanks,atm_limit,atm_limit
how much in total can I withdraw from the ATM,atm_limit,atm_limit
what is the maximum amount of money I can withdraw from the ATM,atm_limit,atm_limit
what's the maximum amount of money actor withdraw,atm_limit,atm_limit
what is the maximum I can withdraw please from a cash machine,atm_limit,atm_limit
what is the maximum withdrawal from ATM,atm_limit,atm_limit
I like to withdraw money from the cash machine but what is the limit can you tell me how much money I can withdraw,atm_limit,atm_limit
good morning I would leave I would like to know,atm_limit,balance
I'm just wondering what's the maximum amount that I can withdraw from the ATM,atm_limit,atm_limit
hello how's this wondering how much money can I withdraw,atm_limit,atm_limit
hi I just wanted to choir about the limit of my ATM withdrawal them at my atm I just wanted to just double check say how much I can ask you withdraw so thank you,atm_limit,atm_limit
I will like to change my address,address,address
I need to change my address,address,address
I want to change my address,address,address
I want to change my address,address,address
I can I there I have just recently moved house and ID like some assistants please with changing my address that's ok,address,address
I would like to change my address,address,address
I need to update my address,address,address
I want to change my address,address,address
hi I would like to change my address,address,address
hi I want to change my address please,address,address
I want to change my address,address,address
hello I'm looking to change my address how would I go about changing this,address,address
hiya I need a change my address so would you be able to help me out and doing this thanks,address,address
hello I'm calling as I need to change my address,address,address
I'm hoping to change my current home address please,address,address
my address I want to change my address,address,address
hi I'm just calling up because I have noticed that I want to change my address I needed to be changed on some of my phone's so I'm just looking to be able to change my address,address,address
I've moved house and ID like to change my address please,address,address
hi it is the ANZ bank yet so I was just calling in regards to changing my address so I've just moved houses and I was just wondering if I could get my letters forwarded to my new address as there's a 1 my can is currently registered it,address,address
hey I've moved houses and I want to change my address,address,address
play I was bringing up kids ID like to change my address,address,address
ID like to change my address,address,address
I like to change my address please,address,address
good afternoon I'm ringing up wishing to change my address I've actually just recently moved and I would like to just voice you this so you can update and therefore you are where where I am now,address,address
my address,address,address
now I'm looking to change my address please,address,address
how can I change my address,address,address
Immerse problem I want to change my address,address,address
hey I would like to change my address,address,address
hey there I'm just going to change my address,address,address
hi I'm just calling because I've moved recently and I just wanted to update my address,address,address
I would like to change my address,address,address
hello I would like to change my address please,address,address
I am going to change my address thanks,address,address
can I please change my address,address,address
hi I just said the address of my come please,address,address
I want to change my address,address,address
hey there I'm just calling about my address I've recently moved and I'm just needing to change it hopefully you can just lend me a hand with that one thanks,address,address
I would like to change my address,address,address
hi I would like to change my career address because I've moved house last week is that possible,address,address
I need to change my address,address,address
I want to change my address,address,address
hello is this the bank ID like to change my address please,address,address
hi how would I go about changing my address,address,address
I want to change my address,address,address
hi my name is John Smith I'm just calling because I want to change my address listed with your bank from 1 Smith Street to 2 Smith Street please,address,address
ID like to change my address please,address,address
I want to change my address,address,address
hello how did my name is help me today I just want to update my address details on my account,address,address
wondering if you could help me with changing my address please,address,address
hello I was just wondering if I could please change my address thank you,address,address
I want to change my address,address,address
I need my card abroad can I pay for things when I'm in America,abroad,abroad
I have a bank tide I want to know whether it works abroad can I pay for things when I'm in America,abroad,abroad
I want to find out if my card work for lime overseas,abroad,abroad
I have a question about what happens if I got a check a paper check for Christmas and I need to know what to do with it,abroad,cash_deposit
make an Oreo was that I have a card and I want to know whether I can get back to Australia and I,abroad,abroad
I have a card from your bank and I need to know if I'm able to use it when I go overseas and if there's going to be a fees to like when I like go and how much is going to cost me I don't want to go buy a lot of fees when I come back,abroad,abroad
ID like to use my card abroad please,abroad,abroad
I have a card from the bank and I would like to know whether work overseas or not,abroad,abroad
I have a card that I can use here in Australia and I want to know if I can use it when I'm over seized,abroad,abroad
how do I type in the bank and I'll I want to check I can use it overseas,abroad,abroad
I'm going overseas and I need to check my credit card works ok but ok overseas,abroad,abroad
I've got a card from my bank and I need a card abroad I was wondering if I can pay for things when I'm in America,abroad,abroad
hi I'm a customer of your bank and I'm planning to travel to America shortly and I just need you to confirm will my card work overseas,abroad,abroad
hi yep so I moved house and I wanted to change my address,abroad,address
hi there I've got don't card and I was wondering whether this card works,abroad,card_issues
hi I wanted to know whether I can use my card Abroad,abroad,abroad
hi I have a card I want to know whether it works overseas but I'm going on vacation,abroad,abroad
I'm travelling to America and ID like to use my card over there,abroad,abroad
hi I'm I'm looking at going on a holiday soon and I'm just looking to check if my card work overseas,abroad,abroad
high demands an and I'm going to be travelling to Vietnam in about 2 months time I just received my new card and I just wanted to know where I can use overseas and what the fees will be whether I'll be charged anything thank you,abroad,abroad
yes I'm I wouldn't know if I can use my credit card when I'm overseas please,abroad,abroad
hi I'm going on holiday to America and I would like to know if I can use my card to pay for things while I'm there,abroad,abroad
I'm just calling to find out if my card is going to work overseas,abroad,abroad
can I can I use my card when I'm in America,abroad,abroad
I need to use my card when I'm going overseas,abroad,abroad
got payment going out tomorrow I'm going to amend the amount to do that,abroad,high_value_payment
need to get some travel advice,abroad,abroad
I'm about to travel in 2 weeks and I want to know if I'll be able to use my card,abroad,abroad
oh hi there I want to find out if the card I've got from the bank can work when I'm overseas,abroad,abroad
I wanted to change my address,abroad,address
are hi I am travelling overseas and I'm hoping to use my my car while I'm over there as want to find out whether there's anything I had to do to activate the card so work over for you,abroad,abroad
I need to know what's like my bank I can work overseas,abroad,abroad
I need to be able to use my card when I go overseas,abroad,abroad
I need my card to work Abroad,abroad,abroad
hi I'm going overseas for holiday just wondering if I'll be able to use my debit card while overseas if it'll work,abroad,abroad
I need to set up a joint account with my partner,joint_account,joint_account
yes I would like to open a joint account,joint_account,joint_account
hi I just want to know how do I set up a joint accounts if possible can you run through the steps in the app how to set an account up like resemble what tabs to click on the and just give me an overdue or overall step by step guide on how to do it thank you very much,joint_account,joint_account
I'm interested in Singapore joint account with my partner how can I go about doing that,joint_account,joint_account
hello my partner and I are both existing customers but we want to set up a joint account are we able to do that through the app,joint_account,joint_account
hi Alexa Dr John account with my partner please,joint_account,joint_account
I want to open a joint account,joint_account,joint_account
can you help me set up a joint account with my husband I don't know how to do it,joint_account,joint_account
how can I set up a joint account,joint_account,joint_account
g'day mate I'm on set up an account for me and my partner are joint account but I don't know how can you walk me through how to thanks mate,joint_account,joint_account
oh hi there ID like to set up a joint account with my partner and I'm not sure how to go about doing that can you help me please,joint_account,joint_account
can I have a joint account with my partner,joint_account,joint_account
how do I set up a joint account,joint_account,joint_account
hi ID like to know what it takes to get a joint account with my partner how much the fees after the account for an extra card thanks,joint_account,joint_account
hello I I'm wondering how to set up a joint account and if there are any details I need such as my card number and yellow persons card number to create the joint account so let me know what I need to bring,joint_account,joint_account
is I would like to set up a joint account can you please advise her to go how I should go about this,joint_account,joint_account
I'm just wondering how I can set up a joint account with my partner,joint_account,joint_account
how to set up a joint account with my partner,joint_account,joint_account
petipa joint account,joint_account,joint_account
ID like to add my partner to my account,joint_account,joint_account
hey ID like to set up a bank account for myself and my partner,joint_account,joint_account
how do I set up a joint account with my partner,joint_account,joint_account
how do I set up a joint account,joint_account,joint_account
ID like to set up a joint account please I can't find the option in the app,joint_account,joint_account
hello ID like to set up a joint account please,joint_account,joint_account
hi can I set up a joint account with my partner which are the options are in the I am I should should I choose where can I find it,joint_account,joint_account
g'day I'm not going to set up a joint account with my partner can you help me,joint_account,joint_account
hi for my savings account I want to make that a joint account with my wife please and I just want to see how I can do that,joint_account,joint_account
hi I just wanted to find out how I set up the joint account I can't go for it thanks,joint_account,joint_account
where can I set up a joint account,joint_account,joint_account
what is it up a joint account,joint_account,joint_account
hi morning to set up a joint bank account with someone else can you help me about please,joint_account,joint_account
hi there how do I go about setting up a joint account for me and my partner,joint_account,joint_account
I need some help setting up in joint account,joint_account,joint_account
hi there I'm wanting to set up a joint bank account with someone else how do I do that,joint_account,joint_account
how can I use the website to set up a joint account,joint_account,joint_account
how do I set set up an account with my partner,joint_account,joint_account
can you please help me to set up a joint account,joint_account,joint_account
I just wanted to enquire about how do I open an account with my partner something like a joint account,joint_account,joint_account
hello how do I set up a joint account,joint_account,joint_account
where online can I find an option to set up an account for me and my partner,joint_account,joint_account
I would like to set up a joint account with my wife,joint_account,joint_account
I am trying to set up a joint account with my partner can you tell me how he said that up please,joint_account,joint_account
is there an option in the app for a joint account that I could set up with my partner,joint_account,joint_account
I am speaking to set up a joint account how should I go about this can you please help me with this,joint_account,joint_account
hi I'm sorry I'm out herself a drink account and if I could have a partner with this so yeah this figure out doctor,joint_account,joint_account
I am trying to set up a joint account online but I do not understand the steps can you please help me,joint_account,joint_account
I can't figure out how to create a joint account on the website where's the option for that,joint_account,joint_account
am I allowed to set up a joint account with anyone,joint_account,joint_account
what is my current account balance,balance,balance
could you please check my account balance,balance,balance
hi just coming so I can see my account balance please,balance,balance
hi I'm looking to get my account balance,balance,balance
bank account balance please,balance,balance
could I please see my current account balance,balance,balance
yes good afternoon could I please grab my account balance thank you,balance,balance
account balance,balance,balance
I would like to get my account balance,balance,balance
hey there I'm I was just wondering if I could check my current account balance,balance,balance
I just like an quiet at my account balance I'm trying to access it through it after just would like to know how much money I have in my account thanks very much,balance,balance
show me my account balance,balance,balance
hi I'm just calling about my account balance can you please show me my balance,balance,balance
can you please show me my current account balance,balance,balance
hey I just want to know what's my current account balance at the moment,balance,balance
what is my account balance,balance,balance
what is my account balance,balance,balance
I'm calling about my current account balance can you help me with that please,balance,balance
account balance current account balance show me your account balance,balance,balance
hi my name is Jeremy and I'm wondering if I can have a look at my account balance please,balance,balance
I'm calling to check my account balance on my savings account,balance,balance
I want to check my current account balance,balance,balance
show me my account balance please,balance,balance
how do I see my account balance,balance,balance
current account balance,balance,balance
hello I'm just inquiring about my current bank balance could you tell me what my current account balance is showing,balance,balance
oh hi I'm only better that I was just wanting to check my account balance my account with your with the bank please,balance,balance
hi are you able to show me my current account balance thank you very much,balance,balance
I have to read the count you and I want to know what the account balances are for each account are you able to assist,balance,balance
what is the balance of my account,balance,balance
I just like to know how much money is in my account,balance,balance
check account balance,balance,balance
could you please tell me the balance of my account,balance,balance
I was wondering how I can view my account balance,balance,balance
yeah hello I just wanted to find out what my current about account balances thank you,balance,balance
hello is this the bank I like to be informed of my current account balance I don't have the app so this is the easiest way for me to get my balance,balance,balance
please show me my account balance,balance,balance
can you please show me my account balance,balance,balance
can you please show me my current account balance,balance,balance
show account balance,balance,balance
I was hoping to find out the current balance of my account if I could please,balance,balance
account balance,balance,balance
hello can you please tell me how much money is in my main transaction account,balance,balance
hello how's this wondering if you could please show me my account balance,balance,balance
good morning I was wondering if you could help me I would like to know how I will be able to access my account balance am I able to do this online or do I ring up via phone or can I send an email thank you very much,balance,balance
hi there I just like to know what my current account balance is,balance,balance
show me my account balance,balance,balance
what is my current account balance,balance,balance
I am I have a car from this bank but it's not working why was my payment decline,card_issues,card_issues
my card is not working can you help me,card_issues,card_issues
hi I'm having problems with a card,card_issues,card_issues
hi I'm having trouble using my card it keeps declining when I go through the payment status wondering if you could help me out with that,card_issues,card_issues
hello I'm having trouble with my card it won't scan properly and it's declining when I try to use it,card_issues,card_issues
I am I am currently at the shops and my card is refusing the payment and declining why can I not use my card,card_issues,card_issues
will my cotton work and I was wondering why I was declined,card_issues,card_issues
I have been received the card from the bank but I am trying to use my card and it's not allowing me to pay for things,card_issues,card_issues
I just tried to use my new card and the payment was declined I'm just wondering why my car does it work,card_issues,card_issues
hi I need some help with my card it's not working and my payments won't go through,card_issues,card_issues
could you please help me with my card,card_issues,card_issues
my card doesn't work,card_issues,card_issues
so I've got a problem with my bank card whenever I try and tap it it stopped working it's not working anymore and I want to find out what the problem is,card_issues,card_issues
I'm having some trouble would you be able to help me out with my card I don't know why but it just doesn't work so that could you help me out that Zoe great thanks,card_issues,card_issues
an issue with my card,card_issues,card_issues
hi I'm trying to use my bank card and keep getting declined it's not working but don't know why,card_issues,card_issues
I can't you can't because it isn't working,card_issues,app_error
also I recently growcott on you but I'm doesn't work when I tried tattoo all-time use it to pay it was declined and I was wondering if I could get some help thank you,card_issues,card_issues
I just got my new card and it's it's not working with the machine it's it's declining my purchases going to have some milk please thanks,card_issues,card_issues
hi there I've just tried to use my card and got declined so I just wondering if you could help me with that please,card_issues,card_issues
yes good afternoon like I've got a debit card that I've had with your bank for a very long time in my payment would actually took lie that makes you at the shops right now industry embarrassing so if I can get some assistance with that immediately that'll be very good thank you,card_issues,card_issues
yeah my card isn't working I can't make any online payments and just not going through could you help me,card_issues,card_issues
hi my debit card isn't working it's not letting me use it can you please help,card_issues,card_issues
my bank card doesn't work the payment not going through,card_issues,card_issues
hello I'm pulling up I'm having troubles with my card and not working and I'm unable to meet payment with it,card_issues,card_issues
I tried to use my card day and it doesn't work if you help me and tell me why,card_issues,card_issues
hi can you please can I please get assistance with my card that I require help for read it as my payment had been acquired,card_issues,card_issues
I recently received a new card and I've tried to make a payment at a store but it keeps beeping and declining my payment I'm not sure whether it's the chick that is faulty or whether I need a new card can you please assist,card_issues,card_issues
for some reason my card keeps getting declined,card_issues,card_issues
my car doesn't seem to work,card_issues,card_issues
hello I was completing my grocery shopping a bit earlier in the day and my card declined I've logged into my online account and I see that I have funds available so can you tell me why my card is declining,card_issues,card_issues
can you help me with my card I can't use my card because it doesn't work,card_issues,card_issues
I've tried to pay using my card but it doesn't seem to be working,card_issues,card_issues
hello I was wondering if you could please help me with my card,card_issues,card_issues
the card that I've got isn't working on my payment keeps getting two kinds,card_issues,card_issues
I'm having some problems using my bank card,card_issues,card_issues
yeah I was trying to use my credit card today but it was being declined,card_issues,card_issues
hello my card is being declined The Checkout I need to work out why it's not working thanks,card_issues,card_issues
I'm having some issues with my card are you able to help me with that,card_issues,card_issues
I'm having trouble with my new car it's not working can you have a look and see why,card_issues,card_issues
hello I'm having issues with my card payment was declined can you please help,card_issues,card_issues
card not working,card_issues,card_issues
hi there I'm not able to use my card it's not working at the moment why was my payment to kind,card_issues,card_issues
hello ID like to report a problem with my card it's been declined ever since this morning and it just will not work I didn't look at myself nothing suspicious has been taken out but not check the app so I'm a bit confused I would like to have some insight as to why doesn't work,card_issues,card_issues
you help me with my card it doesn't work,card_issues,card_issues
my bank card doesn't work and refuses to pay out can you please help me,card_issues,card_issues
yeah hello my card doesn't seem to be working and I'm trying to find out why my payment was declined can you help me out please thanks,card_issues,card_issues
I was trying to make a payment using length of a car and it's not working,card_issues,pay_bill
I'm calling in regards to a loan for a business,business_loan,business_loan
hello I'm calling to follow up on a business loan application that I made I haven't heard anything back since I completed the form online,business_loan,business_loan
I'm calling about taking out a business loan,business_loan,business_loan
I'm kind of to find out about your business loans,business_loan,business_loan
I'm crying crying about my new business then I'm looking to contact to ask for it,business_loan,business_loan
I am calling to enquire about my existing business loan as well as options to take out a new loan,business_loan,business_loan
hey there I'm just calling about establishing a new loans my small business and we're just currently getting off the ground and I was wondering if you could let me a hand in in setting that up or just the application process thanks,business_loan,business_loan
I would like to take out a new business loan,business_loan,business_loan
hi I'm just calling you at a question with an existing business loan that I have,business_loan,business_loan
I'm calling to find out about new business loans,business_loan,business_loan
I'm calling about a business loan,business_loan,business_loan
I'm just wondering I have a business and I'm looking to take out a new business loan how do I do that what's the first step,business_loan,business_loan
hi there I'm calling about a business loan I was wondering if I could get some information from you please,business_loan,business_loan
I want a new business loan,business_loan,business_loan
I am just calling in regards to any listing on your business loans you may have,business_loan,business_loan
I have a question about an existing loan,business_loan,business_loan
I want to apply for a business loan,business_loan,business_loan
crafternoon look I'm actually looking to take out a business loan I was just looking for some information regarding that thank you,business_loan,business_loan
I have a question about an existing loan,business_loan,business_loan
I am calling about a business loan,business_loan,business_loan
I would like to start a new business loan,business_loan,business_loan
I'm looking for an existing business loan if I can't establish existing business line,business_loan,business_loan
ID like to set up a new business loan,business_loan,business_loan
good morning I'm calling about a business loan and I wondering what the criteria to be eligible for a loan for a business loan would be and how soon after applying that I would receive the funds,business_loan,business_loan
hi I'm calling to enquire about taking out a brand new business loan so I just like more information about that please,business_loan,business_loan
I'm inquiring about a business lawn could I please get in the sisters please,business_loan,business_loan
hi there I'm calling about getting a new business line,business_loan,business_loan
hi I am calling today I asked about my existing business loan,business_loan,business_loan
hi I'm needing to look to extend the time period for my business loan thank you,business_loan,business_loan
I just want to ask a question about getting a loan for my business,business_loan,business_loan
I'm calling about applying for a business loan,business_loan,business_loan
hello I was just wondering if I could please get a new business loan,business_loan,business_loan
hello ID like to enquire about a new business loan and all the information required trip thank you,business_loan,business_loan
yes good morning just want to make an enquiry about taking a new bank loan please,business_loan,business_loan
hello I have a question about a business loan I would like to discuss with the bank if there are any specific details or someone in particular I can contact please let me know,business_loan,business_loan
help playing for a new business loan,business_loan,business_loan
speak with you about taking out a new loan for my business,business_loan,business_loan
I'm a small business are and I am ID like to know how I can apply for a new business loan,business_loan,business_loan
new business loan,business_loan,business_loan
hi there I have a question about the existing loan,business_loan,business_loan
I'm going about a business loan I was just wondering what the process would be to open a new loan,business_loan,business_loan
I have a question about a business loan,business_loan,business_loan
existing line,business_loan,balance
hello I was hoping to get some information about what I need to do to apply for a business loan,business_loan,business_loan
hello I would like some information on a business loan please,business_loan,business_loan
did you get some information about Ellie,business_loan,joint_account
oh hi I'm just calling about some recent transactions that are showing up on my statement there's a payment there that I don't recognise can you help me with that please,latest_transactions,latest_transactions
I have a transaction to a company I don't know and I was wondering what I can do about this,latest_transactions,latest_transactions
hello ID like to enquire about my recent transactions could you please check if there's been any payments or transactions that isn't familiar to previous transaction,latest_transactions,latest_transactions
can I please see my recent transactions,latest_transactions,latest_transactions
are they just calling about some recent transactions I just don't recognise the payment thanks,latest_transactions,latest_transactions
I was wondering if I could get some information on two of these payments I don't know where they came from,latest_transactions,latest_transactions
list my recent transactions,latest_transactions,latest_transactions
you got a mate want to look at my most recent transaction to something but don't know what it's for can you identify it so that we can look into it find out what it's going on it doesn't seem right thank you,latest_transactions,latest_transactions
my last transaction,latest_transactions,latest_transactions
ah yes good afternoon could I please grab a list of the most recent transactions please I'll my savings account,latest_transactions,latest_transactions
show me my latest transaction,latest_transactions,latest_transactions
hi I would like to see my lease transactions there is here nothing else payment,latest_transactions,latest_transactions
I am calling about some reason a transaction on my account there is some outgoing payments to Bob's boxes but I didn't ever go to Bob's boxes,latest_transactions,latest_transactions
yes good morning I'm just ringing you know the species transaction on my account I just know soon noticed recently just don't recognise where the transaction was carried out so I just wonder if you could check it out for me and see if there's any more details on the transaction,latest_transactions,latest_transactions
I am calling about recent transactions show me some of my recent transactions,latest_transactions,latest_transactions
show me my latest transaction,latest_transactions,latest_transactions
hi ID like to get a recall on my recent transactions because some of them are looking a bit suspicious at least thought id normally spend or where I normally spend it I'm concerned that someone has access to my account,latest_transactions,latest_transactions
I would like to review my recent transactions on me account,latest_transactions,latest_transactions
I am call about recent transactions,latest_transactions,latest_transactions
I just want to check on what's been happening with my money recently,latest_transactions,latest_transactions
I want to see my latest transaction,latest_transactions,latest_transactions
hi there ID like to see my latest transaction,latest_transactions,latest_transactions
hi I'm calling about the recent transactions on my account as a payment that I did not recognise and I was just wondering could you some more information about this payment,latest_transactions,latest_transactions
could you show me my latest transaction please,latest_transactions,latest_transactions
hi just wanting to make an enquiry about my recent transactions can you help me that please,latest_transactions,latest_transactions
ok thank you,latest_transactions,balance
I need to clarify this most recent transaction,latest_transactions,latest_transactions
calling about recent transactions,latest_transactions,latest_transactions
hi I'm calling about my last transaction was a payment that I don't recognise and I wanted you to check it out,latest_transactions,latest_transactions
there's a payment that I don't know,latest_transactions,latest_transactions
hey that I'm just calling about some recent transactions I'm not really too sure where the come from and I was wondering if you didn't let me a hand in helping me out with these I might need to dispute them ID like I've honestly no idea where they come from thanks,latest_transactions,latest_transactions
could you show me my latest transactions and payments are not sure about,latest_transactions,latest_transactions
can you show me a list of my most recent transactions,latest_transactions,latest_transactions
show me my latest transaction,latest_transactions,latest_transactions
yes I recognise the payment,latest_transactions,latest_transactions
so I was looking at my recent transactions and there's is payment which I don't know where it came from but it's for $900 and in the last day I don't remember all four rising to pay that to anyone what do I do,latest_transactions,latest_transactions
recent transactions,latest_transactions,latest_transactions
yes I recognise the payment,latest_transactions,latest_transactions
I am calling about a recent transaction,latest_transactions,latest_transactions
I have a query about a transaction I don't recognise,latest_transactions,latest_transactions
I am calling about some recent transactions can I please see my statements from my recent transactions,latest_transactions,latest_transactions
hi there's been some unusual transaction on my car can I have a list of the recent transactions a week prior to now,latest_transactions,latest_transactions
hello I was just going through my bank statement that I've noticed a transaction listed but I don't recall approving,latest_transactions,latest_transactions
I'm calling about recent transaction,latest_transactions,latest_transactions
show me my most recent transaction,latest_transactions,latest_transactions
please show me my most recent transactions,latest_transactions,latest_transactions
hi ID like to see a list of my recent transactions my bank account please,latest_transactions,latest_transactions
display the latest transaction,latest_transactions,latest_transactions
there's a pain in I'm not too sure about can you please show me my latest transaction,latest_transactions,latest_transactions
I'm calling about some recent transactions I want to know what these are my most recent transactions,latest_transactions,latest_transactions
desert induction on my statement that I don't recognise and I was hoping you'd give me some more information about it,latest_transactions,latest_transactions
hello I was wondering if you could please show me my latest transaction,latest_transactions,latest_transactions
ID like you to show me my recent transactions please,latest_transactions,latest_transactions
I have a question about Direct debits,direct_debit,direct_debit
how can I stop a direct debit,direct_debit,direct_debit
I want to cancel a direct debit,direct_debit,direct_debit
hi I'm calling to enquire about my current direct debit as well as my options in revoking those Direct debits,direct_debit,direct_debit
I want to know about my direct debit,direct_debit,direct_debit
hello is this the bank I have a question about direct debits at short and simple what what are they don't exactly know what they are so I can't really understand how to use them,direct_debit,direct_debit
good evening I am wishing to ask a question about direct debits can you please inform me how about doing it what are the rules and what needs to be done to proceed with this request thank you very much,direct_debit,direct_debit
I'm just wondering if you can tell me about how long it takes for direct debits to show up in my account and where I can buy my most recent direct debits that I've made,direct_debit,latest_transactions
Isaiah if you could guide me through Direct debits,direct_debit,direct_debit
can you tell me about direct debit,direct_debit,direct_debit
what is direct debits and how does it work can you please explain to me,direct_debit,direct_debit
I are you able to show me my direct debit transactions and accounts please I want to return it thank you,direct_debit,direct_debit
hi just calling so I could get a return or a list of my direct debits to my account please,direct_debit,direct_debit
ah yes good afternoon to catch is like a lift of my Direct debits please but I currently have active,direct_debit,direct_debit
could you please show me how my direct debits work and how many I've got,direct_debit,direct_debit
hello IT company has asked me to set up a direct debit for my billing can you please show me how I would set up a direct debit for my transaction account,direct_debit,direct_debit
show me my direct debit,direct_debit,direct_debit
how about take someone today about my direct debit please,direct_debit,direct_debit
please return me to the direct debits,direct_debit,direct_debit
ID like to see which direct debits are made in the past week,direct_debit,latest_transactions
hello I'm calling up if they have some questions about direct debits that have been made out of my account I want to if possible cancel the direct debit,direct_debit,direct_debit
hi I'm trying to find out more about direct debits basically I am trying to find out if you could tell me about how direct debits work on my account and show me where I can see my direct debits on my account,direct_debit,direct_debit
hi I have a direct debit set up to pay my electricity bill and today it's failed can you please check and tell me that my direct debits are ok and still in place,direct_debit,direct_debit
how do I free information about my recent Direct debits,direct_debit,latest_transactions
can you please tell me about Direct debits,direct_debit,direct_debit
show me my Direct debits,direct_debit,direct_debit
hi I'm just calling about direct debits I'm not sure which Direct debits on my account that you just show me how I can view my direct debit and also possibly can I return a direct debit,direct_debit,direct_debit
how can I view my direct debit history,direct_debit,direct_debit
I just have some questions about direct debits can you please help me with that,direct_debit,direct_debit
direct debit,direct_debit,direct_debit
hi I had a question about direct debits can you please tell me how I can see all my Direct debits,direct_debit,direct_debit
I need some information about direct debit,direct_debit,direct_debit
show me my Direct debits please,direct_debit,direct_debit
I would like to know more about Direct debits,direct_debit,direct_debit
hello I want to return a direct debit,direct_debit,direct_debit
hi about to cancel one of my Direct debits please I don't need to be paying anymore,direct_debit,direct_debit
I want to find out some more information about setting up a direct debit,direct_debit,direct_debit
I would like to see the direct debits on my account,direct_debit,direct_debit
eat my account that your bank so what are my customers asked me to make some famous truetype direct debit and I wanted to enquire on how to use it like I've never use it before and I need to set it up and can you guys call him back and help me guide me to set it up and give me some more information about it thank you,direct_debit,direct_debit
hello I'm I'm just calling about setting up a direct debit I'm I'm just hoping that you could help me I have never do this on the app and I just want to talk to someone about it to help you said everything up,direct_debit,direct_debit
tell me my Direct debits,direct_debit,direct_debit
hi ID like to know about bit more about my direct debits if you can just help me out ill just show me where my direct debits are the Great,direct_debit,direct_debit
how do I set up a direct debit,direct_debit,direct_debit
could you please help me to return a direct debit,direct_debit,direct_debit
you know mate I'm trying to find out how direct debits work and I want to set up some direct debits could you help me up please thank you,direct_debit,direct_debit
can you please tell me about Direct debits,direct_debit,direct_debit
oh hi there I'm just curious about the some direct debits that are on my account how can I find out where those are please,direct_debit,direct_debit
I want to make a large online payment and I've received a confirmation code via SMS,high_value_payment,high_value_payment
and wanting to make a payment of a large amount and I saw that I will need to get a code by text and I just want to know more about how was work,high_value_payment,high_value_payment
ID like to make a payment and put a larger one but I don't know why I getting a text message Laura like that text message you could just,high_value_payment,high_value_payment
I am attempting to make a large payment however it is saying that I am receiving a text message with a code I do not know where I'm supposed to put this code or what I am supposed to do with this code,high_value_payment,high_value_payment
trying to lodge payment online and it says I'm getting a text message,high_value_payment,pay_bill
hello I'm trying to pay a large amount into an account and I'm not entirely sure what I supposed to you supposed to do with the confirmation code that I get for your SMS could you help me with that,high_value_payment,high_value_payment
hello there I am wishing to pay a very large amount online,high_value_payment,high_value_payment
what phone number will the SMS be sent by so I know it's not scam I want to know the two large amount or not,high_value_payment,high_value_payment
hi I'm traffic lights payment prefer lots of money I do not know what to do with my messages and apparently chords,high_value_payment,high_value_payment
hi I'm trying to make a large transaction online with my bank account and it says I'm getting a text message for verification,high_value_payment,high_value_payment
high-priced payment,high_value_payment,high_value_payment
I'm trying to make a large payment,high_value_payment,high_value_payment
make a large payment and it says on leaving SMS code,high_value_payment,high_value_payment
hello I need a confirmation code to make a large payment,high_value_payment,high_value_payment
I'm trying to make a large payment online and it says I'm getting a text message,high_value_payment,high_value_payment
trying to make a large payment online payment code what am I supposed to do,high_value_payment,high_value_payment
I am trying to make a large online payment but SMS message isn't coming through,high_value_payment,high_value_payment
hi I'm trying to make a payment online it's telling me I should be getting a text message,high_value_payment,pay_bill
I'm trying to make a large payment online and it says I'm getting a text message,high_value_payment,high_value_payment
I go to a webpage with my bank and I've got to make a huge payment and it comes up with you still box saying it's going to send me an SMS code then yeah I have to listen out for the beep beep on my mobile phone or to make a banking transaction I thought it a bit Court of annoying you actually not it might be secured it's kind of irritating,high_value_payment,high_value_payment
I tried to pay for something online with a large sum of money and am receiving text messages from my bank with codes I'm not too sure what to do with these codes can you explain it to me,high_value_payment,high_value_payment
I want to pay a fairly big amount,high_value_payment,high_value_payment
I'm making a large payment online and I'm getting a text message with a code and I'm not sure what it's supposed to do,high_value_payment,high_value_payment
I was trying to make a large payment and it said that I'll get a code via SMS what is actually do I do with this code,high_value_payment,high_value_payment
hello I was ring up to you try and transfer a large amount of money I'm waiting for an SMS to be sent to me and then it would be good if you could help to let me know what's the next step,high_value_payment,high_value_payment
hi there I would like to Macca's large payment I believe I will receive an SMS code for confirmation,high_value_payment,high_value_payment
hi I'm trying to make a large payment for a lot of money online and it's saying I need to get a text message what's the text message for,high_value_payment,high_value_payment
I'm trying to make a large payment online I was told I was going to get an SMS message but I have not received,high_value_payment,high_value_payment
I'm trying to make a large payment online it says I'm getting a text message,high_value_payment,high_value_payment
hi I want to make a payment which is quite large it's saying that I'm eating an SMS code to be able to finalise that what does that mean,high_value_payment,high_value_payment
hi I'm trying to make a large withdrawal repayment but I keep finding these text messages and not sure what to do with them,high_value_payment,high_value_payment
so wanting to pay a really big amount of money but it says I need a confirmation code from SMS I don't have a mobile phone I'm calling on a landline my phone got stolen the other day is there anyway I can do it without an SMS,high_value_payment,high_value_payment
I'm trying to make a high priced payment online but I'm not receiving the SMS code can you help,high_value_payment,high_value_payment
I'm trying to pay a large amount and I'm supposed to get a confirmation code via SMS but I'm not too sure what to do with it,high_value_payment,high_value_payment
high level payment,high_value_payment,high_value_payment
I'm trying to make a payment for a large purchase online and it says I'm supposed to get a text message to confirm the purchase but I haven't received it yet,high_value_payment,high_value_payment
I'm trying to put through a large transaction and it says I'm going to get a text message with the confirmation code but it hasn't come through,high_value_payment,high_value_payment
I want to make a large transaction,high_value_payment,high_value_payment
g'day mate I'm making a large purchase online it says ill send me an SMS verification code or something not sure how that works could you explain it thanks,high_value_payment,high_value_payment
hey there I'm just got a large payment that I've got to make I'm a bit confused because my online application keeps denying me it into the minion SMS but I'm not really too sure what to do with them I was just wondering if you could lend me a hand fairly urgent that I get this you know large transaction sort it out thanks,high_value_payment,high_value_payment
hi there I'm just trying to buy something that has a large price tag and when I went to make the payment I got a message saying that I should get some sort of SMS code I'm just not sure it supposed to happen he can you help me with that please,high_value_payment,high_value_payment
I would like to make the large payment and receive confirmation code via SMS,high_value_payment,high_value_payment
I need to make the large online payment and I'm confused about the SMS code,high_value_payment,high_value_payment
hello I'm trying to make a large payment online and this isn't getting a text message,high_value_payment,high_value_payment
hi I'm having some trouble purchasing a product on lies a large purchase and it's saying after respond to a text message or I've just received text message I'm so I'm not too sure where these SMS messages are going so he can help me out that that be great thank you,high_value_payment,high_value_payment
where can I deposit money into my account what ATMs work,cash_deposit,cash_deposit
I was wondering if you could help me transfer some money into my account,cash_deposit,high_value_payment
where can I deposit cash into my account please,cash_deposit,cash_deposit
"hello I'm looking for information on what the quickest way to deposit $1,000 in the account my bank account will be",cash_deposit,cash_deposit
hi just calling to ask how I can transfer money into the account,cash_deposit,high_value_payment
I'm just wondering how I can deposit money into the account,cash_deposit,cash_deposit
can you tell me how to transfer money into my account,cash_deposit,high_value_payment
hi how can I deposit money into my account,cash_deposit,cash_deposit
how can I deposit money into my account,cash_deposit,cash_deposit
I want to deposit money into my account,cash_deposit,cash_deposit
so I got some money that I want a deposit into my account how do I do that,cash_deposit,cash_deposit
I would like to enquire about depositing some money so I just I'm on the app right I just can't find wet the tablet I can deposit the money so if you don't me out of,cash_deposit,cash_deposit
formation regarding how I can put money into my account,cash_deposit,cash_deposit
can I deposit money how do I transfer money to the account where can I deposit money,cash_deposit,cash_deposit
I want to deposit money into my account,cash_deposit,cash_deposit
hello I need some assistance to help me put some money into the account,cash_deposit,cash_deposit
hi there ID like to deposit some money into my account I was wondering if you could help you with that please,cash_deposit,cash_deposit
yeah and where do I enter the payment code where does it go do I have to put it on a form or,cash_deposit,pay_bill
ID like to deposit money into my account,cash_deposit,cash_deposit
hi am I able to get some money in my bank account be really greatly appreciated thank you,cash_deposit,cash_deposit
example can I can I deposit money,cash_deposit,cash_deposit
could you please help me deposit the money in my account today,cash_deposit,cash_deposit
where in the app is the option to deposit money into my account,cash_deposit,cash_deposit
I want to deposit money in my account and so how can I go about how can I go about how do I do that,cash_deposit,cash_deposit
a Christmas overseas from cash as a present and I don't like the idea of carrying a lot of cash around and would like to deposit into my account is there an easier way or how long is or does it take for it to clear into my account is an instant or is there are a few days but need to wait for it to clear I'm looking at using that money to purchase something online,cash_deposit,cash_deposit
hey there I'm just having some issues with depositing money into my account of tried a couple of different ways but I'm wondering if you could just give me a hand just got out this issue thanks,cash_deposit,cash_deposit
I would like to deposit money into my account,cash_deposit,cash_deposit
hi I'm calling about depositing money into my account how do I transfer the money into my account,cash_deposit,cash_deposit
how do I transfer money from my account to my 718 account,cash_deposit,high_value_payment
I want to put some money into my account and I'm not sure how to go about doing that,cash_deposit,cash_deposit
hi can you tell me how to transfer money from my bank account please thanks,cash_deposit,high_value_payment
how can I deposit money into my account,cash_deposit,cash_deposit
could you please help me to deposit some money into my account,cash_deposit,cash_deposit
hi is this the bank how can I deposit money into my account I made the accountant yesterday and I'm not entirely sure the steps I need to do but I have to do it online or go in person with cash I'm sick of fused,cash_deposit,cash_deposit
good morning I want if you explain to me I'm wishing to actually deposit money into an account yeah my account and,cash_deposit,cash_deposit
how can I deposit money into my account,cash_deposit,cash_deposit
deposit money,cash_deposit,cash_deposit
hello where can I deposit money,cash_deposit,cash_deposit
I deposit money,cash_deposit,cash_deposit
how do I transfer money to my account,cash_deposit,high_value_payment
how can I transfer money into the account,cash_deposit,high_value_payment
hi hello I'm trying to find out how to transfer money to another account thanks,cash_deposit,high_value_payment
can I deposit money into my bank account,cash_deposit,cash_deposit
